-1.059521120000000110e+03 1.217437280000000101e+03 -4.269934720000000198e+03 -3.608412864000000263e+04 -2.835331727999999930e+04 -3.873308640000000196e+03 -3.717442720000000008e+03 -6.002532944000000134e+04
5.838177600000000211e+02 -3.386138240000000224e+03 -3.461067360000000008e+03 3.000654976000000170e+04 5.758289759999999660e+03 -1.470706287999999950e+04 -2.576341120000000046e+03 -6.631572800000000143e+02
-6.002532944000000134e+04 -6.002532944000000134e+04 -6.002532944000000134e+04 -2.522224319999999807e+03 2.901900160000000142e+03 -1.016783151999999973e+04 -8.599247728000000643e+04 -6.757872351999999955e+04
-9.221860319999999774e+03 -8.855248799999999392e+03 -1.430667723199999891e+05 1.256606399999999894e+03 -8.064666720000000169e+03 -8.240796640000000480e+03 7.119894672000000719e+04 1.344392432000000008e+04
-3.525905008000000089e+04 -6.131981759999999667e+03 -1.582475359999999910e+03 -1.430667723199999891e+05 -1.430667723199999891e+05 -1.430667723199999891e+05 -3.072999839999999949e+03 3.536306399999999940e+03
-1.238213839999999982e+04 -1.048623379200000054e+05 -8.244842287999999826e+04 -1.123131007999999929e+04 -1.078414320000000043e+04 -1.744553507199999876e+05 1.222944320000000062e+03 -9.822461439999999129e+03
-1.003518576000000030e+04 8.612323967999999877e+04 1.576656016000000091e+04 -4.345953328000000329e+04 -7.464756959999999708e+03 -1.929967200000000048e+03 -1.744553507199999876e+05 -1.744553507199999876e+05
-1.744553507199999876e+05 -3.256424800000000232e+03 3.757875360000000001e+03 -1.313860543999999936e+04 -1.114814423999999999e+05 -8.772826768000000448e+04 -1.192157344000000012e+04 -1.143893264000000090e+04
-3.296499839999999949e+03 3.811086240000000089e+03 -1.331943183999999928e+04 -1.132389987200000032e+05 -8.919347407999999996e+04 -1.208621248000000014e+04 -1.159441712000000007e+04 -1.882967832000000053e+05
6.026275200000000041e+02 -1.056138224000000082e+04 -1.078931647999999950e+04 9.116227663999999641e+04 1.538874383999999918e+04 -4.810845247999999992e+04 -8.026332000000000335e+03 -2.072220479999999952e+03
-1.882967832000000053e+05 -1.882967832000000053e+05 -1.882967832000000053e+05 -3.291088159999999789e+03 3.799619200000000092e+03 -1.327892768000000069e+04 -1.130038886400000047e+05 -8.905541663999999582e+04
-1.204952272000000085e+04 -1.156049279999999999e+04 -1.880043379199999908e+05 4.006311999999999784e+02 -1.053213055999999960e+04 -1.075725167999999940e+04 9.014724095999999554e+04 1.460211919999999918e+04
-4.859309584000000177e+04 -8.000727840000000469e+03 -2.069598080000000209e+03 -1.880043379199999908e+05 -1.880043379199999908e+05 -1.880043379199999908e+05 -3.271920799999999872e+03 3.763382399999999961e+03
-1.316111039999999957e+04 -1.118701536000000051e+05 -8.814637360000000626e+04 -1.194126527999999962e+04 -1.145893440000000010e+04 -1.864717596799999883e+05 4.295252800000000093e+02 -1.043793872000000010e+04
-1.066270224000000053e+04 8.870146416000000318e+04 1.390396479999999974e+04 -4.862301503999999841e+04 -7.931568000000000211e+03 -2.060395840000000135e+03 -1.864717596799999883e+05 -1.864717596799999883e+05
-1.864717596799999883e+05 -3.238377919999999904e+03 3.716250720000000001e+03 -1.300581664000000092e+04 -1.102918740799999941e+05 -8.684392287999999826e+04 -1.179727167999999983e+04 -1.132347551999999996e+04
-3.195608960000000025e+03 3.665781440000000202e+03 -1.283040192000000025e+04 -1.085249247999999934e+05 -8.538875311999999394e+04 -1.163816352000000006e+04 -1.116925455999999940e+04 -1.822900091200000024e+05
9.624923199999999497e+02 -1.017283791999999994e+04 -1.039319103999999970e+04 8.569907839999999851e+04 1.293093519999999990e+04 -4.792743536000000313e+04 -7.732122559999999794e+03 -2.013502559999999903e+03
-1.822900091200000024e+05 -1.822900091200000024e+05 -1.822900091200000024e+05 -3.158633119999999963e+03 3.611926879999999983e+03 -1.265799104000000079e+04 -1.067118451199999981e+05 -8.389436655999999493e+04
-1.148112944000000061e+04 -1.101653551999999945e+04 -1.800641398399999889e+05 1.228546720000000050e+03 -1.003776048000000083e+04 -1.025420384000000013e+04 8.417870623999999953e+04 1.250236352000000079e+04
-4.746100576000000001e+04 -7.630564159999999902e+03 -1.986563360000000102e+03 -1.800641398399999889e+05 -1.800641398399999889e+05 -1.800641398399999889e+05 -3.124279680000000099e+03 3.552040800000000218e+03
-1.248801183999999921e+04 -1.049882369599999947e+05 -8.249078655999999319e+04 -1.132559727999999996e+04 -1.086519920000000093e+04 -1.778355051199999871e+05 1.327506560000000036e+03 -9.905353119999999763e+03
-1.011726687999999922e+04 8.257312992000000668e+04 1.196346032000000014e+04 -4.708473904000000039e+04 -7.532629439999999704e+03 -1.964702080000000024e+03 -1.778355051199999871e+05 -1.778355051199999871e+05
-1.778355051199999871e+05 -3.089044159999999920e+03 3.484788160000000062e+03 -1.231827103999999963e+04 -1.034615710399999953e+05 -8.130269632000000274e+04 -1.116932608000000073e+04 -1.071584159999999974e+04
-3.049803519999999935e+03 3.421397600000000239e+03 -1.214600319999999920e+04 -1.020955628799999977e+05 -8.028279727999999886e+04 -1.101467599999999948e+04 -1.056779520000000048e+04 -1.734325432000000146e+05
8.355204800000000205e+02 -9.644829600000000937e+03 -9.846372960000000603e+03 7.896754447999999684e+04 1.035554767999999967e+04 -4.679398640000000159e+04 -7.333851520000000164e+03 -1.920145119999999906e+03
-1.734325432000000146e+05 -1.734325432000000146e+05 -1.734325432000000146e+05 -3.002504960000000210e+03 3.367852960000000166e+03 -1.196620191999999952e+04 -1.008090372800000041e+05 -7.933916240000000107e+04
-1.085592544000000089e+04 -1.041285903999999937e+04 -1.712679427199999918e+05 4.451166400000000181e+02 -9.506009280000000217e+03 -9.705144800000000032e+03 7.706666207999999460e+04 9.414749760000000606e+03
-4.678673904000000039e+04 -7.228121119999999792e+03 -1.889224639999999908e+03 -1.712679427199999918e+05 -1.712679427199999918e+05 -1.712679427199999918e+05 -2.950128479999999854e+03 3.326180640000000039e+03
-1.178580464000000029e+04 -9.955290768000000389e+04 -7.843092991999999504e+04 -1.068899776000000020e+04 -1.025513359999999921e+04 -1.691296139200000034e+05 1.078760000000000048e+02 -9.361991840000000593e+03
-9.556454719999999725e+03 7.520060992000000260e+04 8.497243519999999990e+03 -4.678707280000000173e+04 -7.116502239999999802e+03 -1.851199839999999995e+03 -1.691296139200000034e+05 -1.691296139200000034e+05
-1.691296139200000034e+05 -2.901590239999999994e+03 3.293805919999999787e+03 -1.161353679999999986e+04 -9.825138671999999497e+04 -7.747551807999999437e+04 -1.053244047999999930e+04 -1.010477471999999943e+04
-2.856484960000000228e+03 3.263862880000000132e+03 -1.144584624000000076e+04 -9.679905392000000575e+04 -7.634268895999999950e+04 -1.038782704000000012e+04 -9.956871359999999186e+03 -1.649320335999999952e+05
-2.836959999999999837e+01 -9.087664960000000065e+03 -9.276000959999999395e+03 7.194623536000000604e+04 7.118099519999999757e+03 -4.646170448000000033e+04 -6.906209600000000137e+03 -1.785663680000000113e+03
-1.649320335999999952e+05 -1.649320335999999952e+05 -1.649320335999999952e+05 -2.812142560000000231e+03 3.230033919999999853e+03 -1.128046816000000035e+04 -9.520747168000000238e+04 -7.505237279999999737e+04
-1.024040048000000024e+04 -9.809969279999999344e+03 -1.628723767999999982e+05 2.062875200000000007e+02 -8.953445760000000519e+03 -9.139064000000000306e+03 7.058635408000000461e+04 6.729126080000000002e+03
-4.605778336000000127e+04 -6.802434079999999994e+03 -1.756817279999999982e+03 -1.628723767999999982e+05 -1.628723767999999982e+05 -1.628723767999999982e+05 -2.773521760000000086e+03 3.186502080000000205e+03
-1.112026336000000083e+04 -9.356220175999999628e+04 -7.370343408000000636e+04 -1.009304543999999987e+04 -9.673079999999999927e+03 -1.608384195199999958e+05 5.025710399999999822e+02 -8.823970719999999346e+03
-9.009684320000000298e+03 6.929806432000000495e+04 6.433176319999999578e+03 -4.557752655999999843e+04 -6.703378880000000208e+03 -1.737554560000000038e+03 -1.608384195199999958e+05 -1.608384195199999958e+05
-1.608384195199999958e+05 -2.741480799999999817e+03 3.139132000000000062e+03 -1.096613775999999962e+04 -9.191573983999999473e+04 -7.234817776000000595e+04 -9.951483519999999771e+03 -9.542436799999999494e+03
-2.712992000000000189e+03 3.084466879999999946e+03 -1.081818671999999970e+04 -9.036284991999999329e+04 -7.108332271999999648e+04 -9.814546560000000682e+03 -9.417157600000000457e+03 -1.568463638400000054e+05
8.721387200000000348e+02 -8.588812959999999293e+03 -8.771570400000000518e+03 6.672806463999999687e+04 5.784323040000000219e+03 -4.464755200000000332e+04 -6.529823680000000422e+03 -1.706824800000000096e+03
-1.568463638400000054e+05 -1.568463638400000054e+05 -1.568463638400000054e+05 -2.681594720000000052e+03 3.022792800000000170e+03 -1.066992576000000008e+04 -8.900082304000000295e+04 -7.002020175999999628e+04
-9.677800320000000283e+03 -9.291687680000000910e+03 -1.548876455999999889e+05 7.290271999999999935e+02 -8.472139999999999418e+03 -8.648556000000000495e+03 6.526011664000000019e+04 5.223224799999999959e+03
-4.438397695999999996e+04 -6.446240639999999985e+03 -1.691829439999999977e+03 -1.548876455999999889e+05 -1.548876455999999889e+05 -1.548876455999999889e+05 -2.645644000000000233e+03 2.969558079999999791e+03
-1.052073503999999957e+04 -8.781392479999999341e+04 -6.914868287999999302e+04 -9.539361440000000584e+03 -9.162808639999999286e+03 -1.529533871999999974e+05 3.965783999999999878e+02 -8.351581120000000737e+03
-8.525470079999999143e+03 6.366786688000000140e+04 4.491742079999999987e+03 -4.427848496000000159e+04 -6.356769119999999930e+03 -1.673186560000000100e+03 -1.529533871999999974e+05 -1.529533871999999974e+05
-1.529533871999999974e+05 -2.608620480000000043e+03 2.920829119999999875e+03 -1.037314160000000084e+04 -8.671125328000000445e+04 -6.836327408000000287e+04 -9.403330400000000736e+03 -9.031903200000000652e+03
-2.569880479999999807e+03 2.875795360000000073e+03 -1.022473760000000038e+04 -8.562226592000000528e+04 -6.759390959999999905e+04 -9.270470079999999143e+03 -8.898566080000000511e+03 -1.491570340800000122e+05
-3.359294399999999996e+02 -8.109867360000000190e+03 -8.280895520000000033e+03 6.046005184000000008e+04 2.933559679999999844e+03 -4.418615264000000025e+04 -6.170697919999999613e+03 -1.621024640000000090e+03
-1.491570340800000122e+05 -1.491570340800000122e+05 -1.491570340800000122e+05 -2.532475519999999960e+03 2.837937440000000151e+03 -1.007826463999999942e+04 -8.448681440000000293e+04 -6.676308560000000580e+04
-9.137347519999999349e+03 -8.769782400000000052e+03 -1.472943433599999989e+05 -5.281275200000000041e+02 -7.990929600000000391e+03 -8.159740639999999985e+03 5.898187647999999899e+04 2.277459040000000186e+03
-4.407288880000000063e+04 -6.083372000000000298e+03 -1.597256159999999909e+03 -1.472943433599999989e+05 -1.472943433599999989e+05 -1.472943433599999989e+05 -2.498884959999999865e+03 2.799936479999999847e+03
-9.937227199999999357e+03 -8.321533183999999892e+04 -6.576931519999999728e+04 -9.007705599999999322e+03 -8.649461919999999736e+03 -1.454549204800000007e+05 -4.835705600000000004e+02 -7.878690880000000107e+03
-8.042519360000000233e+03 5.769573232000000280e+04 1.821423680000000104e+03 -4.380704896000000008e+04 -5.999598240000000260e+03 -1.578565599999999904e+03 -1.454549204800000007e+05 -1.454549204800000007e+05
-1.454549204800000007e+05 -2.466391039999999975e+03 2.763151359999999841e+03 -9.798883680000000822e+03 -8.179706639999999607e+04 -6.462320719999999710e+04 -8.884405119999999442e+03 -8.530881760000000213e+03
-2.432490560000000187e+03 2.736092959999999948e+03 -9.659205120000000534e+03 -8.030806768000000739e+04 -6.340896448000000237e+04 -8.761939039999999295e+03 -8.404267519999999422e+03 -1.418446862400000100e+05
5.893247999999999820e+01 -7.653188320000000203e+03 -7.813273919999999634e+03 5.554257504000000336e+04 1.393352640000000065e+03 -4.284965840000000026e+04 -5.825089439999999740e+03 -1.543878400000000056e+03
-1.418446862400000100e+05 -1.418446862400000100e+05 -1.418446862400000100e+05 -2.401188639999999850e+03 2.706936639999999898e+03 -9.522196640000000116e+03 -7.881904511999999522e+04 -6.219033520000000135e+04
-8.641451680000000124e+03 -8.280895520000000033e+03 -1.400733027200000070e+05 3.367400000000000091e+02 -7.546027519999999640e+03 -7.704134399999999914e+03 5.452796848000000318e+04 1.242588480000000118e+03
-4.231256704000000173e+04 -5.741387200000000121e+03 -1.521826399999999921e+03 -1.400733027200000070e+05 -1.400733027200000070e+05 -1.400733027200000070e+05 -2.374392479999999978e+03 2.656371999999999844e+03
-9.390003839999999400e+03 -7.742702752000000328e+04 -6.106332304000000295e+04 -8.522060960000000705e+03 -8.168537599999999657e+03 -1.383240427199999976e+05 4.506951999999999998e+02 -7.448331199999999626e+03
-7.602337599999999838e+03 5.344222336000000359e+04 9.856648000000000138e+02 -4.186222944000000280e+04 -5.666362720000000081e+03 -1.503636479999999892e+03 -1.383240427199999976e+05 -1.383240427199999976e+05
-1.383240427199999976e+05 -2.345641439999999875e+03 2.591646400000000085e+03 -9.260242720000000190e+03 -7.621566943999999785e+04 -6.012889039999999659e+04 -8.402002720000000409e+03 -8.062640320000000429e+03
-2.308975519999999960e+03 2.538840799999999945e+03 -9.125618239999999787e+03 -7.516530288000000292e+04 -5.936903807999999844e+04 -8.275579200000000128e+03 -7.952880960000000414e+03 -1.348907966399999859e+05
2.979999999999999982e+00 -7.240756320000000414e+03 -7.388731200000000172e+03 5.085555952000000252e+04 -6.277071999999999719e+01 -4.143277567999999883e+04 -5.500627040000000306e+03 -1.463966719999999896e+03
-1.348907966399999859e+05 -1.348907966399999859e+05 -1.348907966399999859e+05 -2.269401119999999992e+03 2.499171040000000175e+03 -8.989682559999999285e+03 -7.420490847999999824e+04 -5.869741760000000068e+04
-8.145961119999999937e+03 -7.838234400000000278e+03 -1.332062622400000109e+05 -3.642275200000000268e+02 -7.131950560000000223e+03 -7.278638079999999718e+03 4.946041887999999744e+04 -7.338905600000000504e+02
-4.136387808000000223e+04 -5.406840479999999843e+03 -1.437885760000000118e+03 -1.332062622400000109e+05 -1.332062622400000109e+05 -1.332062622400000109e+05 -2.234094079999999849e+03 2.461670720000000074e+03
-8.860779679999999644e+03 -7.327784239999999409e+04 -5.806108032000000094e+04 -8.027380960000000414e+03 -7.728475040000000263e+03 -1.315427547199999972e+05 -6.930288000000000466e+02 -7.027793599999999969e+03
-7.172097120000000359e+03 4.808058352000000014e+04 -1.398835839999999962e+03 -4.130082128000000375e+04 -5.329741920000000391e+03 -1.419624319999999898e+03 -1.315427547199999972e+05 -1.315427547199999972e+05
-1.315427547199999972e+05 -2.199788320000000112e+03 2.426625919999999951e+03 -8.733354880000000776e+03 -7.229246368000000075e+04 -5.735939759999999660e+04 -7.914379359999999906e+03 -7.619597759999999653e+03
-2.163551519999999982e+03 2.400330399999999827e+03 -8.605548640000000887e+03 -7.115918159999999625e+04 -5.648818864000000031e+04 -7.797038880000000063e+03 -7.508312640000000101e+03 -1.282778190400000021e+05
-7.859571200000000317e+02 -6.821887520000000222e+03 -6.955105440000000272e+03 4.576004559999999765e+04 -2.293455680000000029e+03 -4.087339392000000225e+04 -5.174543520000000171e+03 -1.379382399999999961e+03
-1.282778190400000021e+05 -1.282778190400000021e+05 -1.282778190400000021e+05 -2.129698719999999867e+03 2.371579360000000179e+03 -8.482367360000000190e+03 -6.988684080000000540e+04 -5.545939727999999741e+04
-7.682082400000000234e+03 -7.400913440000000264e+03 -1.266758663999999990e+05 -5.194497599999999693e+02 -6.722331680000000233e+03 -6.852021279999999933e+03 4.486328016000000207e+04 -2.453445920000000115e+03
-4.041943263999999908e+04 -5.093320639999999912e+03 -1.359690560000000005e+03 -1.266758663999999990e+05 -1.266758663999999990e+05 -1.266758663999999990e+05 -2.104833599999999933e+03 2.336057760000000144e+03
-8.364764639999999417e+03 -6.855754623999999603e+04 -5.436886031999999977e+04 -7.577400959999999941e+03 -7.298997440000000097e+03 -1.250939155199999950e+05 -2.000175999999999874e+02 -6.631620479999999588e+03
-6.759951200000000426e+03 4.403453024000000005e+04 -2.528470400000000154e+03 -3.988498752000000241e+04 -5.025066719999999805e+03 -1.348581120000000055e+03 -1.250939155199999950e+05 -1.250939155199999950e+05
-1.250939155199999950e+05 -2.082662400000000162e+03 2.305542559999999867e+03 -8.248163200000000870e+03 -6.722295919999999751e+04 -5.326621263999999792e+04 -7.474435999999999694e+03 -7.195722560000000158e+03
-2.053601439999999911e+03 2.272142719999999827e+03 -8.130179039999999986e+03 -6.597307567999999446e+04 -5.224822080000000278e+04 -7.366893759999999929e+03 -7.091446399999999812e+03 -1.219890415999999968e+05
2.222126399999999933e+02 -6.448505439999999908e+03 -6.577169920000000275e+03 4.233869567999999708e+04 -2.753806079999999838e+03 -3.887924943999999959e+04 -4.894995679999999993e+03 -1.315205120000000079e+03
-1.219890415999999968e+05 -1.219890415999999968e+05 -1.219890415999999968e+05 -2.029046239999999898e+03 2.228348640000000159e+03 -8.016486079999999674e+03 -6.491121824000000197e+04 -5.143072336000000359e+04
-7.264405600000000049e+03 -6.991175360000000182e+03 -1.204656179200000042e+05 1.104507200000000040e+02 -6.358914719999999761e+03 -6.483860160000000178e+03 4.130389663999999902e+04 -3.110762400000000071e+03
-3.858093951999999990e+04 -4.829364160000000084e+03 -1.299852159999999913e+03 -1.204656179200000042e+05 -1.204656179200000042e+05 -1.204656179200000042e+05 -2.006422080000000051e+03 2.185961119999999937e+03
-7.905034080000000358e+03 -6.401452431999999681e+04 -5.078759167999999772e+04 -7.165016639999999825e+03 -6.891857920000000377e+03 -1.189612185599999939e+05 -1.794198399999999936e+02 -6.267893600000000333e+03
-6.392362240000000384e+03 4.013571280000000115e+04 -3.633359039999999823e+03 -3.843794720000000234e+04 -4.766474240000000464e+03 -1.287693760000000111e+03 -1.189612185599999939e+05 -1.189612185599999939e+05
-1.189612185599999939e+05 -1.972187840000000051e+03 2.152251360000000204e+03 -7.788098880000000463e+03 -6.320076976000000286e+04 -5.023200048000000243e+04 -7.056711519999999837e+03 -6.786842719999999645e+03
-1.935474240000000009e+03 2.121187840000000051e+03 -7.669733280000000377e+03 -6.239788623999999982e+04 -4.967817343999999866e+04 -6.949312320000000000e+03 -6.680850080000000162e+03 -1.160085630399999936e+05
-7.993075199999999541e+02 -6.067303839999999582e+03 -6.192749920000000202e+03 3.773721807999999874e+04 -4.788788480000000163e+03 -3.828496592000000237e+04 -4.624268640000000232e+03 -1.239560799999999972e+03
-1.160085630399999936e+05 -1.160085630399999936e+05 -1.160085630399999936e+05 -1.906317919999999958e+03 2.089361440000000130e+03 -7.558090559999999641e+03 -6.153547424000000319e+04 -4.905511503999999695e+04
-6.852736479999999574e+03 -6.584488800000000083e+03 -1.145598300799999997e+05 -9.444454399999999623e+02 -5.978452159999999822e+03 -6.105090240000000449e+03 3.666656367999999929e+04 -5.256219360000000052e+03
-3.814016176000000269e+04 -4.553296959999999672e+03 -1.218152479999999969e+03 -1.145598300799999997e+05 -1.145598300799999997e+05 -1.145598300799999997e+05 -1.882740160000000060e+03 2.059442239999999856e+03
-7.453480639999999767e+03 -6.054079791999999725e+04 -4.828393871999999828e+04 -6.759569760000000315e+03 -6.496495359999999891e+03 -1.131291678399999946e+05 -8.717096000000000231e+02 -5.897229280000000472e+03
-6.024534880000000157e+03 3.576562623999999778e+04 -5.536267840000000433e+03 -3.785927887999999803e+04 -4.486258880000000318e+03 -1.205016640000000052e+03 -1.131291678399999946e+05 -1.131291678399999946e+05
-1.131291678399999946e+05 -1.857159840000000031e+03 2.037056479999999965e+03 -7.349466720000000350e+03 -5.941140176000000065e+04 -4.736879263999999966e+04 -6.664638880000000427e+03 -6.407762880000000223e+03
-1.826978399999999965e+03 2.018795039999999972e+03 -7.239397439999999733e+03 -5.821437152000000060e+04 -4.639197247999999672e+04 -6.568563680000000204e+03 -6.311425439999999981e+03 -1.103212688000000053e+05
-2.919684799999999996e+02 -5.720551040000000285e+03 -5.846378560000000107e+03 3.436500239999999758e+04 -5.627241280000000188e+03 -3.688114751999999862e+04 -4.352993279999999686e+03 -1.172856479999999920e+03
-1.103212688000000053e+05 -1.103212688000000053e+05 -1.103212688000000053e+05 -1.803329120000000103e+03 1.990473120000000108e+03 -7.136074880000000121e+03 -5.701784191999999894e+04 -4.540626000000000204e+04
-6.479092160000000149e+03 -6.220928799999999683e+03 -1.089435552000000025e+05 4.529600000000000293e-01 -5.636348160000000462e+03 -5.763534560000000056e+03 3.371941520000000310e+04 -5.615225919999999860e+03
-3.634095696000000316e+04 -4.292225120000000061e+03 -1.158361760000000004e+03 -1.089435552000000025e+05 -1.089435552000000025e+05 -1.089435552000000025e+05 -1.783112800000000107e+03 1.950207360000000108e+03
-7.040357280000000173e+03 -5.591064080000000104e+04 -4.450393983999999909e+04 -6.391432480000000396e+03 -6.137751040000000103e+03 -1.352090844799999904e+05 1.295227199999999925e+02 -5.560036320000000160e+03
-5.687365759999999682e+03 3.299200912000000244e+04 -5.706771520000000237e+03 -3.589774751999999717e+04 -4.236868639999999687e+03 -1.149302560000000085e+03 -1.352090844799999904e+05 -1.352090844799999904e+05
-1.352090844799999904e+05 -1.763039520000000039e+03 1.904220000000000027e+03 -6.944711199999999735e+03 -5.497060575999999855e+04 -4.377805952000000252e+04 -6.304774080000000140e+03 -6.055836800000000039e+03
-1.738388959999999997e+03 1.868579199999999901e+03 -6.846132800000000316e+03 -5.417957072000000335e+04 -4.321317072000000189e+04 -6.213252319999999600e+03 -5.969750560000000405e+03 -1.877243609599999909e+05
-2.782604799999999727e+02 -5.414230880000000070e+03 -5.529521120000000337e+03 3.111410847999999896e+04 -6.426739520000000084e+03 -3.545840015999999741e+04 -4.128229760000000169e+03 -1.128132640000000038e+03
-1.877243609599999909e+05 -1.877243609599999909e+05 -1.877243609599999909e+05 -1.710901440000000093e+03 1.842832000000000107e+03 -6.744908159999999953e+03 -5.347331072000000131e+04 -4.274502464000000327e+04
-6.117344000000000051e+03 -5.878872479999999996e+03 -1.936216855999999971e+05 -6.247272000000000389e+02 -5.333079520000000230e+03 -5.447654559999999947e+03 3.006221615999999995e+04 -6.940348479999999654e+03
-3.538471072000000277e+04 -4.066531840000000102e+03 -1.106032960000000003e+03 -1.936216855999999971e+05 -1.936216855999999971e+05 -1.936216855999999971e+05 -1.688038880000000063e+03 1.813365759999999909e+03
-6.649309760000000097e+03 -5.279842416000000230e+04 -4.230913408000000345e+04 -6.027538720000000467e+03 -5.795194080000000213e+03 -1.959565990400000010e+05 -9.410124799999999823e+02 -5.257101440000000366e+03
-5.371104320000000371e+03 2.901964528000000064e+04 -7.449141760000000431e+03 -3.532501535999999760e+04 -4.006717279999999846e+03 -1.087318559999999934e+03 -1.959565990400000010e+05 -1.959565990400000010e+05
-1.959565990400000010e+05 -1.670158879999999954e+03 1.786855679999999893e+03 -6.558121759999999995e+03 -5.207638208000000304e+04 -4.181323823999999877e+04 -5.943502720000000409e+03 -5.716760479999999916e+03
-1.655044319999999971e+03 1.763945439999999962e+03 -6.469460799999999836e+03 -5.120464863999999943e+04 -4.115034320000000298e+04 -5.863662559999999758e+03 -5.639733439999999973e+03 -1.972470582400000130e+05
-1.048888480000000072e+03 -5.119067839999999705e+03 -5.231211199999999735e+03 2.733761407999999938e+04 -8.061758240000000114e+03 -3.490860207999999693e+04 -3.903060959999999795e+03 -1.065004320000000007e+03
-1.972470582400000130e+05 -1.972470582400000130e+05 -1.972470582400000130e+05 -1.638308639999999968e+03 1.738889599999999973e+03 -6.383207680000000437e+03 -5.018715744000000268e+04 -4.032915056000000186e+04
-5.784060800000000199e+03 -5.564351359999999659e+03 -1.973919815999999992e+05 -7.994267200000000457e+02 -5.052935679999999593e+03 -5.162575840000000426e+03 2.673372304000000076e+04 -8.089913279999999759e+03
-3.448022112000000197e+04 -3.852949279999999817e+03 -1.057160959999999932e+03 -1.973919815999999992e+05 -1.973919815999999992e+05 -1.973919815999999992e+05 -1.620118719999999939e+03 1.716050880000000006e+03
-6.295667199999999866e+03 -4.909795552000000316e+04 -3.943078783999999723e+04 -5.704363680000000386e+03 -5.488873919999999998e+03 -1.974493644799999893e+05 -4.944892800000000079e+02 -4.986159840000000258e+03
-5.091866399999999885e+03 2.620383136000000013e+04 -8.028024639999999636e+03 -3.396379903999999806e+04 -3.799190079999999853e+03 -1.049174559999999929e+03 -1.974493644799999893e+05 -1.974493644799999893e+05
-1.974493644799999893e+05 -1.600689120000000003e+03 1.696668959999999970e+03 -6.207435360000000401e+03 -4.800045728000000236e+04 -3.852446255999999994e+04 -5.623999039999999695e+03 -5.411656160000000455e+03
-1.575371039999999994e+03 1.676142720000000054e+03 -6.115651359999999841e+03 -4.699600656000000163e+04 -3.772200815999999759e+04 -5.542776160000000345e+03 -5.329980319999999665e+03 -1.974810716799999936e+05
-8.110367999999999711e+01 -4.847387200000000121e+03 -4.944249120000000403e+03 2.511710880000000179e+04 -7.968782240000000456e+03 -3.297031472000000213e+04 -3.691194880000000012e+03 -1.023570399999999950e+03
-1.974810716799999936e+05 -1.974810716799999936e+05 -1.974810716799999936e+05 -1.545070400000000063e+03 1.651516000000000076e+03 -6.018884799999999814e+03 -4.616675600000000122e+04 -3.710700768000000244e+04
-5.458620960000000196e+03 -5.243298079999999572e+03 -1.974846238400000148e+05 -1.975382400000000018e+02 -4.771385280000000421e+03 -4.866196960000000217e+03 2.437878399999999965e+04 -8.179456320000000233e+03
-3.268416319999999905e+04 -3.638293920000000071e+03 -1.005690399999999954e+03 -1.974846238400000148e+05 -1.974846238400000148e+05 -1.974846238400000148e+05 -1.523781279999999924e+03 1.619045920000000024e+03
-5.929699359999999615e+03 -4.549778175999999803e+04 -3.665974543999999878e+04 -5.379090720000000147e+03 -5.163338719999999739e+03 -1.974860303999999887e+05 -4.943700800000000299e+02 -4.703179039999999986e+03
-4.797752319999999600e+03 2.350597776000000158e+04 -8.565187519999999495e+03 -3.254632031999999890e+04 -3.587800799999999981e+03 -9.893123199999999997e+02 -1.974860303999999887e+05 -1.974860303999999887e+05
-1.974860303999999887e+05 -1.504947679999999991e+03 1.588769119999999930e+03 -5.844805119999999988e+03 -4.491093632000000071e+04 -3.629613775999999780e+04 -5.303899360000000343e+03 -5.087384479999999712e+03
-1.475862879999999905e+03 1.567003200000000106e+03 -5.751709920000000238e+03 -4.433324543999999878e+04 -3.594025424000000203e+04 -5.222175839999999880e+03 -5.007711199999999735e+03 -1.974868171199999924e+05
-1.146823200000000043e+03 -4.561474079999999958e+03 -4.652018399999999929e+03 2.167837951999999859e+04 -9.459902720000000045e+03 -3.242652432000000044e+04 -3.478542080000000169e+03 -9.524318399999999656e+02
-1.974868171199999924e+05 -1.974868171199999924e+05 -1.974868171199999924e+05 -1.455575039999999944e+03 1.539086559999999963e+03 -5.667340159999999742e+03 -4.369395199999999750e+04 -3.551330367999999726e+04
-5.147961919999999736e+03 -4.939218880000000354e+03 -1.974869124799999991e+05 -1.299661440000000084e+03 -4.497153760000000148e+03 -4.584980319999999665e+03 2.088300560000000041e+04 -9.791731680000000779e+03
-3.229890880000000107e+04 -3.426499359999999797e+03 -9.376033599999999524e+02 -1.974869124799999991e+05 -1.974869124799999991e+05 -1.974869124799999991e+05 -1.441867040000000088e+03 1.516772320000000036e+03
-5.592577919999999722e+03 -4.291700639999999839e+04 -3.493392016000000149e+04 -5.079612640000000283e+03 -4.873730400000000373e+03 -1.974869363200000080e+05 -1.233553120000000035e+03 -4.440581439999999930e+03
-4.526381599999999708e+03 2.026063855999999942e+04 -9.937847040000000561e+03 -3.202403359999999884e+04 -3.382657600000000002e+03 -9.308804800000000341e+02 -1.974869363200000080e+05 -1.974869363200000080e+05
-1.974869363200000080e+05 -1.421912960000000112e+03 1.504470880000000079e+03 -5.513643680000000131e+03 -4.200441120000000228e+04 -3.421337999999999738e+04 -5.007139040000000023e+03 -4.801256800000000112e+03
-1.404152160000000094e+03 1.484874399999999923e+03 -5.436950399999999718e+03 -4.102790095999999903e+04 -3.342668383999999787e+04 -4.937645440000000235e+03 -4.736054399999999987e+03 -1.974869601599999878e+05
-6.786532799999999952e+02 -4.310820319999999811e+03 -4.399052160000000185e+03 1.937281311999999889e+04 -9.787941119999999501e+03 -3.109682447999999931e+04 -3.286534720000000107e+03 -9.102350400000000263e+02
-1.974869601599999878e+05 -1.974869601599999878e+05 -1.974869601599999878e+05 -1.382529279999999972e+03 1.464920319999999947e+03 -5.358564480000000003e+03 -4.004371424000000115e+04 -3.262406255999999848e+04
-4.866649919999999838e+03 -4.671900959999999941e+03 -1.974869601599999878e+05 -3.943851200000000290e+02 -4.243186239999999998e+03 -4.334064320000000407e+03 1.897988223999999900e+04 -9.659562719999999899e+03
-3.057470463999999993e+04 -3.236828320000000076e+03 -8.987680000000000291e+02 -1.974869601599999878e+05 -1.974869601599999878e+05 -1.974869601599999878e+05 -1.359332959999999957e+03 1.441557119999999941e+03
-5.278819679999999607e+03 -3.913843791999999667e+04 -3.189870671999999831e+04 -4.792364480000000185e+03 -4.603194080000000213e+03 -1.974869601599999878e+05 -2.592361599999999839e+02 -4.175504479999999603e+03
-4.265214399999999841e+03 1.851519296000000031e+04 -9.626782719999999244e+03 -3.013418911999999909e+04 -3.185977600000000166e+03 -8.814840000000000373e+02 -1.974869601599999878e+05 -1.974869601599999878e+05
-1.974869601599999878e+05 -1.339641120000000001e+03 1.408657920000000104e+03 -5.201816480000000411e+03 -3.840151967999999761e+04 -3.135572687999999835e+04 -4.719795519999999669e+03 -4.535083200000000033e+03
-1.319257920000000013e+03 1.379430080000000089e+03 -5.122858400000000074e+03 -3.782432944000000134e+04 -3.097836351999999897e+04 -4.647655679999999847e+03 -4.464087679999999636e+03 -1.974869601599999878e+05
-6.406523200000000315e+02 -4.049557760000000144e+03 -4.136907519999999749e+03 1.714866031999999905e+04 -1.010293903999999930e+04 -2.972085120000000097e+04 -3.089997760000000198e+03 -8.502774399999999559e+02
-1.974869601599999878e+05 -1.974869601599999878e+05 -1.974869601599999878e+05 -1.298040320000000065e+03 1.357378079999999954e+03 -5.042946719999999914e+03 -3.732922032000000036e+04 -3.068808768000000055e+04
-4.576016480000000229e+03 -4.390898879999999735e+03 -1.974869601599999878e+05 -9.806107200000000148e+02 -3.986262560000000121e+03 -4.071871999999999844e+03 1.634899519999999939e+04 -1.049453487999999925e+04
-2.965178672000000006e+04 -3.040768160000000080e+03 -8.319683199999999488e+02 -1.974869601599999878e+05 -1.974869601599999878e+05 -1.974869601599999878e+05 -1.278372319999999945e+03 1.335802879999999959e+03
-4.967302399999999579e+03 -3.685029856000000291e+04 -3.042186639999999898e+04 -4.506975840000000062e+03 -4.324003840000000309e+03 -1.974869601599999878e+05 -1.277084959999999910e+03 -3.924850719999999910e+03
-4.010364799999999832e+03 1.555958128000000033e+04 -1.087952704000000085e+04 -2.959314031999999861e+04 -2.996950240000000122e+03 -8.192377599999999802e+02 -1.974869601599999878e+05 -1.974869601599999878e+05
-1.974869601599999878e+05 -1.266762240000000020e+03 1.305263840000000073e+03 -4.903458880000000136e+03 -3.631935792000000220e+04 -3.009385183999999936e+04 -4.447185120000000097e+03 -4.272652479999999741e+03
-1.258155999999999949e+03 1.277871679999999969e+03 -4.843644320000000334e+03 -3.564049008000000322e+04 -2.959576271999999881e+04 -4.391971679999999651e+03 -4.223851999999999862e+03 -1.974869601599999878e+05
-1.355804640000000063e+03 -3.829300000000000182e+03 -3.914289600000000064e+03 1.434669743999999992e+04 -1.128042048000000068e+04 -2.921553856000000087e+04 -2.922617119999999886e+03 -8.137545599999999695e+02
-1.974869601599999878e+05 -1.974869601599999878e+05 -1.974869601599999878e+05 -1.245425439999999981e+03 1.262518720000000030e+03 -4.778561120000000301e+03 -3.481245535999999993e+04 -2.893308223999999973e+04
-4.333515999999999622e+03 -4.167041280000000370e+03 -1.973198179200000013e+05 -1.108107040000000097e+03 -3.778449279999999817e+03 -3.859719840000000204e+03 1.397505567999999948e+04 -1.121009247999999934e+04
-2.879838623999999982e+04 -2.885522080000000187e+03 -8.070078399999999874e+02 -1.974869601599999878e+05 -1.974869601599999878e+05 -1.974869601599999878e+05 -1.229476480000000038e+03 1.249573599999999942e+03
-4.712548160000000280e+03 -3.391504624000000331e+04 -2.819439984000000186e+04 -4.274225919999999860e+03 -4.108371039999999994e+03 -1.960812345600000117e+05 -7.974479999999999791e+02 -3.725548319999999876e+03
-3.805674559999999929e+03 1.366685216000000037e+04 -1.105193792000000030e+04 -2.829731711999999970e+04 -2.846948960000000170e+03 -7.959699200000000019e+02 -1.974869601599999878e+05 -1.974869601599999878e+05
-1.974869601599999878e+05 -1.213312959999999975e+03 1.239584640000000036e+03 -4.642816160000000309e+03 -3.301272608000000037e+04 -2.744904223999999886e+04 -4.212218079999999645e+03 -4.047698240000000169e+03
-1.195695200000000114e+03 1.218867680000000064e+03 -4.571629920000000311e+03 -3.219634911999999895e+04 -2.679790032000000065e+04 -4.149113599999999678e+03 -3.987073120000000017e+03 -1.907864420800000080e+05
-3.762190400000000068e+02 -3.612665919999999915e+03 -3.693268959999999879e+03 1.301168128000000070e+04 -1.081663711999999941e+04 -2.734533824000000095e+04 -2.763556639999999788e+03 -7.662652799999999615e+02
-1.974869601599999878e+05 -1.974869601599999878e+05 -1.974869601599999878e+05 -1.177052320000000009e+03 1.189115360000000010e+03 -4.504448800000000119e+03 -3.154599392000000080e+04 -2.632598751999999877e+04
-4.085842239999999947e+03 -3.928569759999999860e+03 -1.879872208000000101e+05 -4.750835200000000214e+02 -3.558119999999999891e+03 -3.636243680000000040e+03 1.248627152000000024e+04 -1.093657616000000053e+04
-2.707301392000000124e+04 -2.720024800000000141e+03 -7.596616000000000213e+02 -1.974869601599999878e+05 -1.974869601599999878e+05 -1.974869601599999878e+05 -1.160721919999999955e+03 1.164083360000000084e+03
-4.439246399999999994e+03 -3.105100400000000081e+04 -2.601516159999999945e+04 -4.024835680000000139e+03 -3.872188160000000153e+03 -1.853364750399999903e+05 -7.486236800000000358e+02 -3.506649440000000141e+03
-3.584010240000000067e+03 1.183265024000000085e+04 -1.121588559999999961e+04 -2.694992799999999988e+04 -2.680617279999999937e+03 -7.505308800000000247e+02 -1.974869601599999878e+05 -1.974869601599999878e+05
-1.974869601599999878e+05 -1.142293599999999969e+03 1.140934719999999970e+03 -4.374592319999999745e+03 -3.063590192000000025e+04 -2.578181567999999970e+04 -3.965688639999999850e+03 -3.814781440000000202e+03
-1.126821439999999939e+03 1.118262879999999996e+03 -4.312155359999999746e+03 -3.023403104000000167e+04 -2.556341744000000108e+04 -3.909116320000000087e+03 -3.758089919999999893e+03 -1.802503064000000013e+05
-1.354088160000000016e+03 -3.406283039999999801e+03 -3.478422880000000077e+03 1.045307711999999992e+04 -1.189832943999999952e+04 -2.684274336000000039e+04 -2.604734559999999874e+03 -7.327223999999999933e+02
-1.974869601599999878e+05 -1.974869601599999878e+05 -1.974869601599999878e+05 -1.117428480000000036e+03 1.097450559999999996e+03 -4.256083679999999731e+03 -2.977024768000000040e+04 -2.527452432000000044e+04
-3.857717279999999846e+03 -3.711864160000000084e+03 -1.776693880000000063e+05 -1.499965120000000070e+03 -3.361702240000000074e+03 -3.432650079999999889e+03 9.852523680000000240e+03 -1.214187888000000021e+04
-2.673427135999999882e+04 -2.571334719999999834e+03 -7.309582400000000462e+02 -1.974869601599999878e+05 -1.974869601599999878e+05 -1.974869601599999878e+05 -1.105389280000000099e+03 1.085602080000000115e+03
-4.200608000000000175e+03 -2.916711952000000019e+04 -2.482449664000000121e+04 -3.805722240000000056e+03 -3.665066240000000107e+03 -1.749466216000000131e+05 -1.417884000000000015e+03 -3.314189120000000003e+03
-3.383849600000000009e+03 9.428624639999999999e+03 -1.220176496000000043e+04 -2.648173424000000159e+04 -2.536313760000000002e+03 -7.280259200000000419e+02 -1.974869601599999878e+05 -1.974869601599999878e+05
-1.974869601599999878e+05 -1.088820480000000089e+03 1.082145279999999957e+03 -4.139696799999999712e+03 -2.842533792000000176e+04 -2.422976016000000163e+04 -3.749102240000000165e+03 -3.611545439999999871e+03
-1.074254239999999982e+03 1.072609279999999899e+03 -4.079548479999999927e+03 -2.761182175999999890e+04 -2.356436191999999937e+04 -3.693364320000000134e+03 -3.561362239999999929e+03 -1.691172886400000134e+05
-8.151134399999999687e+02 -3.215324639999999818e+03 -3.282958720000000085e+03 8.947366560000000391e+03 -1.188393008000000009e+04 -2.558475423999999839e+04 -2.453231360000000222e+03 -7.111710399999999481e+02
-1.974869601599999878e+05 -1.974869601599999878e+05 -1.974869601599999878e+05 -1.062095839999999953e+03 1.058996640000000070e+03 -4.021045120000000225e+03 -2.679430048000000170e+04 -2.288570864000000074e+04
-3.641846079999999802e+03 -3.511655839999999898e+03 -1.661927643199999875e+05 -5.157784000000000333e+02 -3.169957120000000032e+03 -3.239641439999999875e+03 8.740912159999999858e+03 -1.168174303999999938e+04
-2.509252976000000126e+04 -2.416684639999999945e+03 -7.020641600000000153e+02 -1.974869601599999878e+05 -1.974869601599999878e+05 -1.974869601599999878e+05 -1.046742880000000014e+03 1.039590879999999970e+03
-3.962017280000000028e+03 -2.605964703999999983e+04 -2.228806367999999929e+04 -3.589517280000000028e+03 -3.460423679999999877e+03 -1.633891564800000051e+05 -3.704974399999999832e+02 -3.123445279999999912e+03
-3.192175999999999931e+03 8.454712960000000749e+03 -1.158290240000000085e+04 -2.468918079999999827e+04 -2.383785440000000108e+03 -6.914791999999999916e+02 -1.974869601599999878e+05 -1.974869601599999878e+05
-1.974869601599999878e+05 -1.025620640000000094e+03 1.018349439999999959e+03 -3.899890240000000176e+03 -2.548064496000000145e+04 -2.185970655999999872e+04 -3.532444320000000062e+03 -3.404399679999999989e+03
-1.002448160000000030e+03 1.006429440000000000e+03 -3.834139520000000175e+03 -2.505259776000000056e+04 -2.159601232000000164e+04 -3.473821759999999813e+03 -3.347445920000000115e+03 -1.583653294400000013e+05
-7.038044800000000123e+02 -3.016975840000000062e+03 -3.083894720000000234e+03 7.480276799999999639e+03 -1.189501568000000043e+04 -2.430776464000000124e+04 -2.307402079999999842e+03 -6.603918400000000020e+02
-1.974869601599999878e+05 -1.974869601599999878e+05 -1.974869601599999878e+05 -9.829708799999999655e+02 9.942472000000000207e+02 -3.773633600000000115e+03 -2.471268704000000071e+04 -2.142460271999999895e+04
-3.419895680000000084e+03 -3.294044319999999971e+03 -1.560812905599999940e+05 -1.017681919999999991e+03 -2.967531680000000051e+03 -3.033902239999999892e+03 6.872070719999999710e+03 -1.220417280000000028e+04
-2.426304079999999885e+04 -2.269711040000000139e+03 -6.478519999999999754e+02 -1.974869601599999878e+05 -1.974869601599999878e+05 -1.974869601599999878e+05 -9.669265599999999949e+02 9.800385599999999613e+02
-3.717204319999999825e+03 -2.439120463999999993e+04 -2.127007184000000052e+04 -3.368568159999999807e+03 -3.242025439999999890e+03 -1.538432390400000149e+05 -1.292986239999999952e+03 -2.922807839999999942e+03
-2.986889760000000024e+03 6.269014079999999922e+03 -1.250689312000000064e+04 -2.422930719999999928e+04 -2.236048960000000079e+03 -6.377676800000000412e+02 -1.974869601599999878e+05 -1.974869601599999878e+05
-1.974869601599999878e+05 -9.509060799999999745e+02 9.771062399999999570e+02 -3.656936799999999948e+03 -2.399991872000000149e+04 -2.103767952000000150e+04 -3.315714879999999994e+03 -3.185977600000000166e+03
-9.354815999999999576e+02 9.755327999999999520e+02 -3.599720800000000054e+03 -2.346416240000000107e+04 -2.064284144000000015e+04 -3.266723680000000058e+03 -3.133505760000000009e+03 -1.491114996800000081e+05
-1.326958239999999932e+03 -2.829593440000000101e+03 -2.895511039999999866e+03 5.440907839999999851e+03 -1.272691248000000087e+04 -2.388465232000000105e+04 -2.169869119999999839e+03 -6.082776000000000067e+02
-1.974869601599999878e+05 -1.974869601599999878e+05 -1.974869601599999878e+05 -9.261124800000000050e+02 9.573905600000000504e+02 -3.552255360000000110e+03 -2.279761983999999939e+04 -2.010646528000000035e+04
-3.223692480000000160e+03 -3.095933919999999944e+03 -1.465289363200000080e+05 -1.068651839999999993e+03 -2.791902399999999943e+03 -2.859321919999999864e+03 5.240461119999999937e+03 -1.258947487999999976e+04
-2.350194879999999830e+04 -2.140402880000000096e+03 -6.012924799999999550e+02 -1.974869601599999878e+05 -1.974869601599999878e+05 -1.974869601599999878e+05 -9.173870399999999563e+02 9.384139199999999619e+02
-3.503240319999999883e+03 -2.206127376000000004e+04 -1.950371856000000116e+04 -3.177538239999999860e+03 -3.055739680000000135e+03 -1.438767124799999874e+05 -7.515083200000000261e+02 -2.756166240000000016e+03
-2.821392479999999978e+03 5.094846400000000358e+03 -1.237200640000000021e+04 -2.304326719999999841e+04 -2.116515199999999822e+03 -5.956662400000000162e+02 -1.974869601599999878e+05 -1.974869601599999878e+05
-1.974869601599999878e+05 -9.051094399999999496e+02 9.262555200000000468e+02 -3.449981760000000122e+03 -2.131999279999999999e+04 -1.889837327999999980e+04 -3.131789279999999962e+03 -3.007177599999999984e+03
-8.946198399999999538e+02 9.063491199999999708e+02 -3.401681919999999991e+03 -2.066231871999999930e+04 -1.838810192000000097e+04 -3.090474560000000110e+03 -2.962906719999999950e+03 -1.387489668799999927e+05
-3.273470399999999927e+02 -2.680331200000000081e+03 -2.741647680000000037e+03 4.748498880000000099e+03 -1.202949712000000000e+04 -2.219461088000000018e+04 -2.065306880000000092e+03 -5.769279999999999973e+02
-1.974869601599999878e+05 -1.974869601599999878e+05 -1.974869601599999878e+05 -8.840587199999999939e+02 8.801966400000000021e+02 -3.355193920000000162e+03 -2.016494480000000112e+04 -1.805353136000000086e+04
-3.047204960000000028e+03 -2.922021119999999883e+03 -1.364769672000000137e+05 -4.251148800000000278e+02 -2.641758080000000064e+03 -2.702597760000000108e+03 4.377286240000000362e+03 -1.209381744000000072e+04
-2.196991888000000108e+04 -2.034743999999999915e+03 -5.776670400000000427e+02 -1.974869601599999878e+05 -1.974869601599999878e+05 -1.974869601599999878e+05 -8.716142399999999952e+02 8.644145600000000513e+02
-3.306774879999999939e+03 -1.981261344000000099e+04 -1.787089312000000064e+04 -3.003005599999999959e+03 -2.879633600000000115e+03 -1.344093955199999909e+05 -6.921705600000000231e+02 -2.604233920000000126e+03
-2.666861600000000180e+03 3.878052799999999934e+03 -1.231710288000000037e+04 -2.188461936000000060e+04 -2.001630239999999958e+03 -5.743056000000000267e+02 -1.974869601599999878e+05 -1.974869601599999878e+05
-1.974869601599999878e+05 -8.608623999999999796e+02 8.551408000000000129e+02 -3.257092320000000200e+03 -1.953342320000000109e+04 -1.776583023999999932e+04 -2.959497600000000148e+03 -2.836602400000000216e+03
-8.482987200000000030e+02 8.444127999999999474e+02 -3.204072160000000167e+03 -1.926951440000000002e+04 -1.767438000000000102e+04 -2.913367200000000139e+03 -2.791568639999999959e+03 -1.305392575999999972e+05
-1.290030079999999998e+03 -2.526420160000000124e+03 -2.590096799999999803e+03 2.786466879999999946e+03 -1.288659280000000035e+04 -2.183677247999999963e+04 -1.941887199999999893e+03 -5.581420799999999645e+02
-1.974869601599999878e+05 -1.974869601599999878e+05 -1.974869601599999878e+05 -8.274625600000000532e+02 8.467967999999999620e+02 -3.145354240000000118e+03 -1.894366927999999825e+04 -1.751343616000000111e+04
-2.862826399999999921e+03 -2.738524640000000090e+03 -1.285742455999999947e+05 -1.421674559999999929e+03 -2.483889599999999973e+03 -2.545468319999999949e+03 2.349265120000000024e+03 -1.306694239999999991e+04
-2.174632352000000174e+04 -1.902765760000000000e+03 -5.345881600000000162e+02 -1.974869601599999878e+05 -1.974869601599999878e+05 -1.974869601599999878e+05 -8.064356800000000476e+02 8.555699200000000246e+02
-3.090593760000000202e+03 -1.847049295999999958e+04 -1.718709040000000095e+04 -2.814955680000000029e+03 -2.687030240000000049e+03 -1.264527716800000053e+05 -1.332107680000000073e+03 -2.440429279999999835e+03
-2.499504800000000159e+03 2.079730079999999816e+03 -1.306677551999999923e+04 -2.151390736000000106e+04 -1.865885279999999966e+03 -5.148963199999999460e+02 -1.974869601599999878e+05 -1.974869601599999878e+05
-1.974869601599999878e+05 -7.933236799999999675e+02 8.487993599999999788e+02 -3.047276479999999992e+03 -1.786321663999999873e+04 -1.671288896000000022e+04 -2.774046240000000125e+03 -2.651627840000000106e+03
-7.858617600000000039e+02 8.335179200000000037e+02 -3.008059679999999844e+03 -1.719207296000000133e+04 -1.617212623999999960e+04 -2.736188320000000203e+03 -2.621994720000000143e+03 -1.218292420799999963e+05
-7.656454400000000078e+02 -2.371245600000000195e+03 -2.430940959999999905e+03 1.842450559999999996e+03 -1.266676416000000063e+04 -2.069021152000000075e+04 -1.812221440000000030e+03 -5.102475200000000086e+02
-1.974869601599999878e+05 -1.974869601599999878e+05 -1.974869601599999878e+05 -7.753006400000000440e+02 8.266043200000000297e+02 -2.964217920000000049e+03 -1.650643456000000151e+04 -1.560850095999999940e+04
-2.694516000000000076e+03 -2.584756640000000061e+03 -1.194881540800000075e+05 -4.899596799999999917e+02 -2.336081599999999980e+03 -2.391414240000000063e+03 1.758152319999999918e+03 -1.242690992000000006e+04
-2.022614208000000144e+04 -1.787380159999999933e+03 -5.050265600000000177e+02 -1.974869601599999878e+05 -1.974869601599999878e+05 -1.974869601599999878e+05 -7.676718399999999747e+02 8.105123200000000452e+02
-2.924500480000000152e+03 -1.589837152000000060e+04 -1.512462047999999959e+04 -2.658398400000000038e+03 -2.550832319999999982e+03 -1.172728220799999981e+05 -3.652287999999999784e+02 -2.304851200000000063e+03
-2.357346880000000056e+03 1.591343840000000000e+03 -1.229254767999999967e+04 -1.984200816000000123e+04 -1.763969280000000026e+03 -5.025233600000000251e+02 -1.974869601599999878e+05 -1.974869601599999878e+05
-1.974869601599999878e+05 -7.629515199999999595e+02 7.793534399999999778e+02 -2.888907360000000153e+03 -1.545532896000000073e+04 -1.482218624000000091e+04 -2.626071359999999913e+03 -2.521056160000000091e+03
-7.507692799999999806e+02 7.602576000000000249e+02 -2.846400639999999839e+03 -1.516157248000000072e+04 -1.467776352000000043e+04 -2.584446719999999914e+03 -2.483222080000000005e+03 -1.135016916800000035e+05
-7.575398400000000265e+02 -2.243773119999999835e+03 -2.290904799999999796e+03 8.167345599999999877e+02 -1.255285663999999997e+04 -1.952524608000000080e+04 -1.716432320000000118e+03 -4.998294399999999769e+02
-1.974869601599999878e+05 -1.974869601599999878e+05 -1.974869601599999878e+05 -7.417816000000000258e+02 7.428305599999999913e+02 -2.805944160000000011e+03 -1.494014655999999923e+04 -1.460738783999999941e+04
-2.545039200000000164e+03 -2.447915039999999863e+03 -1.118187068799999979e+05 -1.087723840000000109e+03 -2.211016959999999926e+03 -2.257552639999999883e+03 3.132576000000000249e+02 -1.282892383999999947e+04
-1.949649504000000161e+04 -1.689135520000000042e+03 -4.913662400000000048e+02 -1.974869601599999878e+05 -1.974869601599999878e+05 -1.974869601599999878e+05 -7.360838400000000092e+02 7.246883199999999761e+02
-2.768944480000000112e+03 -1.473033071999999993e+04 -1.455396240000000034e+04 -2.511996959999999945e+03 -2.415850240000000213e+03 -1.101720304000000033e+05 -1.383268319999999903e+03 -2.182790399999999863e+03
-2.228324799999999868e+03 -1.908868799999999908e+02 -1.310427584000000024e+04 -1.947885343999999895e+04 -1.671160159999999905e+03 -4.880524800000000027e+02 -1.974869601599999878e+05 -1.974869601599999878e+05
-1.974869601599999878e+05 -7.280259200000000419e+02 7.150569600000000037e+02 -2.730085279999999784e+03 -1.445817328000000089e+04 -1.442992288000000008e+04 -2.479121599999999944e+03 -2.381139200000000073e+03
-7.210884800000000041e+02 7.087631999999999834e+02 -2.691845920000000206e+03 -1.403973359999999957e+04 -1.413990927999999985e+04 -2.445697920000000067e+03 -2.348812159999999949e+03 -1.066124799999999959e+05
-1.461606559999999945e+03 -2.123595679999999902e+03 -2.168414879999999812e+03 -8.265327999999999520e+02 -1.326800895999999921e+04 -1.916321183999999994e+04 -1.627914400000000114e+03 -4.806143999999999892e+02
-1.974869601599999878e+05 -1.974869601599999878e+05 -1.974869601599999878e+05 -7.105035199999999804e+02 7.032323199999999588e+02 -2.652366880000000037e+03 -1.347763407999999981e+04 -1.369636607999999978e+04
-2.408388320000000022e+03 -2.316079839999999876e+03 -1.045923975999999966e+05 -1.213384479999999940e+03 -2.090863359999999830e+03 -2.137279840000000149e+03 -9.260886400000000549e+02 -1.309307104000000072e+04
-1.878856624000000011e+04 -1.604002880000000005e+03 -4.749404799999999796e+02 -1.974869601599999878e+05 -1.974869601599999878e+05 -1.974869601599999878e+05 -7.000615999999999985e+02 6.922420799999999872e+02
-2.611910400000000209e+03 -1.284561183999999957e+04 -1.318118368000000009e+04 -2.370959519999999884e+03 -2.282155519999999797e+03 -1.024914976000000024e+05 -9.142640000000000100e+02 -2.055985439999999926e+03
-2.104476000000000113e+03 -9.703356800000000248e+02 -1.284225040000000081e+04 -1.834120864000000074e+04 -1.576896799999999985e+03 -4.672163199999999961e+02 -1.974869601599999878e+05 -1.974869601599999878e+05
-1.974869601599999878e+05 -6.904063999999999623e+02 6.836358400000000302e+02 -2.574672320000000127e+03 -1.220579392000000007e+04 -1.265648912000000018e+04 -2.336582240000000183e+03 -2.247730559999999969e+03
-6.802028800000000501e+02 6.713343999999999596e+02 -2.538888480000000072e+03 -1.164502944000000025e+04 -1.221060959999999977e+04 -2.303659200000000055e+03 -2.214163840000000164e+03 -9.841504832000000170e+04
-5.277222400000000562e+02 -1.987922240000000102e+03 -2.037127999999999929e+03 -1.120909120000000030e+03 -1.243942591999999968e+04 -1.750838207999999941e+04 -1.529145279999999957e+03 -4.563452800000000025e+02
-1.974869601599999878e+05 -1.974869601599999878e+05 -1.974869601599999878e+05 -6.684974399999999832e+02 6.551470399999999472e+02 -2.498932639999999992e+03 -1.124790272000000004e+04 -1.193964415999999983e+04
-2.267827679999999873e+03 -2.180811679999999797e+03 -9.665446431999999913e+04 -6.400324799999999641e+02 -1.956668000000000120e+03 -2.005849920000000111e+03 -1.388608480000000100e+03 -1.247220592000000033e+04
-1.729110431999999855e+04 -1.504756959999999935e+03 -4.524832000000000107e+02 -1.974869601599999878e+05 -1.974869601599999878e+05 -1.974869601599999878e+05 -6.512849599999999555e+02 6.457302399999999807e+02
-2.454947839999999815e+03 -1.099562783999999920e+04 -1.182075408000000061e+04 -2.227395039999999881e+03 -2.143811999999999898e+03 -9.509184768000000622e+04 -9.178876800000000458e+02 -1.921456320000000005e+03
-1.968111200000000053e+03 -1.783470399999999927e+03 -1.266392720000000008e+04 -1.721753408000000127e+04 -1.475624479999999949e+03 -4.413260799999999904e+02 -1.974869601599999878e+05 -1.974869601599999878e+05
-1.974869601599999878e+05 -6.354075199999999768e+02 6.390312000000000126e+02 -2.412488800000000083e+03 -1.081368095999999969e+04 -1.177417072000000007e+04 -2.188893439999999828e+03 -2.104928960000000188e+03
-6.200307199999999739e+02 6.346446399999999812e+02 -2.369600640000000112e+03 -1.064241439999999966e+04 -1.174456143999999949e+04 -2.149748160000000098e+03 -2.062303039999999783e+03 -9.220432304000000295e+04
-1.517916639999999916e+03 -1.851295200000000023e+03 -1.896281279999999924e+03 -2.665764959999999974e+03 -1.317007423999999992e+04 -1.720761664000000019e+04 -1.423081120000000055e+03 -4.165563200000000279e+02
-1.974869601599999878e+05 -1.974869601599999878e+05 -1.974869601599999878e+05 -6.083967999999999847e+02 6.325705600000000004e+02 -2.330574560000000019e+03 -1.041288287999999920e+04 -1.165361183999999957e+04
-2.113129919999999856e+03 -2.022061120000000074e+03 -9.071522895999999309e+04 -1.649418079999999918e+03 -1.819444960000000037e+03 -1.863548960000000079e+03 -3.006700800000000072e+03 -1.332093375999999989e+04
-1.714358239999999932e+04 -1.403007839999999987e+03 -4.020139199999999846e+02 -1.974869601599999878e+05 -1.974869601599999878e+05 -1.974869601599999878e+05 -6.062035200000000259e+02 6.253470399999999927e+02
-2.300798400000000129e+03 -1.005301807999999983e+04 -1.141442511999999988e+04 -2.085666240000000016e+03 -1.997887359999999944e+03 -8.907622895999999309e+04 -1.563284159999999929e+03 -1.798608799999999974e+03
-1.840686400000000049e+03 -3.192390559999999823e+03 -1.330455567999999948e+04 -1.695157503999999972e+04 -1.385294720000000098e+03 -4.000828799999999887e+02 -1.974869601599999878e+05 -1.974869601599999878e+05
-1.974869601599999878e+05 -6.044155200000000150e+02 6.145713600000000270e+02 -2.273239360000000033e+03 -9.559267840000000433e+03 -1.102511792000000059e+04 -2.060538880000000063e+03 -1.980436480000000074e+03
-5.944265599999999949e+02 6.138799999999999955e+02 -2.238218400000000202e+03 -8.990564640000000509e+03 -1.055761551999999938e+04 -2.028784000000000106e+03 -1.950374240000000100e+03 -8.540191280000000552e+04
-9.810875200000000405e+02 -1.749307680000000119e+03 -1.791337600000000066e+03 -3.226720159999999851e+03 -1.285076128000000062e+04 -1.620106799999999930e+04 -1.347770559999999932e+03 -3.965545599999999808e+02
-1.974869601599999878e+05 -1.974869601599999878e+05 -1.974869601599999878e+05 -5.888956799999999703e+02 6.020076800000000503e+02 -2.207202560000000176e+03 -8.421742239999999583e+03 -1.008179296000000068e+04
-2.000557440000000042e+03 -1.921956959999999981e+03 -8.353688576000000467e+04 -6.837312000000000580e+02 -1.722606880000000046e+03 -1.767378400000000056e+03 -3.209865279999999984e+03 -1.258194144000000051e+04
-1.578527455999999984e+04 -1.329294560000000047e+03 -3.896648000000000138e+02 -1.974869601599999878e+05 -1.974869601599999878e+05 -1.974869601599999878e+05 -5.887287999999999784e+02 5.737096000000000231e+02
-2.184006240000000162e+03 -7.937957120000000032e+03 -9.688742879999999786e+03 -1.978076319999999896e+03 -1.903075679999999920e+03 -8.179661344000000099e+04 -5.355417599999999538e+02 -1.704464639999999918e+03
-1.747662720000000036e+03 -3.278309920000000147e+03 -1.242235648000000037e+04 -1.545880960000000050e+04 -1.317827520000000050e+03 -3.902369600000000105e+02 -1.974869601599999878e+05 -1.974869601599999878e+05
-1.974869601599999878e+05 -5.767849599999999555e+02 5.548759999999999764e+02 -2.152370559999999841e+03 -7.607773119999999835e+03 -9.465409760000000460e+03 -1.948776959999999917e+03 -1.874539199999999937e+03
-5.626716800000000376e+02 5.434566399999999931e+02 -2.117325760000000173e+03 -7.422345599999999649e+03 -9.394843360000000757e+03 -1.914256640000000061e+03 -1.842426719999999932e+03 -7.892508543999999529e+04
-8.443651200000000472e+02 -1.646795679999999948e+03 -1.688253439999999955e+03 -3.833162080000000060e+03 -1.261124079999999958e+04 -1.523345008000000053e+04 -1.270743519999999990e+03 -3.823459199999999782e+02
-1.974869601599999878e+05 -1.974869601599999878e+05 -1.974869601599999878e+05 -5.524681600000000117e+02 5.371867200000000366e+02 -2.083568319999999858e+03 -7.312657760000000053e+03 -9.404188640000000305e+03
-1.881285920000000033e+03 -1.812102239999999938e+03 -7.768790863999999419e+04 -1.137954719999999952e+03 -1.617758559999999989e+03 -1.659788479999999936e+03 -4.230884799999999814e+03 -1.285443264000000090e+04
-1.526246335999999974e+04 -1.250860959999999977e+03 -3.797712000000000216e+02 -1.974869601599999878e+05 -1.974869601599999878e+05 -1.974869601599999878e+05 -5.419547199999999521e+02 5.299632000000000289e+02
-2.050430719999999837e+03 -7.212744319999999789e+03 -9.420042240000000675e+03 -1.851557440000000042e+03 -1.781110239999999976e+03 -7.648167616000000271e+04 -1.392351360000000113e+03 -1.591343840000000000e+03
-1.629344800000000077e+03 -4.621431679999999687e+03 -1.309361936000000060e+04 -1.530084576000000015e+04 -1.232361120000000028e+03 -3.710219200000000228e+02 -1.974869601599999878e+05 -1.974869601599999878e+05
-1.974869601599999878e+05 -5.354464000000000397e+02 5.161121600000000171e+02 -2.021775039999999990e+03 -7.048558240000000296e+03 -9.358344320000000153e+03 -1.826167840000000069e+03 -1.760846240000000080e+03
-5.320849600000000237e+02 5.081496000000000208e+02 -1.995241119999999910e+03 -6.742643360000000030e+03 -9.138396479999999428e+03 -1.802828479999999900e+03 -1.743490720000000010e+03 -7.378351264000000083e+04
-1.387535679999999957e+03 -1.548551040000000057e+03 -1.583309760000000097e+03 -5.035770880000000034e+03 -1.319861072000000058e+04 -1.509744288000000051e+04 -1.201512159999999994e+03 -3.666830400000000054e+02
-1.974869601599999878e+05 -1.974869601599999878e+05 -1.974869601599999878e+05 -5.276030399999999645e+02 5.036200000000000045e+02 -1.964797440000000051e+03 -6.305489279999999781e+03 -8.778293279999999868e+03
-1.776437599999999975e+03 -1.716885279999999966e+03 -7.220044127999999910e+04 -1.112374399999999923e+03 -1.528024799999999914e+03 -1.564428480000000036e+03 -5.030859840000000077e+03 -1.299952288000000044e+04
-1.478726064000000042e+04 -1.182011040000000094e+03 -3.603416000000000281e+02 -1.974869601599999878e+05 -1.974869601599999878e+05 -1.974869601599999878e+05 -5.220006399999999758e+02 4.974692800000000261e+02
-1.932494239999999991e+03 -5.799056160000000091e+03 -8.358685439999999289e+03 -1.748759360000000015e+03 -1.689445439999999962e+03 -7.053793503999999666e+04 -7.815228799999999865e+02 -1.507975359999999910e+03
-1.544736640000000079e+03 -4.970353920000000471e+03 -1.271341904000000068e+04 -1.439742895999999928e+04 -1.158528639999999996e+03 -3.531419200000000274e+02 -1.974869601599999878e+05 -1.974869601599999878e+05
-1.974869601599999878e+05 -5.149439999999999600e+02 4.928919999999999959e+02 -1.900906240000000025e+03 -5.277293920000000071e+03 -7.926823840000000018e+03 -1.720604319999999916e+03 -1.662387040000000070e+03
-5.050504000000000246e+02 4.855731200000000172e+02 -1.868126240000000053e+03 -4.828744319999999789e+03 -7.571011840000000120e+03 -1.690375199999999950e+03 -1.633111519999999928e+03 -6.732930943999999727e+04
-3.429145599999999945e+02 -1.463704480000000103e+03 -1.500537280000000010e+03 -4.909657280000000355e+03 -1.223232783999999992e+04 -1.366835407999999916e+04 -1.116832480000000032e+03 -3.397200000000000273e+02
-1.974869601599999878e+05 -1.974869601599999878e+05 -1.974869601599999878e+05 -4.920814399999999864e+02 4.731048000000000116e+02 -1.834249600000000100e+03 -4.528145760000000337e+03 -7.368419520000000375e+03
-1.657785920000000033e+03 -1.603979039999999941e+03 -6.599128943999999319e+04 -4.327198399999999765e+02 -1.435620959999999968e+03 -1.470546559999999999e+03 -5.074653919999999744e+03 -1.223266159999999945e+04
-1.349882783999999992e+04 -1.102909920000000056e+03 -3.311376000000000204e+02 -1.974869601599999878e+05 -1.974869601599999878e+05 -1.974869601599999878e+05 -4.814249599999999987e+02 4.549148799999999824e+02
-1.805021760000000086e+03 -4.369919679999999971e+03 -7.316043040000000474e+03 -1.629082560000000058e+03 -1.579829120000000103e+03 -6.484487152000000060e+04 -6.971292799999999943e+02 -1.411089600000000019e+03
-1.441628639999999905e+03 -5.374942560000000412e+03 -1.239808735999999953e+04 -1.347117344000000048e+04 -1.088367520000000013e+03 -3.271324799999999868e+02 -1.974869601599999878e+05 -1.974869601599999878e+05
-1.974869601599999878e+05 -4.739868799999999851e+02 4.358428799999999796e+02 -1.779107680000000073e+03 -4.283261279999999715e+03 -7.348989919999999984e+03 -1.604932639999999992e+03 -1.559684320000000071e+03
-4.639025599999999940e+02 4.218011200000000258e+02 -1.749259999999999991e+03 -4.208046080000000075e+03 -7.404870880000000398e+03 -1.578017280000000028e+03 -1.534604640000000018e+03 -6.278325983999999880e+04
-1.291484320000000025e+03 -1.365984320000000025e+03 -1.392565920000000006e+03 -6.088759839999999713e+03 -1.285962975999999981e+04 -1.354722304000000076e+04 -1.050819520000000011e+03 -3.174534400000000005e+02
-1.974869601599999878e+05 -1.974869601599999878e+05 -1.974869601599999878e+05 -4.513865599999999745e+02 4.201323199999999929e+02 -1.716003200000000106e+03 -4.069297280000000228e+03 -7.390686080000000402e+03
-1.549147040000000061e+03 -1.503541120000000092e+03 -6.170240191999999661e+04 -1.426752480000000105e+03 -1.337519360000000006e+03 -1.366461119999999937e+03 -6.348067519999999604e+03 -1.298247727999999915e+04
-1.351186831999999958e+04 -1.026717280000000073e+03 -3.067969600000000128e+02 -1.974869601599999878e+05 -1.974869601599999878e+05 -1.974869601599999878e+05 -4.412068800000000124e+02 4.278326400000000262e+02
-1.685821760000000040e+03 -3.787794559999999819e+03 -7.211671519999999873e+03 -1.523447519999999940e+03 -1.473836479999999938e+03 -6.046248352000000159e+04 -1.348795679999999948e+03 -1.311295360000000073e+03
-1.343574720000000070e+03 -6.448290880000000470e+03 -1.293126895999999942e+04 -1.333750256000000081e+04 -1.007383040000000051e+03 -2.948531199999999899e+02 -1.974869601599999878e+05 -1.974869601599999878e+05
-1.974869601599999878e+05 -4.362481599999999844e+02 4.329582399999999893e+02 -1.661957920000000058e+03 -3.370141599999999926e+03 -6.884038400000000365e+03 -1.502539839999999913e+03 -1.451164639999999963e+03
-4.317900799999999890e+02 4.349846400000000131e+02 -1.640573440000000119e+03 -2.870931999999999789e+03 -6.466957599999999729e+03 -1.483443999999999960e+03 -1.430686079999999947e+03 -5.756632880000000296e+04
-7.967804800000000114e+02 -1.271792480000000069e+03 -1.301592480000000023e+03 -6.332190080000000307e+03 -1.243325136000000020e+04 -1.262659375999999975e+04 -9.735302400000000489e+02 -2.948054399999999760e+02
-1.974869601599999878e+05 -1.974869601599999878e+05 -1.974869601599999878e+05 -4.261399999999999864e+02 4.365580800000000181e+02 -1.618688319999999976e+03 -2.357489919999999984e+03 -6.026251360000000204e+03
-1.462345600000000104e+03 -1.407871200000000044e+03 -5.607187071999999898e+04 -5.218337599999999838e+02 -1.253840959999999995e+03 -1.281662240000000111e+03 -6.240906719999999950e+03 -1.213830287999999928e+04
-1.220905999999999949e+04 -9.584156799999999521e+02 -2.916585600000000227e+02 -1.974869601599999878e+05 -1.974869601599999878e+05 -1.974869601599999878e+05 -4.228500799999999913e+02 4.281664000000000101e+02
-1.596755519999999933e+03 -1.935450399999999945e+03 -5.680738239999999678e+03 -1.442772960000000012e+03 -1.389538240000000087e+03 -5.469942575999999826e+04 -3.932884799999999927e+02 -1.237725120000000061e+03
-1.264211360000000013e+03 -6.239333279999999831e+03 -1.194972847999999976e+04 -1.187499007999999958e+04 -9.472824000000000524e+02 -2.928028800000000160e+02 -1.974869601599999878e+05 -1.974869601599999878e+05
-1.974869601599999878e+05 -4.186542400000000157e+02 4.103340800000000286e+02 -1.573773760000000038e+03 -1.678049919999999929e+03 -5.515312479999999596e+03 -1.422938079999999900e+03 -1.374304480000000012e+03
-4.072110400000000254e+02 4.026099199999999882e+02 -1.545189599999999928e+03 -1.555083200000000033e+03 -5.494023360000000139e+03 -1.397500800000000027e+03 -1.351322720000000118e+03 -5.255241919999999664e+04
-7.650017599999999902e+02 -1.197507039999999961e+03 -1.223731039999999894e+03 -6.677512480000000323e+03 -1.209205328000000009e+04 -1.165535216000000037e+04 -9.191512000000000171e+02 -2.812404799999999909e+02
-1.974869601599999878e+05 -1.974869601599999878e+05 -1.974869601599999878e+05 -3.964353600000000029e+02 4.013464000000000169e+02 -1.516104800000000068e+03 -1.498916159999999991e+03 -5.540773600000000442e+03
-1.372087359999999990e+03 -1.325265599999999949e+03 -5.166664400000000023e+04 -1.077496480000000020e+03 -1.173857760000000098e+03 -1.201702880000000050e+03 -7.016445759999999609e+03 -1.231302623999999923e+04
-1.168036031999999977e+04 -8.986011200000000372e+02 -2.765201599999999758e+02 -1.974869601599999878e+05 -1.974869601599999878e+05 -1.974869601599999878e+05 -3.883536000000000286e+02 3.983187199999999848e+02
-1.489284799999999905e+03 -1.448470720000000028e+03 -5.588882719999999608e+03 -1.347126880000000028e+03 -1.298922399999999925e+03 -5.079872495999999956e+04 -1.345481919999999946e+03 -1.152020320000000083e+03
-1.180437599999999975e+03 -7.347106560000000172e+03 -1.252787232000000040e+04 -1.171285424000000057e+04 -8.827713599999999587e+02 -2.715614400000000046e+02 -1.974869601599999878e+05 -1.974869601599999878e+05
-1.974869601599999878e+05 -3.815591999999999757e+02 3.947665600000000268e+02 -1.464920319999999947e+03 -1.325074879999999894e+03 -5.551215519999999742e+03 -1.321975680000000011e+03 -1.275583039999999983e+03
-3.823935999999999922e+02 3.875430400000000191e+02 -1.447278720000000021e+03 -1.062811040000000048e+03 -5.361425280000000384e+03 -1.303738080000000082e+03 -1.262923999999999978e+03 -4.876379024000000209e+04
-1.375567999999999984e+03 -1.120289279999999962e+03 -1.147204639999999927e+03 -7.648324959999999919e+03 -1.258101167999999961e+04 -1.149402687999999944e+04 -8.620782400000000507e+02 -2.614771200000000135e+02
-1.974869601599999878e+05 -1.974869601599999878e+05 -1.974869601599999878e+05 -3.855404800000000023e+02 3.796281599999999798e+02 -1.430948319999999967e+03 -6.748388800000000174e+02 -5.047714719999999943e+03
-1.290339999999999918e+03 -1.250932479999999941e+03 -4.751660063999999693e+04 -1.121910399999999981e+03 -1.109966560000000072e+03 -1.138979839999999967e+03 -7.598094079999999849e+03 -1.236759599999999955e+04
-1.118165135999999984e+04 -8.535435200000000577e+02 -2.648147200000000225e+02 -1.974869601599999878e+05 -1.974869601599999878e+05 -1.974869601599999878e+05 -3.829180799999999749e+02 3.731675200000000245e+02
-1.412615360000000010e+03 -2.211636799999999994e+02 -4.674380320000000211e+03 -1.276226720000000114e+03 -1.235007360000000062e+03 -4.619042912000000069e+04 -8.122526400000000422e+02 -1.094470559999999978e+03
-1.125081120000000055e+03 -7.496869440000000395e+03 -1.207999023999999918e+04 -1.079341696000000047e+04 -8.410513600000000451e+02 -2.645524800000000027e+02 -1.974869601599999878e+05 -1.974869601599999878e+05
-1.974869601599999878e+05 -3.784361600000000294e+02 3.691862399999999980e+02 -1.392494400000000041e+03 2.466486400000000003e+02 -4.280543520000000171e+03 -1.261374399999999923e+03 -1.218963040000000092e+03
-3.749078400000000215e+02 3.638222400000000221e+02 -1.371324479999999994e+03 6.460639999999999645e+02 -3.957296960000000126e+03 -1.244471839999999929e+03 -1.197888480000000072e+03 -4.361182319999999891e+04
-3.760760000000000218e+02 -1.060284000000000106e+03 -1.091323679999999968e+03 -7.349085280000000239e+03 -1.157334255999999914e+04 -1.005547359999999935e+04 -8.217409599999999728e+02 -2.645047999999999888e+02
-1.974869601599999878e+05 -1.974869601599999878e+05 -1.974869601599999878e+05 -3.683279999999999745e+02 3.541908799999999928e+02 -1.347532159999999976e+03 8.908054399999999760e+02 -3.804434879999999794e+03
-1.223731039999999894e+03 -1.174167680000000018e+03 -4.258002799999999843e+04 -4.558923199999999838e+02 -1.041569600000000037e+03 -1.072895359999999982e+03 -7.465543679999999767e+03 -1.154935951999999997e+04
-9.874718720000000758e+03 -8.091295999999999822e+02 -2.565422399999999925e+02 -1.974869601599999878e+05 -1.974869601599999878e+05 -1.974869601599999878e+05 -3.586012799999999743e+02 3.489699200000000019e+02
-1.322976959999999963e+03 9.987291199999999662e+02 -3.790655360000000201e+03 -1.201607520000000022e+03 -1.150089279999999917e+03 -4.172760495999999694e+04 -7.004192000000000462e+02 -1.019732160000000022e+03
-1.052011520000000019e+03 -7.703776799999999639e+03 -1.168438927999999942e+04 -9.833666240000000471e+03 -7.919171199999999544e+02 -2.466247999999999934e+02 -1.974869601599999878e+05 -1.974869601599999878e+05
-1.974869601599999878e+05 -3.500188800000000242e+02 3.404113600000000019e+02 -1.302689120000000003e+03 1.032105119999999943e+03 -3.858909279999999853e+03 -1.181581920000000082e+03 -1.130707360000000108e+03
-3.479447999999999865e+02 3.206718399999999747e+02 -1.287145440000000008e+03 1.042070240000000013e+03 -3.962613280000000032e+03 -1.165489919999999984e+03 -1.120313120000000026e+03 -4.025827423999999883e+04
-1.268907840000000078e+03 -9.840675200000000586e+02 -1.014797280000000001e+03 -8.301397919999999431e+03 -1.210380639999999948e+04 -9.906568960000000516e+03 -7.643819200000000365e+02 -2.424527999999999963e+02
-1.974869601599999878e+05 -1.974869601599999878e+05 -1.974869601599999878e+05 -3.426523199999999747e+02 3.107543999999999755e+02 -1.267835039999999935e+03 1.124199039999999968e+03 -3.986858560000000125e+03
-1.146179519999999911e+03 -1.105150879999999916e+03 -3.946118383999999787e+04 -1.388989919999999984e+03 -9.690721600000000535e+02 -9.986814399999999523e+02 -8.505563679999999295e+03 -1.221738016000000061e+04
-9.881322400000000926e+03 -7.497918399999999792e+02 -2.370172799999999995e+02 -1.974869601599999878e+05 -1.974869601599999878e+05 -1.974869601599999878e+05 -3.410073600000000056e+02 3.124470400000000154e+02
-1.249788160000000062e+03 1.359046880000000101e+03 -3.833877280000000155e+03 -1.131112640000000056e+03 -1.089797919999999976e+03 -3.848791584000000148e+04 -1.285786560000000009e+03 -9.547443200000000161e+02
-9.863323199999999815e+02 -8.545400320000000647e+03 -1.215418031999999948e+04 -9.711819999999999709e+03 -7.385870400000000018e+02 -2.345855999999999995e+02 -1.974869601599999878e+05 -1.974869601599999878e+05
-1.974869601599999878e+05 -3.445833600000000274e+02 3.127569599999999923e+02 -1.236080159999999978e+03 1.726683520000000044e+03 -3.530108000000000175e+03 -1.123626880000000028e+03 -1.076495200000000068e+03
-3.471580799999999840e+02 3.053665599999999927e+02 -1.225042239999999993e+03 2.159284160000000156e+03 -3.160158879999999954e+03 -1.113494879999999966e+03 -1.067602879999999914e+03 -3.612735055999999895e+04
-6.941969599999999900e+02 -9.427766400000000431e+02 -9.715753600000000461e+02 -8.313246399999999994e+03 -1.162505152000000089e+04 -9.024703520000000935e+03 -7.293132799999999634e+02 -2.371841599999999914e+02
-1.974869601599999878e+05 -1.974869601599999878e+05 -1.974869601599999878e+05 -3.506148800000000278e+02 2.924452800000000252e+02 -1.216221440000000030e+03 2.612315680000000157e+03 -2.767418720000000121e+03
-1.101574879999999894e+03 -1.063669280000000072e+03 -3.489973359999999957e+04 -3.921918400000000133e+02 -9.348617600000000039e+02 -9.623016000000000076e+02 -8.159073120000000017e+03 -1.131277136000000064e+04
-8.631415039999999863e+03 -7.260948799999999892e+02 -2.456950400000000059e+02 -1.974869601599999878e+05 -1.974869601599999878e+05 -1.974869601599999878e+05 -3.476825600000000236e+02 2.825278400000000261e+02
-1.201011520000000019e+03 2.989130720000000110e+03 -2.457093440000000101e+03 -1.084720000000000027e+03 -1.050152000000000044e+03 -3.377486703999999736e+04 -2.351577599999999961e+02 -9.202478399999999965e+02
-9.465433600000000069e+02 -8.086742559999999685e+03 -1.110116752000000088e+04 -8.318991840000000593e+03 -7.195627200000000130e+02 -2.468632000000000062e+02 -1.974869601599999878e+05 -1.974869601599999878e+05
-1.974869601599999878e+05 -3.419609600000000000e+02 2.740884800000000041e+02 -1.182058719999999994e+03 3.202617920000000140e+03 -2.326378720000000158e+03 -1.067531359999999950e+03 -1.032295839999999998e+03
-3.339030399999999759e+02 2.674848000000000070e+02 -1.161794720000000098e+03 3.280527039999999943e+03 -2.337702720000000227e+03 -1.050104319999999916e+03 -1.015011840000000007e+03 -3.212234976000000097e+04
-5.273646400000000085e+02 -8.905431999999999562e+02 -9.140256000000000540e+02 -8.366028159999999843e+03 -1.118708688000000075e+04 -8.129726080000000366e+03 -6.984166400000000294e+02 -2.391867200000000082e+02
-1.974869601599999878e+05 -1.974869601599999878e+05 -1.974869601599999878e+05 -3.243670399999999745e+02 2.650292800000000284e+02 -1.141363839999999982e+03 3.293758240000000114e+03 -2.416374719999999797e+03
-1.028338400000000092e+03 -9.938657600000000230e+02 -3.147478384000000005e+04 -8.002372800000000552e+02 -8.726155199999999468e+02 -8.964316800000000285e+02 -8.617850080000000162e+03 -1.136965359999999964e+04
-8.167154880000000048e+03 -6.800836799999999585e+02 -2.337035199999999975e+02 -1.974869601599999878e+05 -1.974869601599999878e+05 -1.974869601599999878e+05 -3.139728000000000065e+02 2.610003199999999879e+02
-1.118954240000000027e+03 3.302912800000000061e+03 -2.496238719999999830e+03 -1.006405600000000049e+03 -9.695728000000000293e+02 -3.084176032000000123e+04 -1.033130239999999958e+03 -8.523515200000000505e+02
-8.777649599999999737e+02 -8.863163679999999658e+03 -1.154680863999999929e+04 -8.208684160000000702e+03 -6.608924799999999777e+02 -2.271475200000000143e+02 -1.974869601599999878e+05 -1.974869601599999878e+05
-1.974869601599999878e+05 -3.035308800000000247e+02 2.597368000000000166e+02 -1.095519520000000057e+03 3.380178240000000187e+03 -2.490946240000000216e+03 -9.857363199999999779e+02 -9.487604800000000296e+02
-2.986436800000000176e+02 2.621207999999999743e+02 -1.078664639999999963e+03 3.601484960000000228e+03 -2.324733760000000075e+03 -9.707886399999999867e+02 -9.362444799999999532e+02 -2.926934544000000096e+04
-1.003687840000000051e+03 -8.165438400000000456e+02 -8.428870399999999563e+02 -9.002174720000000889e+03 -1.152687839999999960e+04 -8.020848799999999756e+03 -6.335956800000000158e+02 -2.099588799999999935e+02
-1.974869601599999878e+05 -1.974869601599999878e+05 -1.974869601599999878e+05 -2.977854399999999941e+02 2.615009600000000205e+02 -1.067149920000000066e+03 3.954793760000000020e+03 -2.021941919999999982e+03
-9.604659199999999828e+02 -9.273521600000000262e+02 -2.823831311999999889e+04 -7.214222399999999880e+02 -8.079137600000000248e+02 -8.333987200000000257e+02 -8.872914240000000063e+03 -1.127546176000000014e+04
-7.721919039999999768e+03 -6.291614399999999705e+02 -2.136302400000000148e+02 -1.974869601599999878e+05 -1.974869601599999878e+05 -1.974869601599999878e+05 -2.962596800000000030e+02 2.616440000000000055e+02
-1.053227360000000090e+03 4.374926080000000184e+03 -1.653113280000000032e+03 -9.475446399999999585e+02 -9.143831999999999880e+02 -2.712105152000000089e+04 -3.835140799999999786e+02 -7.967089600000000473e+02
-8.240295999999999594e+02 -8.695520800000000236e+03 -1.094983120000000054e+04 -7.348227039999999761e+03 -6.221047999999999547e+02 -2.149652800000000070e+02 -1.974869601599999878e+05 -1.974869601599999878e+05
-1.974869601599999878e+05 -2.922783999999999764e+02 2.621684799999999882e+02 -1.036896960000000036e+03 4.814154239999999845e+03 -1.259061920000000100e+03 -9.316671999999999798e+02 -8.974568000000000438e+02
-2.872243199999999774e+02 2.525132800000000088e+02 -1.021043360000000007e+03 5.187774720000000343e+03 -9.313572800000000598e+02 -9.166480000000000246e+02 -8.839872000000000298e+02 -2.496198191999999835e+04
1.084243199999999945e+02 -7.691022400000000516e+02 -7.951832000000000562e+02 -8.380308320000000094e+03 -1.036541743999999926e+04 -6.638844000000000051e+03 -6.004819199999999455e+02 -2.119376000000000033e+02
-1.974869601599999878e+05 -1.974869601599999878e+05 -1.974869601599999878e+05 -2.810020799999999781e+02 2.362305599999999970e+02 -1.002495840000000044e+03 5.412490560000000187e+03 -7.614257599999999684e+02
-9.029161599999999908e+02 -8.719718400000000429e+02 -2.412522176000000036e+04 6.269919999999999760e+01 -7.553704000000000178e+02 -7.808791999999999689e+02 -8.408820960000000923e+03 -1.029232400000000052e+04
-6.467124480000000403e+03 -5.933060799999999517e+02 -2.118899199999999894e+02 -1.974869601599999878e+05 -1.974869601599999878e+05 -1.974869601599999878e+05 -2.693681599999999889e+02 2.303659199999999885e+02
-9.780121599999999944e+02 5.503583200000000033e+03 -7.306721599999999626e+02 -8.849884799999999814e+02 -8.523276799999999866e+02 -2.346742847999999867e+04 -1.460200000000000102e+02 -7.366321599999999989e+02
-7.604483199999999670e+02 -8.559608959999999570e+03 -1.037140128000000004e+04 -6.424903839999999946e+03 -5.817198399999999765e+02 -2.029022400000000061e+02 -1.974869601599999878e+05 -1.974869601599999878e+05
-1.974869601599999878e+05 -2.557793599999999969e+02 2.337035199999999975e+02 -9.517404800000000478e+02 5.526946399999999812e+03 -7.750860800000000381e+02 -8.627934400000000323e+02 -8.287022399999999607e+02
-2.455758399999999995e+02 2.334651200000000131e+02 -9.291878400000000511e+02 5.542108640000000378e+03 -8.358304000000000542e+02 -8.407891200000000254e+02 -8.081998399999999947e+02 -2.233610127999999895e+04
-6.067995200000000295e+02 -6.961041599999999789e+02 -7.213030400000000100e+02 -8.946222239999999147e+03 -1.063893375999999989e+04 -6.456348799999999756e+03 -5.469611200000000508e+02 -1.821852800000000059e+02
-1.974869601599999878e+05 -1.974869601599999878e+05 -1.974869601599999878e+05 -2.445983999999999980e+02 2.305328000000000088e+02 -9.152175999999999476e+02 5.623498400000000402e+03 -8.184987200000000485e+02
-8.268427199999999857e+02 -7.953739199999999983e+02 -2.170710671999999977e+04 -6.842318400000000338e+02 -6.917414400000000114e+02 -7.125060799999999972e+02 -9.053502239999999802e+03 -1.068270399999999972e+04
-6.416083040000000437e+03 -5.402143999999999551e+02 -1.777510399999999890e+02 -1.974869601599999878e+05 -1.974869601599999878e+05 -1.974869601599999878e+05 -2.511782399999999882e+02 2.239052800000000047e+02
-9.099966399999999567e+02 5.852600800000000163e+03 -6.313547200000000430e+02 -8.217171200000000226e+02 -7.922270399999999881e+02 -2.091080303999999887e+04 -5.436235199999999850e+02 -6.928857600000000048e+02
-7.120531200000000354e+02 -8.998813280000000304e+03 -1.054924768000000040e+04 -6.238379680000000008e+03 -5.407150400000000445e+02 -1.796582400000000064e+02 -1.974869601599999878e+05 -1.974869601599999878e+05
-1.974869601599999878e+05 -2.572097600000000170e+02 2.133203200000000095e+02 -9.047518400000000156e+02 6.224528640000000451e+03 -2.917539199999999937e+02 -8.164484800000000178e+02 -7.912972800000000007e+02
-2.589024000000000001e+02 2.087192000000000007e+02 -8.942145600000000059e+02 6.675319199999999910e+03 1.279254399999999947e+02 -8.072223999999999933e+02 -7.845982400000000325e+02 -1.887548688000000038e+04
1.518608000000000118e+02 -6.875456000000000358e+02 -7.005145599999999604e+02 -8.549667680000000473e+03 -9.854836160000000746e+03 -5.502081280000000334e+03 -5.362807999999999993e+02 -1.857136000000000138e+02
-1.974869601599999878e+05 -1.974869601599999878e+05 -1.974869601599999878e+05 -2.553264000000000067e+02 2.059060800000000029e+02 -8.819131200000000490e+02 7.144681120000000192e+03 5.660331200000000536e+02
-7.963036799999999857e+02 -7.736079999999999472e+02 -1.779353231999999844e+04 5.124169600000000173e+02 -6.795353599999999687e+02 -6.920513600000000451e+02 -8.281348480000000563e+03 -9.454085759999999937e+03
-5.070815679999999702e+03 -5.288903999999999996e+02 -1.826859200000000101e+02 -1.974869601599999878e+05 -1.974869601599999878e+05 -1.974869601599999878e+05 -2.512735999999999876e+02 2.019724799999999902e+02
-8.677283200000000534e+02 7.539686080000000402e+03 9.264700800000000527e+02 -7.842168000000000347e+02 -7.591847999999999956e+02 -1.681587775999999940e+04 7.241399999999999864e+02 -6.701185600000000022e+02
-6.821577600000000530e+02 -8.090413919999999962e+03 -9.149648960000000443e+03 -4.715242079999999987e+03 -5.189252800000000434e+02 -1.776795199999999966e+02 -1.974869601599999878e+05 -1.974869601599999878e+05
-1.974869601599999878e+05 -2.456235200000000134e+02 1.983964799999999968e+02 -8.503966400000000476e+02 7.786859199999999873e+03 1.125653279999999995e+03 -7.687923200000000179e+02 -7.378479999999999563e+02
-2.372556800000000123e+02 1.929132800000000145e+02 -8.336132800000000316e+02 7.904819520000000011e+03 1.186373759999999947e+03 -7.511507199999999784e+02 -7.198011199999999690e+02 -1.540752975999999944e+04
5.590956800000000158e+02 -6.448243200000000570e+02 -6.553377600000000029e+02 -8.099830719999999928e+03 -9.016454879999999321e+03 -4.403748639999999796e+03 -4.971116799999999785e+02 -1.678335999999999899e+02
-1.974869601599999878e+05 -1.974869601599999878e+05 -1.974869601599999878e+05 -2.295553600000000074e+02 1.851652799999999957e+02 -8.174736000000000331e+02 7.959341599999999744e+03 1.181105119999999943e+03
-7.343673599999999624e+02 -7.089539200000000392e+02 -1.487244095999999990e+04 3.589112000000000080e+02 -6.307825599999999895e+02 -6.386735999999999649e+02 -8.206800800000000891e+03 -9.079750079999999798e+03
-4.372017600000000130e+03 -4.876710400000000050e+02 -1.685249599999999930e+02 -1.974869601599999878e+05 -1.974869601599999878e+05 -1.974869601599999878e+05 -2.223556800000000067e+02 1.787284799999999905e+02
-8.014769599999999627e+02 8.013768320000000131e+03 1.170210240000000113e+03 -7.191097600000000511e+02 -6.975584000000000060e+02 -1.434471872000000076e+04 2.112462400000000002e+02 -6.153580799999999726e+02
-6.218425600000000486e+02 -8.293173119999999471e+03 -9.123138880000000427e+03 -4.340072000000000116e+03 -4.754411200000000122e+02 -1.667369600000000105e+02 -1.974869601599999878e+05 -1.974869601599999878e+05
-1.974869601599999878e+05 -2.156566400000000101e+02 1.816607999999999947e+02 -7.845267199999999548e+02 8.145961119999999937e+03 1.242683839999999918e+03 -7.034230400000000145e+02 -6.846132800000000316e+02
-2.099588799999999935e+02 1.933900800000000118e+02 -7.675526399999999967e+02 8.429156479999999647e+03 1.483896960000000036e+03 -6.884515199999999595e+02 -6.705953600000000279e+02 -1.293942223999999987e+04
4.570843199999999911e+02 -5.855819199999999682e+02 -6.000289599999999837e+02 -8.074822559999999612e+03 -8.786851839999999356e+03 -3.958202879999999823e+03 -4.402532800000000179e+02 -1.515747200000000134e+02
-1.974869601599999878e+05 -1.974869601599999878e+05 -1.974869601599999878e+05 -2.056438400000000115e+02 2.003752000000000066e+02 -7.540353599999999687e+02 8.853579999999999927e+03 1.873967039999999997e+03
-6.760547199999999748e+02 -6.601295999999999822e+02 -1.196703631999999925e+04 8.642238399999999956e+02 -5.739956799999999930e+02 -5.881089600000000246e+02 -7.743780319999999847e+03 -8.361808479999999690e+03
-3.552827519999999822e+03 -4.327913599999999974e+02 -1.482371200000000044e+02 -1.974869601599999878e+05 -1.974869601599999878e+05 -1.974869601599999878e+05 -2.026876800000000003e+02 1.999222399999999880e+02
-7.427113600000000133e+02 9.357319199999999910e+03 2.337702720000000227e+03 -6.655889600000000428e+02 -6.509035199999999577e+02 -1.089964799999999923e+04 1.330057440000000042e+03 -5.626955199999999877e+02
-5.768564800000000332e+02 -7.350420320000000174e+03 -7.846816799999999603e+03 -3.064202879999999823e+03 -4.269028799999999819e+02 -1.451617599999999868e+02 -1.974869601599999878e+05 -1.974869601599999878e+05
-1.974869601599999878e+05 -2.035220799999999883e+02 1.974428800000000024e+02 -7.352494400000000496e+02 9.881370080000000598e+03 2.829235839999999826e+03 -6.587468800000000329e+02 -6.423687999999999647e+02
-2.069550399999999968e+02 1.875492800000000102e+02 -7.304337600000000066e+02 1.033487839999999960e+04 3.254732160000000022e+03 -6.541934400000000096e+02 -6.366948800000000119e+02 -8.831766400000000431e+03
2.075939519999999902e+03 -5.568308799999999792e+02 -5.640782400000000507e+02 -6.597171680000000379e+03 -6.871307840000000397e+03 -2.112700800000000072e+03 -4.189879999999999995e+02 -1.462107200000000091e+02
-1.974869601599999878e+05 -1.974869601599999878e+05 -1.974869601599999878e+05 -2.113654400000000066e+02 1.669276800000000094e+02 -7.252366399999999658e+02 1.064043568000000050e+04 3.520119040000000041e+03
-6.504028799999999819e+02 -6.335480000000000018e+02 -8.038943360000000212e+03 2.159379519999999957e+03 -5.556150400000000218e+02 -5.639113599999999451e+02 -6.398203040000000328e+03 -6.600437759999999798e+03
-1.820279359999999997e+03 -4.197985600000000090e+02 -1.506449599999999975e+02 -1.974869601599999878e+05 -1.974869601599999878e+05 -1.974869601599999878e+05 -2.110555200000000013e+02 1.536726400000000012e+02
-7.145086400000000140e+02 1.081315647999999965e+04 3.644611519999999928e+03 -6.411291200000000572e+02 -6.266582399999999780e+02 -7.413143360000000030e+03 2.079467839999999796e+03 -5.484392000000000280e+02
-5.598108799999999974e+02 -6.312069120000000112e+03 -6.474085759999999937e+03 -1.655282719999999927e+03 -4.145776000000000181e+02 -1.484516800000000103e+02 -1.974869601599999878e+05 -1.974869601599999878e+05
-1.974869601599999878e+05 -2.022585599999999886e+02 1.560566399999999874e+02 -6.958419199999999591e+02 1.092596736000000055e+04 3.700778560000000198e+03 -6.239404799999999796e+02 -6.086590400000000045e+02
-1.936999999999999886e+02 1.560089600000000019e+02 -6.789870399999999790e+02 1.103377183999999943e+04 3.748315520000000106e+03 -6.090166400000000522e+02 -5.917087999999999965e+02 -6.334478720000000067e+03
1.880236959999999954e+03 -5.150155200000000377e+02 -5.274600000000000364e+02 -6.201284639999999854e+03 -6.311520800000000236e+03 -1.428755040000000008e+03 -3.843246399999999880e+02 -1.367939200000000142e+02
-1.974869601599999878e+05 -1.974869601599999878e+05 -1.974869601599999878e+05 -1.895279999999999916e+02 1.547215999999999951e+02 -6.684020799999999554e+02 1.120518144000000029e+04 3.870781599999999798e+03
-5.983601599999999507e+02 -5.829833599999999478e+02 -5.724794560000000274e+03 1.931874399999999923e+03 -5.027617599999999811e+02 -5.151108799999999519e+02 -6.049614559999999983e+03 -6.130003039999999601e+03
-1.253316479999999956e+03 -3.799857600000000275e+02 -1.391540799999999933e+02 -1.974869601599999878e+05 -1.974869601599999878e+05 -1.974869601599999878e+05 -1.906246399999999994e+02 1.541255999999999915e+02
-6.622990399999999909e+02 1.152041776000000027e+04 4.158005919999999605e+03 -5.924716799999999921e+02 -5.796695999999999458e+02 -4.950399840000000040e+03 2.187200800000000072e+03 -4.969686399999999935e+02
-5.116064000000000078e+02 -5.740719680000000153e+03 -5.773642719999999827e+03 -9.402734400000000505e+02 -3.815830399999999827e+02 -1.422532799999999895e+02 -1.974869601599999878e+05 -1.974869601599999878e+05
-1.974869601599999878e+05 -1.946774399999999901e+02 1.472119999999999891e+02 -6.604156799999999521e+02 1.197707295999999951e+04 4.596638079999999718e+03 -5.897062399999999798e+02 -5.792166399999999840e+02
-1.995169600000000116e+02 1.415142400000000009e+02 -6.590567999999999529e+02 1.250317408000000069e+04 5.101903040000000146e+03 -5.862494400000000496e+02 -5.788113600000000361e+02 -2.977520640000000185e+03
3.054428480000000036e+03 -4.913423999999999978e+02 -5.083641600000000267e+02 -4.827242400000000089e+03 -4.668706400000000031e+03 3.282768000000000086e+01 -3.833233599999999797e+02 -1.566288000000000125e+02
-1.974869601599999878e+05 -1.974869601599999878e+05 -1.974869601599999878e+05 -2.002560000000000002e+02 1.452332800000000077e+02 -6.509035199999999577e+02 1.304207727999999952e+04 5.622902399999999943e+03
-5.788828800000000001e+02 -5.711348799999999528e+02 -1.935355039999999917e+03 3.464810239999999794e+03 -4.834513600000000224e+02 -5.035008000000000266e+02 -4.341859999999999673e+03 -4.077259840000000167e+03
5.692276799999999639e+02 -3.842292800000000170e+02 -1.556036799999999971e+02 -1.974869601599999878e+05 -1.974869601599999878e+05 -1.974869601599999878e+05 -1.969422399999999982e+02 1.426585599999999943e+02
-6.396510399999999663e+02 1.350838767999999982e+04 6.068686560000000100e+03 -5.697759999999999536e+02 -5.608836800000000267e+02 -9.953676799999999503e+02 3.716036160000000109e+03 -4.733432000000000244e+02
-4.948707200000000057e+02 -3.946235200000000077e+03 -3.593498559999999998e+03 1.024452479999999923e+03 -3.782454399999999737e+02 -1.503112000000000137e+02 -1.974869601599999878e+05 -1.974869601599999878e+05
-1.974869601599999878e+05 -1.940814400000000148e+02 1.290459199999999953e+02 -6.289707200000000284e+02 1.381828384000000005e+04 6.345683519999999589e+03 -5.611935999999999467e+02 -5.522059199999999919e+02
-1.899332799999999963e+02 1.211548800000000057e+02 -6.188387199999999666e+02 1.399377008000000023e+04 6.482453599999999824e+03 -5.512284799999999905e+02 -5.425507199999999557e+02 3.032924800000000118e+02
3.577621119999999792e+03 -4.588246399999999880e+02 -4.772052800000000161e+02 -3.602390879999999925e+03 -3.161017119999999977e+03 1.491883360000000039e+03 -3.694008000000000038e+02 -1.449710399999999879e+02
-1.974869601599999878e+05 -1.974869601599999878e+05 -1.974869601599999878e+05 -1.870009599999999921e+02 1.126440000000000055e+02 -6.112099200000000110e+02 1.410105008000000089e+04 6.549396319999999832e+03
-5.417401599999999462e+02 -5.366860799999999472e+02 7.738940800000000309e+02 3.372668639999999868e+03 -4.507667200000000207e+02 -4.680507200000000125e+02 -3.550038239999999860e+03 -3.094741919999999936e+03
1.590414080000000013e+03 -3.645374400000000037e+02 -1.480940799999999911e+02 -1.974869601599999878e+05 -1.974869601599999878e+05 -1.974869601599999878e+05 -1.837348800000000040e+02 1.019398400000000038e+02
-5.998143999999999778e+02 1.419180896000000030e+04 6.596575679999999920e+03 -5.307022399999999607e+02 -5.289142399999999498e+02 1.223540320000000065e+03 3.190721759999999904e+03 -4.420651199999999790e+02
-4.565598400000000083e+02 -3.503049599999999828e+03 -3.037549759999999878e+03 1.674688480000000027e+03 -3.553113599999999792e+02 -1.480464000000000055e+02 -1.974869601599999878e+05 -1.974869601599999878e+05
-1.974869601599999878e+05 -1.793483200000000011e+02 9.941280000000000427e+01 -5.869646400000000313e+02 1.434076128000000062e+04 6.701924640000000181e+03 -5.193782400000000052e+02 -5.193544000000000551e+02
-1.765590400000000102e+02 1.068985600000000034e+02 -5.759982400000000098e+02 1.462491023999999925e+04 6.956082879999999932e+03 -5.108912000000000262e+02 -5.082687999999999988e+02 2.412226560000000063e+03
3.301816159999999854e+03 -4.252579200000000128e+02 -4.400148800000000051e+02 -3.087709119999999984e+03 -2.571263199999999870e+03 2.107503679999999804e+03 -3.405543999999999869e+02 -1.417526400000000137e+02
-1.974869601599999878e+05 -1.974869601599999878e+05 -1.974869601599999878e+05 -1.757007999999999868e+02 1.155286399999999958e+02 -5.679403200000000425e+02 1.503812896000000001e+04 7.350944800000000214e+03
-5.074343999999999824e+02 -4.984467200000000275e+02 3.249868800000000192e+03 3.616599520000000211e+03 -4.194648000000000252e+02 -4.359620800000000145e+02 -2.689628799999999956e+03 -2.108576480000000174e+03
2.522415039999999863e+03 -3.366684799999999882e+02 -1.382481600000000128e+02 -1.974869601599999878e+05 -1.974869601599999878e+05 -1.974869601599999878e+05 -1.755339199999999948e+02 1.245401600000000002e+02
-5.620756800000000339e+02 1.552036448000000019e+04 7.819305440000000090e+03 -5.044544000000000210e+02 -4.928443199999999820e+02 4.176315040000000408e+03 3.985213600000000042e+03 -4.145299200000000042e+02
-4.316470400000000041e+02 -2.247921280000000024e+03 -1.575156480000000101e+03 3.007702080000000024e+03 -3.327348799999999756e+02 -1.368892800000000136e+02 -1.974869601599999878e+05 -1.974869601599999878e+05
-1.974869601599999878e+05 -1.757007999999999868e+02 1.323358399999999904e+02 -5.533264000000000351e+02 1.601249359999999979e+04 8.307953919999999925e+03 -4.978507200000000239e+02 -4.854777599999999893e+02
-1.742942400000000021e+02 1.300948799999999892e+02 -5.434328000000000429e+02 1.642559312000000136e+04 8.717095999999999549e+03 -4.896974400000000287e+02 -4.757987200000000030e+02 5.936469920000000457e+03
4.506880479999999807e+03 -4.023953599999999824e+02 -4.199177599999999870e+02 -1.463632959999999912e+03 -6.296382399999999961e+02 3.898459839999999986e+03 -3.278476800000000253e+02 -1.342192000000000007e+02
-1.974869601599999878e+05 -1.974869601599999878e+05 -1.974869601599999878e+05 -1.734121600000000001e+02 1.180556799999999953e+02 -5.373774399999999787e+02 1.667619919999999911e+04 8.949750560000000405e+03
-4.828076800000000048e+02 -4.692665600000000268e+02 6.558598560000000361e+03 4.471048960000000079e+03 -3.980088000000000079e+02 -4.157934399999999755e+02 -1.275511520000000019e+03 -3.945281600000000140e+02
4.147301760000000286e+03 -3.258928000000000225e+02 -1.360787200000000041e+02 -1.974869601599999878e+05 -1.974869601599999878e+05 -1.974869601599999878e+05 -1.722439999999999998e+02 1.074468800000000073e+02
-5.316558400000000120e+02 1.678176271999999881e+04 9.024155199999999240e+03 -4.752504000000000133e+02 -4.620192000000000121e+02 6.998923359999999775e+03 4.265166720000000169e+03 -3.914766399999999749e+02
-4.085937599999999748e+02 -1.220894080000000031e+03 -3.200758400000000279e+02 4.254653280000000450e+03 -3.194321600000000103e+02 -1.358403199999999913e+02 -1.974869601599999878e+05 -1.974869601599999878e+05
-1.974869601599999878e+05 -1.678574399999999969e+02 1.049913600000000002e+02 -5.200219200000000228e+02 1.681473343999999997e+04 9.018290559999999459e+03 -4.650468799999999874e+02 -4.485257599999999911e+02
-1.640668799999999976e+02 1.000087999999999937e+02 -5.089601599999999735e+02 1.683113536000000022e+04 8.998407999999999447e+03 -4.572750399999999900e+02 -4.372971200000000067e+02 7.681271840000000338e+03
3.793706880000000183e+03 -3.740257599999999911e+02 -3.916911999999999807e+02 -1.230430080000000089e+03 -3.176680000000000064e+02 4.329606240000000071e+03 -3.020766399999999976e+02 -1.227521600000000035e+02
-1.974869601599999878e+05 -1.974869601599999878e+05 -1.974869601599999878e+05 -1.656403200000000027e+02 8.827952000000000510e+01 -5.040252800000000093e+02 1.690885376000000178e+04 9.054980320000000575e+03
-4.539851199999999949e+02 -4.344601599999999735e+02 8.077158879999999954e+03 3.707978239999999914e+03 -3.735728000000000293e+02 -3.888303999999999974e+02 -1.159124639999999999e+03 -2.380662399999999934e+02
4.413070080000000416e+03 -2.995734400000000051e+02 -1.237057599999999979e+02 -1.974869601599999878e+05 -1.974869601599999878e+05 -1.974869601599999878e+05 -1.697884799999999927e+02 8.417904000000000053e+01
-5.002108799999999746e+02 1.712639375999999902e+04 9.271757439999999406e+03 -4.514103999999999814e+02 -4.320046399999999949e+02 8.637184320000000298e+03 3.834258719999999812e+03 -3.746456000000000017e+02
-3.882105599999999868e+02 -9.362444799999999532e+02 7.771840000000000082e+00 4.629203520000000026e+03 -2.976185600000000022e+02 -1.238487999999999971e+02 -1.974869601599999878e+05 -1.974869601599999878e+05
-1.974869601599999878e+05 -1.681912000000000091e+02 8.887551999999999452e+01 -4.930111999999999739e+02 1.747078640000000087e+04 9.623445120000000315e+03 -4.450451199999999972e+02 -4.269028799999999819e+02
-1.654257599999999968e+02 9.280912000000000717e+01 -4.856207999999999743e+02 1.787542271999999866e+04 1.002972639999999956e+04 -4.364150399999999763e+02 -4.228262399999999843e+02 1.016318272000000070e+04
4.455791360000000168e+03 -3.637268799999999942e+02 -3.760044800000000009e+02 -2.117230399999999975e+02 8.678952000000000453e+02 5.407555680000000393e+03 -2.921115199999999845e+02 -1.211310399999999987e+02
-1.974869601599999878e+05 -1.974869601599999878e+05 -1.974869601599999878e+05 -1.645913600000000088e+02 9.385808000000000106e+01 -4.787548800000000142e+02 1.828854608000000007e+04 1.044742704000000049e+04
-4.267359999999999900e+02 -4.181059200000000260e+02 1.097464863999999943e+04 4.756938240000000405e+03 -3.559073599999999828e+02 -3.677796799999999848e+02 1.658787199999999871e+02 1.327554239999999936e+03
5.837176319999999578e+03 -2.872719999999999914e+02 -1.209164800000000071e+02 -1.974869601599999878e+05 -1.974869601599999878e+05 -1.974869601599999878e+05 -1.615159999999999911e+02 8.818416000000000565e+01
-4.690996799999999780e+02 1.862535759999999937e+04 1.078931647999999950e+04 -4.176291200000000003e+02 -4.114545600000000150e+02 1.168102784000000065e+04 4.903625759999999900e+03 -3.493036799999999857e+02
-3.619865599999999972e+02 4.525070400000000177e+02 1.674783840000000055e+03 6.181354400000000169e+03 -2.820033599999999865e+02 -1.180556799999999953e+02 -1.974869601599999878e+05 -1.974869601599999878e+05
-1.974869601599999878e+05 -1.556513600000000110e+02 7.578736000000000672e+01 -4.594206399999999917e+02 1.880644624000000113e+04 1.096687680000000000e+04 -4.101195200000000227e+02 -4.042548800000000142e+02
-1.476649600000000078e+02 6.584608000000000061e+01 -4.498846399999999903e+02 1.885839359999999942e+04 1.101074239999999918e+04 -4.007980800000000272e+02 -3.945043200000000070e+02 1.253457135999999991e+04
4.584884960000000319e+03 -3.362870399999999904e+02 -3.439158400000000029e+02 5.899684799999999996e+02 1.849531040000000075e+03 6.442307039999999688e+03 -2.711084799999999859e+02 -1.134783999999999935e+02
-1.974869601599999878e+05 -1.974869601599999878e+05 -1.974869601599999878e+05 -1.400600000000000023e+02 6.474944000000000699e+01 -4.376070399999999836e+02 1.884983504000000175e+04 1.098680703999999969e+04
-3.898316800000000057e+02 -3.788414399999999773e+02 1.279428432000000066e+04 4.300759839999999713e+03 -3.284198400000000220e+02 -3.337599999999999909e+02 5.425745600000000195e+02 1.798203520000000026e+03
6.445048639999999978e+03 -2.627406399999999849e+02 -1.087104000000000070e+02 -1.974869601599999878e+05 -1.974869601599999878e+05 -1.974869601599999878e+05 -1.276393599999999964e+02 7.349872000000000583e+01
-4.176052799999999934e+02 1.883581711999999970e+04 1.095037952000000041e+04 -3.735012800000000084e+02 -3.589827200000000289e+02 1.303745232000000033e+04 4.053252959999999803e+03 -3.112550400000000081e+02
-3.165236800000000130e+02 4.967063999999999737e+02 1.751191039999999930e+03 6.445287040000000161e+03 -2.471015999999999906e+02 -9.528848000000000695e+01 -1.974869601599999878e+05 -1.974869601599999878e+05
-1.974869601599999878e+05 -1.243732799999999941e+02 7.829055999999999926e+01 -4.057806400000000053e+02 1.888166143999999986e+04 1.097295600000000013e+04 -3.646566399999999817e+02 -3.507102399999999989e+02
-1.288075200000000109e+02 8.079376000000000602e+01 -4.040164800000000014e+02 1.906196336000000156e+04 1.113935920000000078e+04 -3.632977599999999825e+02 -3.503288000000000011e+02 1.382226512000000002e+04
4.028650079999999889e+03 -3.018382399999999848e+02 -3.080128000000000270e+02 7.143179199999999582e+02 1.998173440000000028e+03 6.705762880000000223e+03 -2.365404800000000023e+02 -8.882783999999999480e+01
-1.974869601599999878e+05 -1.974869601599999878e+05 -1.974869601599999878e+05 -1.268526399999999938e+02 8.787424000000000035e+01 -4.000590399999999818e+02 1.937705663999999888e+04 1.145066192000000046e+04
-3.578622399999999857e+02 -3.493275199999999927e+02 1.445786335999999937e+04 4.269529440000000250e+03 -2.955206400000000144e+02 -3.035785599999999818e+02 1.013295359999999960e+03 2.349837280000000192e+03
7.032871519999999691e+03 -2.311288000000000125e+02 -9.052048000000000627e+01 -1.974869601599999878e+05 -1.974869601599999878e+05 -1.974869601599999878e+05 -1.250408000000000044e+02 9.247535999999999490e+01
-3.959823999999999842e+02 1.976767503999999826e+04 1.183877712000000065e+04 -3.528081599999999867e+02 -3.493036799999999857e+02 1.518498336000000018e+04 4.556968319999999949e+03 -2.898944000000000187e+02
-2.990489600000000223e+02 1.356162240000000111e+03 2.770184159999999792e+03 7.433288160000000062e+03 -2.274097600000000057e+02 -9.321439999999999770e+01 -1.974869601599999878e+05 -1.974869601599999878e+05
-1.974869601599999878e+05 -1.249454400000000049e+02 9.428719999999999857e+01 -3.904753600000000233e+02 2.017548208000000159e+04 1.224644111999999950e+04 -3.471580799999999840e+02 -3.447025600000000054e+02
-1.272579199999999986e+02 8.739744000000000312e+01 -3.856596799999999803e+02 2.049937231999999858e+04 1.256711296000000038e+04 -3.427476800000000026e+02 -3.390763200000000097e+02 1.656028912000000128e+04
4.932805919999999787e+03 -2.889646399999999744e+02 -2.952583999999999946e+02 1.959171199999999999e+03 3.510416160000000218e+03 8.180791360000000168e+03 -2.255502400000000023e+02 -9.564607999999999777e+01
-1.974869601599999878e+05 -1.974869601599999878e+05 -1.974869601599999878e+05 -1.314299200000000098e+02 7.130544000000000437e+01 -3.814399999999999977e+02 2.066391600000000108e+04 1.270929471999999987e+04
-3.388617600000000039e+02 -3.342368000000000166e+02 1.698716816000000108e+04 4.818946079999999711e+03 -2.877011200000000031e+02 -2.936134400000000255e+02 2.051026719999999841e+03 3.633025279999999839e+03
8.350579840000000331e+03 -2.262416000000000054e+02 -9.605136000000000251e+01 -1.974869601599999878e+05 -1.974869601599999878e+05 -1.974869601599999878e+05 -1.319305600000000140e+02 5.824112000000000222e+01
-3.763143999999999778e+02 2.069300080000000162e+04 1.270271487999999954e+04 -3.329971199999999953e+02 -3.303270400000000109e+02 1.724144559999999910e+04 4.542640480000000025e+03 -2.840297600000000102e+02
-2.888931200000000104e+02 2.013073440000000119e+03 3.602152480000000196e+03 8.384933279999999286e+03 -2.231662399999999877e+02 -9.705263999999999669e+01 -1.974869601599999878e+05 -1.974869601599999878e+05
-1.974869601599999878e+05 -1.248262399999999985e+02 5.504655999999999949e+01 -3.668976000000000113e+02 2.065538128000000142e+04 1.262542560000000049e+04 -3.238902400000000057e+02 -3.222929599999999937e+02
-1.187947199999999981e+02 5.452208000000000254e+01 -3.555735999999999990e+02 2.061206399999999849e+04 1.253809967999999935e+04 -3.133768000000000029e+02 -3.116364800000000059e+02 1.756400080000000162e+04
3.928140640000000076e+03 -2.663881600000000276e+02 -2.707508799999999951e+02 1.823521600000000035e+03 3.401491199999999935e+03 8.320899040000000241e+03 -2.087907199999999932e+02 -8.749280000000000257e+01
-1.974869601599999878e+05 -1.974869601599999878e+05 -1.974869601599999878e+05 -1.147419200000000075e+02 6.448720000000000141e+01 -3.460852800000000116e+02 2.064119647999999870e+04 1.253631168000000071e+04
-3.043891199999999913e+02 -3.019574400000000196e+02 1.779799039999999877e+04 3.780356479999999920e+03 -2.586401599999999803e+02 -2.639326399999999921e+02 1.819802560000000085e+03 3.393933919999999944e+03
8.354418079999999463e+03 -2.026876800000000003e+02 -8.355920000000000414e+01 -1.974869601599999878e+05 -1.974869601599999878e+05 -1.974869601599999878e+05 -1.131446399999999954e+02 7.948256000000000654e+01
-3.394100799999999936e+02 2.080900623999999880e+04 1.269460928000000058e+04 -2.996926399999999830e+02 -2.954729600000000005e+02 1.819890768000000025e+04 3.842936479999999847e+03 -2.541343999999999994e+02
-2.602135999999999854e+02 1.966966879999999946e+03 3.554853920000000016e+03 8.517960479999999734e+03 -1.998507199999999955e+02 -8.239104000000000383e+01 -1.974869601599999878e+05 -1.974869601599999878e+05
-1.974869601599999878e+05 -1.114519999999999982e+02 8.580016000000000531e+01 -3.351427199999999971e+02 2.109959200000000055e+04 1.297966416000000027e+04 -2.960928000000000111e+02 -2.906334400000000073e+02
-1.094256000000000029e+02 8.940000000000000568e+01 -3.300171199999999772e+02 2.145704896000000008e+04 1.332462896000000001e+04 -2.903711999999999875e+02 -2.827423999999999751e+02 1.939462672000000020e+04
4.343814879999999903e+03 -2.483174400000000048e+02 -2.549687999999999874e+02 2.533238400000000183e+03 4.240039359999999760e+03 9.176230559999999969e+03 -1.954641599999999926e+02 -7.507215999999999667e+01
-1.974869601599999878e+05 -1.974869601599999878e+05 -1.974869601599999878e+05 -1.069462400000000031e+02 9.078271999999999764e+01 -3.217207999999999970e+02 2.182721264000000156e+04 1.368292031999999926e+04
-2.843635199999999941e+02 -2.743745599999999740e+02 2.004114368000000104e+04 4.589462239999999838e+03 -2.439070399999999950e+02 -2.486273600000000101e+02 2.836912319999999909e+03 4.616091519999999946e+03
9.549278879999999845e+03 -1.915067200000000014e+02 -7.140080000000000382e+01 -1.974869601599999878e+05 -1.974869601599999878e+05 -1.974869601599999878e+05 -1.048721599999999938e+02 8.367839999999999634e+01
-3.161899200000000292e+02 2.211560512000000017e+04 1.396177679999999964e+04 -2.794524799999999800e+02 -2.704409600000000182e+02 2.058049984000000040e+04 4.686800959999999577e+03 -2.392582400000000007e+02
-2.429772800000000075e+02 3.048230079999999816e+03 4.885197439999999915e+03 9.833475519999999960e+03 -1.895756800000000055e+02 -7.235439999999999827e+01 -1.974869601599999878e+05 -1.974869601599999878e+05
-1.974869601599999878e+05 -1.023451199999999943e+02 7.612112000000000478e+01 -3.095624000000000251e+02 2.225242287999999826e+04 1.408197808000000077e+04 -2.736831999999999994e+02 -2.627883199999999988e+02
-9.535999999999999943e+01 7.028032000000000323e+01 -2.990489600000000223e+02 2.226584479999999894e+04 1.406989120000000003e+04 -2.646240000000000236e+02 -2.522987200000000030e+02 2.112295520000000033e+04
4.300879039999999804e+03 -2.251211199999999906e+02 -2.285779200000000060e+02 3.050327999999999975e+03 4.915951039999999921e+03 9.983643679999999222e+03 -1.773934399999999982e+02 -6.546464000000000283e+01
-1.974869601599999878e+05 -1.974869601599999878e+05 -1.974869601599999878e+05 -9.412032000000000664e+01 5.437904000000000337e+01 -2.959020800000000122e+02 2.220085696000000098e+04 1.397195648000000074e+04
-2.589500800000000140e+02 -2.528708799999999997e+02 2.121919728000000032e+04 3.974223359999999957e+03 -2.211875200000000063e+02 -2.227371200000000044e+02 2.926455359999999928e+03 4.779753120000000308e+03
9.922684800000000905e+03 -1.762967999999999904e+02 -6.915984000000000265e+01 -1.974869601599999878e+05 -1.974869601599999878e+05 -1.974869601599999878e+05 -9.404879999999999995e+01 4.207759999999999678e+01
-2.939233600000000024e+02 2.210907296000000133e+04 1.383356528000000071e+04 -2.561846400000000017e+02 -2.528947200000000066e+02 2.128170576000000074e+04 3.668761440000000221e+03 -2.171108800000000087e+02
-2.173492799999999932e+02 2.790758080000000064e+03 4.633041760000000068e+03 9.842606239999999161e+03 -1.770358400000000074e+02 -7.342719999999999914e+01 -1.974869601599999878e+05 -1.974869601599999878e+05
-1.974869601599999878e+05 -9.280912000000000717e+01 4.138624000000000080e+01 -2.900612800000000107e+02 2.208663952000000063e+04 1.376252208000000064e+04 -2.526086400000000083e+02 -2.517742399999999918e+02
-9.261839999999999407e+01 4.408015999999999934e+01 -2.862230400000000259e+02 2.220819968000000154e+04 1.385375776000000042e+04 -2.492948800000000062e+02 -2.508444800000000043e+02 2.174067343999999866e+04
3.550419679999999971e+03 -2.058583999999999889e+02 -2.089099199999999996e+02 2.838509599999999864e+03 4.688922719999999572e+03 9.941685279999999693e+03 -1.624934399999999926e+02 -7.671711999999999421e+01
-1.974869601599999878e+05 -1.974869601599999878e+05 -1.974869601599999878e+05 -9.083039999999999736e+01 4.765615999999999985e+01 -2.814788800000000037e+02 2.245942559999999867e+04 1.408615007999999943e+04
-2.449559999999999889e+02 -2.452420799999999872e+02 2.221728271999999924e+04 3.761713600000000042e+03 -2.008043199999999899e+02 -2.095297600000000102e+02 3.061032160000000204e+03 4.949207840000000033e+03
1.019603424000000086e+04 -1.552460800000000063e+02 -7.466688000000000613e+01 -1.974869601599999878e+05 -1.974869601599999878e+05 -1.974869601599999878e+05 -8.951919999999999789e+01 4.741776000000000124e+01
-2.793571200000000090e+02 2.278119408000000112e+04 1.439094448000000011e+04 -2.403310400000000016e+02 -2.431203199999999924e+02 2.278086031999999977e+04 4.022666240000000016e+03 -1.983726399999999899e+02
-2.092675199999999904e+02 3.329875840000000153e+03 5.278891200000000026e+03 1.052288063999999940e+04 -1.520991999999999962e+02 -7.295040000000000191e+01 -1.974869601599999878e+05 -1.974869601599999878e+05
-1.974869601599999878e+05 -8.882783999999999480e+01 4.629728000000000065e+01 -2.742792000000000030e+02 2.312055647999999928e+04 1.472253504000000066e+04 -2.362067199999999900e+02 -2.384238400000000127e+02
-9.230848000000000297e+01 3.764336000000000126e+01 -2.716329600000000255e+02 2.336532175999999890e+04 1.495449824000000081e+04 -2.357299199999999928e+02 -2.363736000000000104e+02 2.382579135999999926e+04
4.328771840000000338e+03 -1.965846400000000074e+02 -2.037127999999999872e+02 3.780857120000000123e+03 5.840132480000000214e+03 1.111454176000000007e+04 -1.564619199999999921e+02 -7.223520000000000607e+01
-1.974869601599999878e+05 -1.974869601599999878e+05 -1.974869601599999878e+05 -9.719567999999999586e+01 2.107456000000000174e+01 -2.729203200000000038e+02 2.344304016000000047e+04 1.499335743999999977e+04
-2.367550400000000081e+02 -2.408555200000000127e+02 2.408385935999999856e+04 4.166206879999999728e+03 -1.992547199999999918e+02 -2.055484800000000121e+02 3.791489759999999933e+03 5.863614880000000085e+03
1.119979360000000088e+04 -1.605147200000000112e+02 -7.943488000000000682e+01 -1.974869601599999878e+05 -1.974869601599999878e+05 -1.974869601599999878e+05 -9.543152000000000612e+01 1.373184000000000005e+01
-2.684860800000000154e+02 2.339288079999999900e+04 1.489063088000000062e+04 -2.324876800000000117e+02 -2.366358400000000017e+02 2.417745520000000033e+04 3.853473759999999857e+03 -1.948681599999999889e+02
-2.024016000000000020e+02 3.673386399999999867e+03 5.737334399999999732e+03 1.115700079999999980e+04 -1.572247999999999877e+02 -8.065072000000000685e+01 -1.974869601599999878e+05 -1.974869601599999878e+05
-1.974869601599999878e+05 -9.245152000000000214e+01 9.679040000000000532e+00 -2.634796799999999735e+02 2.327008095999999932e+04 1.471495391999999993e+04 -2.284110400000000141e+02 -2.293408000000000015e+02
-8.951919999999999789e+01 9.226079999999999615e+00 -2.578296000000000276e+02 2.313209504000000015e+04 1.452430544000000009e+04 -2.245012800000000084e+02 -2.230232000000000028e+02 2.416491535999999905e+04
3.160135040000000117e+03 -1.823521599999999978e+02 -1.897664000000000044e+02 3.306178879999999936e+03 5.331076960000000327e+03 1.092174768000000040e+04 -1.525998400000000004e+02 -7.700320000000000675e+01
-1.974869601599999878e+05 -1.974869601599999878e+05 -1.974869601599999878e+05 -8.467968000000000472e+01 1.282591999999999999e+01 -2.515120000000000005e+02 2.305354223999999886e+04 1.440408032000000094e+04
-2.181359999999999957e+02 -2.185651200000000074e+02 2.421636207999999897e+04 2.956350719999999910e+03 -1.751048000000000116e+02 -1.821137600000000134e+02 3.193296479999999974e+03 5.200004640000000109e+03
1.084443455999999969e+04 -1.495483199999999897e+02 -7.435696000000000083e+01 -1.974869601599999878e+05 -1.974869601599999878e+05 -1.974869601599999878e+05 -8.413136000000000081e+01 1.492384000000000022e+01
-2.493663999999999987e+02 2.310637168000000020e+04 1.443995952000000034e+04 -2.142024000000000115e+02 -2.171108800000000087e+02 2.442860959999999977e+04 2.958782400000000052e+03 -1.713619199999999978e+02
-1.780848000000000013e+02 3.220950879999999870e+03 5.228183519999999589e+03 1.089247215999999935e+04 -1.474265599999999949e+02 -7.290272000000000219e+01 -1.974869601599999878e+05 -1.974869601599999878e+05
-1.974869601599999878e+05 -8.787424000000000035e+01 1.640192000000000050e+01 -2.469108799999999917e+02 2.327112991999999940e+04 1.459019920000000093e+04 -2.139163200000000131e+02 -2.154182399999999973e+02
-9.037744000000000710e+01 1.878592000000000084e+01 -2.420952000000000055e+02 2.349179295999999886e+04 1.478380384000000049e+04 -2.120329600000000028e+02 -2.108171199999999885e+02 2.522600992000000042e+04
3.305821280000000115e+03 -1.688587200000000053e+02 -1.771788799999999924e+02 3.509844000000000051e+03 5.608097759999999653e+03 1.128871680000000015e+04 -1.428016000000000076e+02 -6.722880000000000678e+01
-1.974869601599999878e+05 -1.974869601599999878e+05 -1.974869601599999878e+05 -8.901855999999999369e+01 2.293408000000000158e+01 -2.397350399999999979e+02 2.372435215999999855e+04 1.499826848000000064e+04
-2.064067200000000071e+02 -2.060729599999999948e+02 2.567553696000000127e+04 3.475275999999999840e+03 -1.645436799999999948e+02 -1.720294399999999939e+02 3.669142879999999877e+03 5.827091999999999643e+03
1.152895247999999992e+04 -1.399169599999999889e+02 -6.622751999999999839e+01 -1.974869601599999878e+05 -1.974869601599999878e+05 -1.974869601599999878e+05 -8.672992000000000701e+01 2.224271999999999849e+01
-2.358491199999999992e+02 2.387695200000000114e+04 1.513870991999999933e+04 -2.010665600000000097e+02 -2.043087999999999909e+02 2.602066863999999987e+04 3.502358240000000023e+03 -1.621835199999999872e+02
-1.680720000000000027e+02 3.743237599999999929e+03 5.937161280000000261e+03 1.168560512000000017e+04 -1.380812799999999925e+02 -7.047104000000000212e+01 -1.974869601599999878e+05 -1.974869601599999878e+05
-1.974869601599999878e+05 -8.882783999999999480e+01 9.917439999999999145e+00 -2.329883199999999874e+02 2.387857312000000093e+04 1.511746847999999954e+04 -1.991593599999999924e+02 -2.041419199999999989e+02
-9.083039999999999736e+01 3.099200000000000177e+00 -2.293169599999999946e+02 2.375286479999999938e+04 1.495948079999999936e+04 -1.968468799999999987e+02 -1.983011199999999974e+02 2.616053791999999885e+04
2.964694719999999961e+03 -1.620404800000000023e+02 -1.660217600000000004e+02 3.449147359999999935e+03 5.638326879999999619e+03 1.155551023999999961e+04 -1.385580799999999897e+02 -7.376095999999999719e+01
-1.974869601599999878e+05 -1.974869601599999878e+05 -1.974869601599999878e+05 -9.063967999999999847e+01 1.549600000000000088e+00 -2.251449599999999975e+02 2.356002304000000004e+04 1.473204720000000088e+04
-1.954403200000000140e+02 -1.904339200000000005e+02 2.606880159999999887e+04 2.577699999999999818e+03 -1.607054400000000101e+02 -1.647105599999999868e+02 3.183307519999999840e+03 5.355155359999999746e+03
1.136610144000000037e+04 -1.398931200000000104e+02 -7.204448000000000718e+01 -1.974869601599999878e+05 -1.974869601599999878e+05 -1.974869601599999878e+05 -9.459712000000000387e+01 -9.845919999999999561e+00
-2.273144000000000062e+02 2.334651199999999881e+04 1.447903327999999965e+04 -1.974190399999999954e+02 -1.935092799999999897e+02 2.595491791999999987e+04 2.217906719999999950e+03 -1.636854399999999998e+02
-1.657356800000000021e+02 2.906358240000000023e+03 5.065856960000000072e+03 1.116129199999999946e+04 -1.455670399999999916e+02 -7.948256000000000654e+01 -1.974869601599999878e+05 -1.974869601599999878e+05
-1.974869601599999878e+05 -9.800624000000000535e+01 -1.456624000000000052e+01 -2.295315200000000004e+02 2.319724975999999879e+04 1.429243759999999929e+04 -1.967038400000000138e+02 -1.991116800000000069e+02
-9.752943999999999392e+01 -1.072799999999999976e+01 -2.287924800000000118e+02 2.318764224000000104e+04 1.426678576000000066e+04 -1.936999999999999886e+02 -1.992070400000000063e+02 2.603997903999999835e+04
1.976455200000000104e+03 -1.593942399999999964e+02 -1.628510400000000118e+02 2.668268160000000080e+03 4.826241119999999682e+03 1.101293568000000050e+04 -1.422294400000000110e+02 -8.539488000000000056e+01
-1.974869601599999878e+05 -1.974869601599999878e+05 -1.974869601599999878e+05 -9.245152000000000214e+01 -2.479359999999999786e+00 -2.214736000000000047e+02 2.331692655999999988e+04 1.439382912000000033e+04
-1.873347200000000043e+02 -1.932947200000000123e+02 2.633383088000000134e+04 2.122952000000000226e+03 -1.542686400000000049e+02 -1.596088000000000022e+02 2.746129600000000210e+03 4.939504960000000210e+03
1.114443712000000050e+04 -1.361025600000000111e+02 -8.186656000000000688e+01 -1.974869601599999878e+05 -1.974869601599999878e+05 -1.974869601599999878e+05 -8.589552000000000476e+01 7.819519999999999804e+00
-2.120568000000000097e+02 2.354085568000000058e+04 1.461506431999999950e+04 -1.794198399999999936e+02 -1.854513599999999940e+02 2.674194784000000072e+04 2.339657600000000002e+03 -1.485947199999999953e+02
-1.544832000000000107e+02 2.891219840000000204e+03 5.144719680000000153e+03 1.137339647999999943e+04 -1.307385600000000068e+02 -7.585887999999999920e+01 -1.974869601599999878e+05 -1.974869601599999878e+05
-1.974869601599999878e+05 -8.417904000000000053e+01 1.234911999999999921e+01 -2.066928000000000054e+02 2.378798112000000037e+04 1.486264271999999983e+04 -1.750571199999999976e+02 -1.821137600000000134e+02
-8.465583999999999776e+01 8.439360000000000639e+00 -2.043326399999999978e+02 2.395436047999999937e+04 1.502678111999999965e+04 -1.734598400000000140e+02 -1.808740799999999922e+02 2.750668735999999990e+04
2.566423679999999877e+03 -1.430876800000000060e+02 -1.500728000000000009e+02 3.105708320000000185e+03 5.457572000000000116e+03 1.179093023999999969e+04 -1.273294400000000053e+02 -7.593040000000000589e+01
-1.974869601599999878e+05 -1.974869601599999878e+05 -1.974869601599999878e+05 -8.034080000000000155e+01 5.697759999999999714e+00 -1.977766400000000147e+02 2.396334816000000137e+04 1.501650607999999920e+04
-1.699315200000000061e+02 -1.727207999999999970e+02 2.764512624000000142e+04 2.378087680000000091e+03 -1.381051199999999994e+02 -1.451617599999999868e+02 3.007892800000000079e+03 5.374203520000000026e+03
1.180256415999999990e+04 -1.232289600000000007e+02 -7.366559999999999775e+01 -1.974869601599999878e+05 -1.974869601599999878e+05 -1.974869601599999878e+05 -7.252128000000000441e+01 9.011520000000000863e+00
-1.874777599999999893e+02 2.384076287999999840e+04 1.486185599999999977e+04 -1.628272000000000048e+02 -1.619212799999999959e+02 2.761613680000000022e+04 2.033909599999999955e+03 -1.285929600000000050e+02
-1.349820799999999963e+02 2.782032639999999901e+03 5.141143680000000131e+03 1.168665408000000025e+04 -1.139552000000000049e+02 -6.756256000000000483e+01 -1.974869601599999878e+05 -1.974869601599999878e+05
-1.974869601599999878e+05 -6.806319999999999482e+01 6.532160000000000188e+00 -1.790383999999999958e+02 2.365390495999999985e+04 1.463883280000000013e+04 -1.552460800000000063e+02 -1.563188800000000072e+02
-6.613215999999999894e+01 -1.120479999999999920e+00 -1.725062399999999911e+02 2.345207551999999851e+04 1.439676144000000022e+04 -1.499535999999999945e+02 -1.519561600000000112e+02 2.737199135999999999e+04
1.289743999999999915e+03 -1.233481600000000071e+02 -1.258036799999999999e+02 2.203435840000000098e+03 4.528741759999999886e+03 1.131353424000000086e+04 -1.025835200000000071e+02 -5.781199999999999761e+01
-1.974869601599999878e+05 -1.974869601599999878e+05 -1.974869601599999878e+05 -6.529775999999999669e+01 -2.383999999999999897e+00 -1.687156799999999919e+02 2.331244464000000153e+04 1.422332544000000053e+04
-1.480225599999999986e+02 -1.461630399999999952e+02 2.731351183999999921e+04 1.074015840000000026e+03 -1.208211199999999934e+02 -1.235865600000000057e+02 1.995574879999999894e+03 4.311869279999999890e+03
1.118372544000000016e+04 -1.057304000000000030e+02 -5.492736000000000018e+01 -1.974869601599999878e+05 -1.974869601599999878e+05 -1.974869601599999878e+05 -6.634672000000000480e+01 4.767999999999999794e+00
-1.668084800000000030e+02 2.331811855999999898e+04 1.421107168000000092e+04 -1.479987199999999916e+02 -1.430638399999999990e+02 2.743106687999999849e+04 1.068914080000000013e+03 -1.192000000000000028e+02
-1.219415999999999940e+02 1.942530880000000025e+03 4.262448959999999715e+03 1.119056752000000051e+04 -1.102361599999999981e+02 -5.294863999999999749e+01 -1.974869601599999878e+05 -1.974869601599999878e+05
-1.974869601599999878e+05 -6.746720000000000539e+01 8.391680000000000916e+00 -1.665224000000000046e+02 2.345503168000000005e+04 1.433434831999999915e+04 -1.485947199999999953e+02 -1.432068800000000124e+02
-6.908831999999999596e+01 6.293759999999999799e+00 -1.663555200000000127e+02 2.364804032000000007e+04 1.450640159999999923e+04 -1.478318399999999997e+02 -1.453763199999999927e+02 2.807951487999999881e+04
1.418575360000000046e+03 -1.180795200000000023e+02 -1.231336000000000013e+02 2.102330399999999827e+03 4.511839200000000346e+03 1.152411296000000038e+04 -1.072800000000000011e+02 -6.181712000000000273e+01
-1.974869601599999878e+05 -1.974869601599999878e+05 -1.974869601599999878e+05 -7.149616000000000327e+01 5.983839999999999826e+00 -1.657595200000000091e+02 2.385158624000000054e+04 1.468989808000000085e+04
-1.464252799999999866e+02 -1.468543999999999983e+02 2.845344527999999991e+04 1.597566080000000056e+03 -1.179841600000000028e+02 -1.241110400000000027e+02 2.200026719999999841e+03 4.671066560000000209e+03
1.173445327999999972e+04 -1.082812799999999953e+02 -6.341440000000000055e+01 -1.974869601599999878e+05 -1.974869601599999878e+05 -1.974869601599999878e+05 -6.737184000000000594e+01 9.607519999999999172e+00
-1.611107199999999864e+02 2.398220560000000114e+04 1.480390096000000085e+04 -1.400361599999999953e+02 -1.405844800000000134e+02 2.872898800000000119e+04 1.631943359999999984e+03 -1.102600000000000051e+02
-1.176265599999999978e+02 2.214688320000000203e+03 4.722108000000000175e+03 1.186435743999999977e+04 -1.030603200000000044e+02 -5.998143999999999920e+01 -1.974869601599999878e+05 -1.974869601599999878e+05
-1.974869601599999878e+05 -5.645311999999999841e+01 1.208688000000000073e+01 -1.499774400000000014e+02 2.395848479999999836e+04 1.475295487999999932e+04 -1.274486399999999975e+02 -1.282115200000000073e+02
-4.672639999999999816e+01 8.248639999999999972e+00 -1.396070400000000120e+02 2.380223744000000079e+04 1.455791984000000048e+04 -1.152664000000000044e+02 -1.191046400000000034e+02 2.873087136000000100e+04
1.117523840000000064e+03 -8.901855999999999369e+01 -9.271375999999999351e+01 1.813651839999999993e+03 4.315588319999999840e+03 1.169347232000000076e+04 -8.415519999999999357e+01 -4.708400000000000318e+01
-1.974869601599999878e+05 -1.974869601599999878e+05 -1.974869601599999878e+05 -3.907376000000000005e+01 4.458079999999999821e+00 -1.308577600000000132e+02 2.357189535999999862e+04 1.428037456000000020e+04
-1.060641600000000011e+02 -1.123340800000000002e+02 2.855853199999999924e+04 7.279543999999999642e+02 -7.776608000000000231e+01 -8.127056000000000324e+01 1.479724960000000010e+03 3.961516639999999825e+03
1.147218944000000010e+04 -7.388016000000000361e+01 -3.983664000000000271e+01 -1.974869601599999878e+05 -1.974869601599999878e+05 -1.974869601599999878e+05 -3.499712000000000245e+01 2.646240000000000148e+00
-1.258752000000000066e+02 2.332384015999999974e+04 1.398442480000000069e+04 -1.029411199999999980e+02 -1.084243199999999945e+02 2.836852720000000045e+04 3.684233600000000024e+02 -7.168688000000000216e+01
-7.488143999999999778e+01 1.137072640000000092e+03 3.597694399999999860e+03 1.123221600000000035e+04 -6.915984000000000265e+01 -3.668975999999999971e+01 -1.974869601599999878e+05 -1.974869601599999878e+05
-1.974869601599999878e+05 -3.289920000000000044e+01 5.292480000000000295e+00 -1.253268800000000027e+02 2.314248928000000160e+04 1.375885072000000036e+04 -1.015107200000000063e+02 -1.081382399999999961e+02
-3.354287999999999670e+01 1.470927999999999969e+01 -1.225137600000000049e+02 2.310420223999999871e+04 1.368649632000000020e+04 -1.011054400000000015e+02 -1.029887999999999977e+02 2.830482672000000093e+04
1.465683199999999999e+02 -7.078095999999999322e+01 -7.471456000000000586e+01 7.755390400000000000e+02 3.227769119999999930e+03 1.102266239999999925e+04 -6.777711999999999648e+01 -2.622400000000000020e+01
-1.974869601599999878e+05 -1.974869601599999878e+05 -1.974869601599999878e+05 -3.776256000000000057e+01 2.057392000000000110e+01 -1.202728000000000037e+02 2.319314928000000145e+04 1.375208015999999952e+04
-1.033940800000000024e+02 -9.798239999999999839e+01 2.851209168000000136e+04 2.912771200000000249e+02 -7.306959999999999411e+01 -7.707471999999999923e+01 7.787574399999999741e+02 3.268559360000000197e+03
1.111268224000000009e+04 -7.056640000000000157e+01 -2.748751999999999995e+01 -1.974869601599999878e+05 -1.974869601599999878e+05 -1.974869601599999878e+05 -4.291199999999999903e+01 1.790383999999999887e+01
-1.222753600000000063e+02 2.334369887999999992e+04 1.388248495999999977e+04 -1.051343999999999994e+02 -1.008670400000000029e+02 2.879626448000000164e+04 4.782542399999999816e+02 -7.612112000000000478e+01
-8.098448000000000491e+01 8.184271999999999707e+02 3.368735040000000026e+03 1.126568735999999990e+04 -7.497679999999999723e+01 -3.363824000000000325e+01 -1.974869601599999878e+05 -1.974869601599999878e+05
-1.974869601599999878e+05 -4.510528000000000048e+01 1.771311999999999998e+01 -1.203443199999999962e+02 2.350781344000000172e+04 1.403074591999999939e+04 -1.016537600000000054e+02 -1.028696000000000055e+02
-4.303119999999999834e+01 1.728399999999999892e+01 -1.154571200000000033e+02 2.359192095999999947e+04 1.409535231999999996e+04 -9.743407999999999447e+01 -1.011531200000000013e+02 2.928870351999999912e+04
6.506889599999999518e+02 -6.980352000000000601e+01 -7.759919999999999618e+01 8.183318400000000565e+02 3.471151679999999942e+03 1.151412399999999980e+04 -7.504832000000000392e+01 -3.552159999999999940e+01
-1.974869601599999878e+05 -1.974869601599999878e+05 -1.974869601599999878e+05 -4.138624000000000080e+01 1.060880000000000045e+01 -1.104507200000000040e+02 2.352309488000000056e+04 1.399450912000000062e+04
-9.319056000000000495e+01 -9.729103999999999530e+01 2.929044383999999991e+04 4.349846400000000131e+02 -7.056640000000000157e+01 -7.604959999999999809e+01 6.130456000000000358e+02 3.278262240000000020e+03
1.144117360000000008e+04 -7.292655999999999494e+01 -3.540240000000000009e+01 -1.974869601599999878e+05 -1.974869601599999878e+05 -1.974869601599999878e+05 -4.315039999999999765e+01 3.194560000000000066e+00
-1.079236800000000045e+02 2.332417392000000109e+04 1.374912399999999980e+04 -9.032976000000000738e+01 -9.474016000000000304e+01 2.912847488000000158e+04 6.021983999999999781e+01 -7.519136000000000308e+01
-7.764687999999999590e+01 2.816457599999999957e+02 2.931580960000000232e+03 1.123605423999999948e+04 -7.476224000000000558e+01 -3.559311999999999898e+01 -1.974869601599999878e+05 -1.974869601599999878e+05
-1.974869601599999878e+05 -4.279279999999999973e+01 -4.696480000000000210e+00 -1.050390400000000000e+02 2.306107568000000174e+04 1.343124143999999978e+04 -8.901855999999999369e+01 -9.338128000000000384e+01
-3.838239999999999696e+01 -1.032272000000000034e+01 -9.860223999999999478e+01 2.279459216000000015e+04 1.310422816000000057e+04 -8.446511999999999887e+01 -8.599088000000000420e+01 2.863765696000000025e+04
-7.364891199999999571e+02 -6.915984000000000265e+01 -7.581119999999999948e+01 -4.961104000000000269e+02 2.113964320000000043e+03 1.070277728000000025e+04 -7.364176000000000499e+01 -2.901328000000000173e+01
-1.974869601599999878e+05 -1.974869601599999878e+05 -1.974869601599999878e+05 -3.599839999999999662e+01 -2.789280000000000204e+00 -9.304752000000000578e+01 2.259614800000000105e+04 1.285233472000000074e+04
-8.045999999999999375e+01 -7.714624000000000592e+01 2.846526991999999882e+04 -9.763672000000000253e+02 -6.508320000000000505e+01 -7.121008000000000493e+01 -7.958745599999999740e+02 1.800253760000000057e+03
1.050366560000000027e+04 -7.044719999999999516e+01 -2.372080000000000055e+01 -1.974869601599999878e+05 -1.974869601599999878e+05 -1.974869601599999878e+05 -3.657056000000000040e+01 9.679040000000000532e+00
-9.116415999999999542e+01 2.253821679999999833e+04 1.275506752000000051e+04 -7.821904000000000678e+01 -7.583504000000000644e+01 2.846169392000000153e+04 -1.006191040000000044e+03 -6.486863999999999919e+01
-7.123391999999999769e+01 -9.486412800000000516e+02 1.649394240000000082e+03 1.043779567999999927e+04 -6.577455999999999392e+01 -2.448367999999999967e+01 -1.974869601599999878e+05 -1.974869601599999878e+05
-1.974869601599999878e+05 -4.088559999999999661e+01 9.679040000000000532e+00 -9.309520000000000550e+01 2.260141663999999946e+04 1.277692879999999968e+04 -7.988783999999999708e+01 -8.217647999999999797e+01
-4.346032000000000295e+01 7.867200000000000415e+00 -9.392959999999999354e+01 2.273184528000000137e+04 1.286597119999999995e+04 -8.150896000000000186e+01 -8.653919999999999391e+01 2.885276527999999962e+04
-7.090254400000000032e+02 -6.946975999999999374e+01 -7.256896000000000413e+01 -9.770585600000000568e+02 1.704393119999999954e+03 1.063552463999999964e+04 -6.472560000000000002e+01 -3.208863999999999805e+01
-1.974869601599999878e+05 -1.974869601599999878e+05 -1.974869601599999878e+05 -4.377024000000000115e+01 9.083040000000000447e+00 -9.526463999999999999e+01 2.288146512000000075e+04 1.298412224000000060e+04
-8.079376000000000602e+01 -8.663455999999999335e+01 2.911243056000000070e+04 -5.615273600000000442e+02 -6.923135999999999513e+01 -7.259279999999999688e+01 -9.647809600000000501e+02 1.772503999999999905e+03
1.077830240000000049e+04 -6.076816000000000173e+01 -3.530704000000000065e+01 -1.974869601599999878e+05 -1.974869601599999878e+05 -1.974869601599999878e+05 -4.069487999999999772e+01 7.557280000000000442e+00
-9.357200000000000273e+01 2.296090000000000146e+04 1.302858383999999933e+04 -7.647871999999999559e+01 -8.279631999999999437e+01 2.927618751999999949e+04 -5.564971199999999953e+02 -6.567919999999999447e+01
-6.689503999999999451e+01 -1.042427840000000060e+03 1.735742719999999963e+03 1.083930896000000030e+04 -5.645311999999999841e+01 -3.406736000000000075e+01 -1.974869601599999878e+05 -1.974869601599999878e+05
-1.974869601599999878e+05 -3.647520000000000095e+01 5.459360000000000213e+00 -8.775503999999999394e+01 2.289030976000000010e+04 1.291012288000000081e+04 -6.954128000000000043e+01 -7.624031999999999698e+01
-3.537856000000000023e+01 4.315039999999999765e+00 -8.487040000000000362e+01 2.268101840000000084e+04 1.264089775999999983e+04 -6.644208000000000425e+01 -7.352255999999999858e+01 2.905733631999999852e+04
-1.130683520000000044e+03 -5.473664000000000129e+01 -5.390223999999999904e+01 -1.629583200000000033e+03 1.152592480000000023e+03 1.053120080000000053e+04 -5.027855999999999881e+01 -2.672464000000000084e+01
-1.974869601599999878e+05 -1.974869601599999878e+05 -1.974869601599999878e+05 -3.103968000000000060e+01 9.345280000000000697e+00 -7.945871999999999957e+01 2.240352079999999842e+04 1.229614752000000044e+04
-6.150719999999999743e+01 -6.474944000000000699e+01 2.877981488000000172e+04 -1.535152959999999894e+03 -4.961104000000000269e+01 -4.982560000000000144e+01 -2.038701440000000048e+03 7.202302399999999807e+02
1.024547839999999997e+04 -4.441391999999999740e+01 -2.188512000000000057e+01 -1.974869601599999878e+05 -1.974869601599999878e+05 -1.974869601599999878e+05 -2.195664000000000016e+01 1.888128000000000029e+01
-6.906448000000000320e+01 2.211584351999999853e+04 1.193785615999999936e+04 -5.275791999999999859e+01 -5.051695999999999742e+01 2.849120783999999912e+04 -1.899523519999999962e+03 -3.721423999999999666e+01
-4.028960000000000008e+01 -2.447605120000000170e+03 2.877726400000000240e+02 9.951650400000000445e+03 -3.511632000000000176e+01 -1.373184000000000005e+01 -1.974869601599999878e+05 -1.974869601599999878e+05
-1.974869601599999878e+05 -1.914351999999999876e+01 2.460287999999999897e+01 -6.541696000000000311e+01 2.189599104000000079e+04 1.165733087999999952e+04 -4.956336000000000297e+01 -4.598736000000000246e+01
-2.484128000000000114e+01 2.636703999999999937e+01 -6.834927999999999315e+01 2.181824880000000121e+04 1.154509216000000015e+04 -5.244800000000000040e+01 -4.965872000000000241e+01 2.825035232000000178e+04
-2.122737439999999879e+03 -3.573615999999999815e+01 -3.952671999999999741e+01 -2.927909599999999955e+03 -2.137494399999999928e+02 9.646403039999999237e+03 -3.742880000000000251e+01 -1.513840000000000074e+01
-1.974869601599999878e+05 -1.974869601599999878e+05 -1.974869601599999878e+05 -3.001455999999999946e+01 1.954879999999999995e+01 -7.283119999999999550e+01 2.187076831999999922e+04 1.156967120000000068e+04
-5.602400000000000091e+01 -5.685840000000000316e+01 2.838249743999999919e+04 -1.961388320000000022e+03 -4.100480000000000302e+01 -4.467616000000000298e+01 -2.976662400000000162e+03 -2.292215999999999951e+02
9.691293760000000475e+03 -4.079023999999999717e+01 -2.090767999999999915e+01 -1.974869601599999878e+05 -1.974869601599999878e+05 -1.974869601599999878e+05 -3.459183999999999770e+01 9.869759999999999422e+00
-7.624031999999999698e+01 2.199278143999999884e+04 1.165449392000000080e+04 -5.979072000000000031e+01 -6.381967999999999819e+01 2.860409024000000136e+04 -1.742608639999999923e+03 -4.539135999999999882e+01
-4.856208000000000169e+01 -2.973849279999999908e+03 -1.699315200000000061e+02 9.811113600000000588e+03 -4.315039999999999765e+01 -2.350624000000000180e+01 -1.974869601599999878e+05 -1.974869601599999878e+05
-1.974869601599999878e+05 -3.690431999999999846e+01 7.867200000000000415e+00 -7.743232000000000426e+01 2.212866944000000149e+04 1.175207104000000072e+04 -6.353359999999999985e+01 -6.641823999999999728e+01
-3.509248000000000189e+01 2.670080000000000009e+00 -7.600191999999999837e+01 2.218474111999999877e+04 1.176825840000000062e+04 -6.286608000000000374e+01 -6.591760000000000730e+01 2.898166816000000108e+04
-1.494791840000000093e+03 -4.398479999999999990e+01 -4.930111999999999739e+01 -3.032781759999999849e+03 -1.317636799999999937e+02 9.993656479999999647e+03 -4.422319999999999851e+01 -2.643855999999999895e+01
-1.974869601599999878e+05 -1.974869601599999878e+05 -1.974869601599999878e+05 -2.939471999999999952e+01 -6.722879999999999967e+00 -7.001807999999999765e+01 2.208787919999999940e+04 1.161825712000000021e+04
-5.747823999999999955e+01 -6.150719999999999743e+01 2.893026912000000084e+04 -1.659812320000000000e+03 -3.857312000000000296e+01 -4.336496000000000350e+01 -3.259929279999999835e+03 -3.447264000000000124e+02
9.889571040000000721e+03 -4.124320000000000164e+01 -2.269567999999999941e+01 -1.974869601599999878e+05 -1.974869601599999878e+05 -1.974869601599999878e+05 -2.264799999999999969e+01 -1.013199999999999967e+01
-6.155487999999999715e+01 2.186878960000000006e+04 1.134185615999999936e+04 -5.035007999999999839e+01 -5.223344000000000165e+01 2.872469680000000153e+04 -1.964821280000000115e+03 -3.156416000000000111e+01
-3.421039999999999992e+01 -3.605132480000000214e+03 -7.026363199999999551e+02 9.657989279999999781e+03 -3.769104000000000099e+01 -1.661647999999999925e+01 -1.974869601599999878e+05 -1.974869601599999878e+05
-1.974869601599999878e+05 -1.604431999999999903e+01 -9.226079999999999615e+00 -5.490352000000000032e+01 2.159131583999999930e+04 1.101269728000000032e+04 -4.236368000000000222e+01 -4.520063999999999993e+01
-1.253983999999999988e+01 -1.237296000000000085e+01 -5.261487999999999943e+01 2.129560448000000179e+04 1.066358431999999993e+04 -3.785792000000000002e+01 -4.496224000000000132e+01 2.814393056000000070e+04
-2.631006240000000162e+03 -2.167056000000000182e+01 -2.267183999999999955e+01 -4.400077280000000428e+03 -1.540135520000000042e+03 9.073241760000000795e+03 -3.204095999999999833e+01 -1.199151999999999951e+01
-1.974869601599999878e+05 -1.974869601599999878e+05 -1.974869601599999878e+05 -1.149088000000000065e+01 -1.273056000000000054e+01 -5.175663999999999731e+01 2.106240160000000105e+04 1.037681295999999929e+04
-3.523552000000000106e+01 -4.617808000000000135e+01 2.791745056000000113e+04 -2.812333279999999831e+03 -2.119376000000000104e+01 -2.410223999999999833e+01 -4.710450240000000122e+03 -1.868340799999999945e+03
8.838584639999999126e+03 -2.684384000000000015e+01 -1.389872000000000085e+01 -1.974869601599999878e+05 -1.974869601599999878e+05 -1.974869601599999878e+05 -8.558559999999999945e+00 -9.774399999999999755e-01
-4.787071999999999861e+01 2.098220383999999831e+04 1.025673087999999916e+04 -2.941855999999999938e+01 -4.300735999999999848e+01 2.787775695999999880e+04 -2.772639680000000226e+03 -1.718863999999999947e+01
-2.188512000000000057e+01 -4.859640959999999723e+03 -2.015195200000000114e+03 8.747563519999999698e+03 -2.331551999999999936e+01 -1.318351999999999968e+01 -1.974869601599999878e+05 -1.974869601599999878e+05
-1.974869601599999878e+05 -9.845919999999999561e+00 7.175839999999999996e+00 -4.684559999999999746e+01 2.103205328000000009e+04 1.027658959999999934e+04 -2.670080000000000098e+01 -4.036111999999999966e+01
-1.299280000000000079e+01 7.581120000000000303e+00 -4.872896000000000072e+01 2.114584159999999974e+04 1.036224671999999919e+04 -2.662928000000000139e+01 -3.971744000000000341e+01 2.821900272000000041e+04
-2.341707840000000033e+03 -1.561519999999999975e+01 -2.024015999999999948e+01 -4.879428160000000389e+03 -1.942554720000000088e+03 8.910939039999999295e+03 -2.128912000000000049e+01 -1.234911999999999921e+01
-1.974869601599999878e+05 -1.974869601599999878e+05 -1.974869601599999878e+05 -1.346959999999999980e+01 7.676479999999999748e+00 -4.908655999999999864e+01 2.128368447999999989e+04 1.047813296000000082e+04
-2.653391999999999840e+01 -4.002736000000000161e+01 2.845566240000000107e+04 -2.133513120000000072e+03 -1.664031999999999911e+01 -1.990640000000000143e+01 -4.858830399999999827e+03 -1.866052159999999958e+03
9.044490719999999783e+03 -2.045472000000000179e+01 -1.282591999999999999e+01 -1.974869601599999878e+05 -1.974869601599999878e+05 -1.974869601599999878e+05 -1.568671999999999933e+01 3.576000000000000290e-01
-5.120832000000000050e+01 2.134287919999999940e+04 1.051322544000000016e+04 -2.894175999999999860e+01 -4.284047999999999945e+01 2.858740223999999944e+04 -2.073936959999999999e+03 -1.861904000000000181e+01
-2.069312000000000040e+01 -4.923937439999999697e+03 -1.896758080000000064e+03 9.093529599999999846e+03 -2.112224000000000146e+01 -1.857135999999999854e+01 -1.974869601599999878e+05 -1.974869601599999878e+05
-1.974869601599999878e+05 -1.442319999999999958e+01 -6.269919999999999938e+00 -4.992096000000000089e+01 2.124487296000000060e+04 1.037771888000000035e+04 -2.865568000000000026e+01 -3.995584000000000202e+01
-1.101407999999999987e+01 -4.577280000000000015e+00 -4.496224000000000132e+01 2.102001408000000083e+04 1.009926768000000084e+04 -2.360160000000000124e+01 -3.380512000000000228e+01 2.830496975999999995e+04
-2.553716960000000199e+03 -1.306432000000000038e+01 -1.366032000000000046e+01 -5.496145120000000134e+03 -2.472565599999999904e+03 8.761176160000000891e+03 -1.609199999999999875e+01 -1.594895999999999958e+01
-1.974869601599999878e+05 -1.974869601599999878e+05 -1.974869601599999878e+05 -8.677759999999999252e+00 -2.741600000000000037e+00 -3.974128000000000327e+01 2.072938063999999940e+04 9.749558720000000903e+03
-1.878592000000000084e+01 -2.720144000000000162e+01 2.800151039999999921e+04 -2.916633280000000013e+03 -1.039423999999999992e+01 -1.001280000000000037e+01 -5.900304640000000290e+03 -2.901494880000000194e+03
8.466871359999999186e+03 -1.287359999999999971e+01 -1.163391999999999982e+01 -1.974869601599999878e+05 -1.974869601599999878e+05 -1.974869601599999878e+05 -5.816959999999999908e+00 -4.362720000000000375e+00
-3.380512000000000228e+01 2.042286976000000141e+04 9.386189440000000104e+03 -1.654495999999999967e+01 -2.138447999999999993e+01 2.767711952000000019e+04 -3.255399679999999989e+03 -6.389120000000000132e+00
-6.627519999999999634e+00 -6.309184479999999894e+03 -3.336169600000000173e+03 8.159478399999999965e+03 -9.798239999999999839e+00 -8.939999999999999503e+00 -1.974869601599999878e+05 -1.974869601599999878e+05
-1.974869601599999878e+05 -4.577280000000000015e+00 -2.670080000000000009e+00 -3.137343999999999866e+01 2.018980991999999969e+04 9.104758239999999205e+03 -1.504303999999999952e+01 -1.945344000000000051e+01
-4.195840000000000458e+00 5.340160000000000018e+00 -3.089664000000000144e+01 2.010725200000000041e+04 8.991852000000000771e+03 -1.361264000000000074e+01 -1.802304000000000173e+01 2.739163551999999981e+04
-3.421397600000000239e+03 -2.097920000000000229e+00 -4.696480000000000210e+00 -6.781073440000000119e+03 -3.825676320000000032e+03 7.830176480000000083e+03 -6.293759999999999799e+00 -5.959999999999999742e-01
-1.974869601599999878e+05 -1.974869601599999878e+05 -1.974869601599999878e+05 -8.081759999999999167e+00 7.771840000000000082e+00 -3.382896000000000214e+01 2.014925807999999961e+04 9.015262880000000223e+03
-1.623504000000000147e+01 -2.190896000000000043e+01 2.750163328000000183e+04 -3.241238719999999830e+03 -3.981279999999999930e+00 -7.557280000000000442e+00 -6.825153599999999642e+03 -3.836952639999999974e+03
7.860953919999999925e+03 -1.003664000000000023e+01 -2.908479999999999954e+00 -1.974869601599999878e+05 -1.974869601599999878e+05 -1.974869601599999878e+05 -1.118096000000000068e+01 8.606239999999999668e+00
-3.664207999999999998e+01 2.025744399999999951e+04 9.099584960000000137e+03 -1.892896000000000001e+01 -2.677232000000000056e+01 2.770002976000000126e+04 -3.010252959999999803e+03 -7.461920000000000108e+00
-1.068032000000000004e+01 -6.825105919999999969e+03 -3.779569759999999860e+03 7.963513600000000224e+03 -1.428016000000000041e+01 -9.726720000000000255e+00 -1.974869601599999878e+05 -1.974869601599999878e+05
-1.974869601599999878e+05 -8.153280000000000527e+00 1.752240000000000109e+01 -3.165952000000000055e+01 2.038119743999999992e+04 9.192560960000000705e+03 -1.611583999999999861e+01 -2.324399999999999977e+01
-3.409120000000000150e+00 2.150367999999999924e+01 -2.181360000000000099e+01 2.042630271999999968e+04 9.203861119999999573e+03 -1.094256000000000029e+01 -1.230143999999999949e+01 2.803500560000000041e+04
-2.751112160000000131e+03 1.501919999999999922e+00 -5.745440000000000325e+00 -6.893479040000000168e+03 -3.756611840000000029e+03 8.125506400000000212e+03 -6.699040000000000106e+00 2.074079999999999924e+00
-1.974869601599999878e+05 -1.974869601599999878e+05 -1.974869601599999878e+05 6.675200000000000022e-01 1.473311999999999955e+01 -1.592511999999999972e+01 2.031003503999999884e+04 9.046183360000000903e+03
-7.628800000000000026e+00 -5.721600000000000463e+00 2.795242383999999947e+04 -2.922497919999999795e+03 4.100480000000000125e+00 -1.048960000000000115e+00 -7.130067200000000412e+03 -3.983282560000000103e+03
8.006926239999999780e+03 -6.985120000000000218e+00 6.985120000000000218e+00 -1.974869601599999878e+05 -1.974869601599999878e+05 -1.974869601599999878e+05 9.774399999999999755e-01 -1.239679999999999893e+00
-1.737935999999999837e+01 2.006197983999999997e+04 8.750471999999999753e+03 -7.342719999999999914e+00 -1.182464000000000048e+01 2.770682416000000012e+04 -3.248652959999999894e+03 2.288640000000000008e+00
-9.774399999999999755e-01 -7.492912000000000262e+03 -4.358285759999999755e+03 7.758179680000000189e+03 -8.105600000000000804e+00 4.052799999999999736e-01 -1.974869601599999878e+05 -1.974869601599999878e+05
-1.974869601599999878e+05 1.382719999999999949e+00 -1.211072000000000060e+01 -1.652111999999999981e+01 1.975611263999999937e+04 8.394683839999999691e+03 -5.316320000000000157e+00 -1.525760000000000005e+01
6.961280000000000356e+00 -7.748000000000000220e+00 -1.096640000000000015e+01 1.944275967999999921e+04 8.026999520000000302e+03 -1.263519999999999976e+00 -9.035360000000000724e+00 2.704206959999999890e+04
-3.953315680000000157e+03 9.392960000000000420e+00 3.576000000000000068e+00 -8.333820320000000720e+03 -5.243512639999999919e+03 7.127111039999999775e+03 -2.550879999999999814e+00 1.430400000000000005e-01
-1.974869601599999878e+05 -1.974869601599999878e+05 -1.974869601599999878e+05 1.022736000000000089e+01 6.436800000000000299e-01 -6.913599999999999746e+00 1.919060399999999936e+04 7.725304320000000189e+03
8.820799999999999752e-01 -5.316320000000000157e+00 2.678505055999999968e+04 -4.141842400000000453e+03 1.246832000000000029e+01 5.769280000000000186e+00 -8.668653120000000854e+03 -5.592625600000000304e+03
6.874168639999999868e+03 -1.716480000000000006e+00 1.621119999999999894e+00 -1.974869601599999878e+05 -1.974869601599999878e+05 -1.974869601599999878e+05 7.628800000000000026e+00 4.911039999999999850e+00
-9.273759999999999337e+00 1.907731632000000172e+04 7.574683200000000397e+03 -1.859520000000000062e+00 -7.748000000000000220e+00 2.670380384000000049e+04 -4.119599680000000262e+03 9.273759999999999337e+00
3.289919999999999956e+00 -8.848811999999999898e+03 -5.771020319999999629e+03 6.756542080000000169e+03 -3.504480000000000040e+00 9.536000000000000032e-02 -1.974869601599999878e+05 -1.974869601599999878e+05
-1.974869601599999878e+05 5.244799999999999685e+00 4.887199999999999989e+00 -1.428016000000000041e+01 1.909419503999999870e+04 7.558471999999999753e+03 -4.982560000000000322e+00 -1.072799999999999976e+01
6.150719999999999743e+00 5.769280000000000186e+00 -1.518608000000000047e+01 1.918421487999999954e+04 7.618095839999999953e+03 -3.599839999999999929e+00 -8.939999999999999503e+00 2.696797488000000158e+04
-3.708860320000000229e+03 7.032799999999999940e+00 4.076640000000000263e+00 -8.913108480000000782e+03 -5.743938079999999900e+03 6.865109440000000177e+03 -1.287360000000000060e+00 -2.670080000000000009e+00
-1.974869601599999878e+05 -1.974869601599999878e+05 -1.974869601599999878e+05 6.722879999999999967e+00 9.273759999999999337e+00 -1.263519999999999932e+01 1.930122160000000076e+04 7.710165920000000369e+03
-2.646240000000000148e+00 -5.363999999999999879e+00 2.717678944000000047e+04 -3.495778400000000147e+03 8.606239999999999668e+00 4.195840000000000458e+00 -8.912488639999999577e+03 -5.681954080000000431e+03
6.975321759999999813e+03 3.146879999999999900e+00 1.478080000000000060e+00 -1.974869601599999878e+05 -1.974869601599999878e+05 -1.974869601599999878e+05 4.672640000000000349e+00 8.153280000000000527e+00
-1.046575999999999951e+01 1.934146352000000115e+04 7.723349439999999959e+03 -2.670080000000000009e+00 -4.076640000000000263e+00 2.728166159999999945e+04 -3.432960000000000036e+03 8.725440000000000751e+00
3.981279999999999930e+00 -8.999123199999999997e+03 -5.728275200000000041e+03 7.002141760000000431e+03 4.267360000000000042e+00 3.146879999999999900e+00 -1.974869601599999878e+05 -1.974869601599999878e+05
-1.974869601599999878e+05 5.411679999999999602e+00 7.867199999999999749e-01 -9.535999999999999588e+00 1.921737631999999940e+04 7.554013920000000326e+03 -5.959999999999999742e-01 -1.883359999999999923e+00
1.151472000000000051e+01 -4.005119999999999791e+00 -7.223519999999999719e+00 1.896505375999999887e+04 7.238491519999999582e+03 3.337600000000000122e+00 -3.099199999999999733e-01 2.693397903999999835e+04
-3.899556480000000192e+03 1.723631999999999920e+01 1.432784000000000013e+01 -9.601512319999999818e+03 -6.325443360000000212e+03 6.625565120000000206e+03 7.652639999999999887e+00 3.528319999999999901e+00
-1.974869601599999878e+05 -1.974869601599999878e+05 -1.974869601599999878e+05 1.630656000000000105e+01 -5.769280000000000186e+00 -5.101759999999999629e+00 1.864833936000000176e+04 6.856145599999999831e+03
6.055360000000000298e+00 8.582400000000000029e-01 2.660319903999999951e+04 -4.255797599999999875e+03 2.295792000000000144e+01 1.883360000000000056e+01 -1.001423040000000037e+04 -6.760094240000000354e+03
6.318005280000000312e+03 1.346959999999999980e+01 2.336320000000000174e+00 -1.974869601599999878e+05 -1.974869601599999878e+05 -1.974869601599999878e+05 1.482848000000000077e+01 -7.914880000000000138e+00
-5.816959999999999908e+00 1.832256576000000132e+04 6.469961440000000039e+03 5.054079999999999906e+00 1.597280000000000033e+00 2.626502864000000045e+04 -4.573775520000000142e+03 1.950112000000000023e+01
1.664031999999999911e+01 -1.042604255999999987e+04 -7.194673600000000079e+03 6.000313439999999900e+03 1.077567999999999948e+01 7.867199999999999749e-01 -1.974869601599999878e+05 -1.974869601599999878e+05
-1.974869601599999878e+05 1.127632000000000012e+01 -2.908479999999999954e+00 -6.818240000000000300e+00 1.807622704000000158e+04 6.174774559999999838e+03 3.909759999999999902e+00 2.240959999999999841e+00
8.939999999999999503e+00 8.057919999999999305e+00 -6.508320000000000327e+00 1.798480064000000129e+04 6.052761440000000221e+03 4.863360000000000127e+00 2.097920000000000229e+00 2.597193967999999950e+04
-4.681913760000000366e+03 1.442319999999999958e+01 1.296895999999999916e+01 -1.087912175999999999e+04 -7.669876320000000305e+03 5.667697760000000017e+03 5.411679999999999602e+00 3.671359999999999957e+00
-1.974869601599999878e+05 -1.974869601599999878e+05 -1.974869601599999878e+05 5.173280000000000101e+00 1.056112000000000073e+01 -9.631360000000000809e+00 1.802137120000000141e+04 6.064657600000000457e+03
2.050240000000000062e+00 -2.312479999999999869e+00 2.607898127999999997e+04 -4.469642399999999725e+03 1.118096000000000068e+01 8.987679999999999225e+00 -1.090715760000000046e+04 -7.666896319999999832e+03
5.704721279999999751e+03 2.288640000000000008e+00 1.692639999999999922e+00 -1.974869601599999878e+05 -1.974869601599999878e+05 -1.974869601599999878e+05 6.436800000000000299e-01 7.867200000000000415e+00
-1.377951999999999977e+01 1.812111776000000100e+04 6.136249120000000403e+03 -2.765439999999999898e+00 -7.581120000000000303e+00 2.627342032000000108e+04 -4.208379839999999604e+03 6.746719999999999828e+00
4.911039999999999850e+00 -1.088942064000000028e+04 -7.593802880000000187e+03 5.810332480000000032e+03 8.344000000000000306e-01 -1.907200000000000006e+00 -1.974869601599999878e+05 -1.974869601599999878e+05
-1.974869601599999878e+05 2.384000000000000008e-02 1.017967999999999940e+01 -1.127632000000000012e+01 1.824494271999999910e+04 6.229129759999999806e+03 -2.622399999999999842e+00 -6.651360000000000383e+00
0.000000000000000000e+00 7.152000000000000135e+00 -8.487040000000000362e+00 1.829164528000000064e+04 6.240358400000000074e+03 -1.096640000000000059e+00 -3.599839999999999929e+00 2.660729952000000048e+04
-3.879220960000000105e+03 7.581120000000000303e+00 5.483200000000000074e+00 -1.091140112000000045e+04 -7.520137279999999919e+03 5.982528800000000047e+03 4.315039999999999765e+00 2.193280000000000118e+00
-1.974869601599999878e+05 -1.974869601599999878e+05 -1.974869601599999878e+05 4.863360000000000127e+00 4.052799999999999736e-01 -1.382719999999999949e+00 1.819037296000000060e+04 6.097985920000000078e+03
6.842080000000000162e+00 3.456799999999999873e+00 2.654045216000000073e+04 -4.001329439999999977e+03 1.256367999999999974e+01 1.077567999999999948e+01 -1.110886784000000080e+04 -7.710952640000000429e+03
5.883425919999999678e+03 7.771840000000000082e+00 6.103040000000000020e+00 -1.974869601599999878e+05 -1.974869601599999878e+05 -1.974869601599999878e+05 1.237296000000000085e+01 -2.860800000000000010e-01
7.509599999999999831e+00 1.797168864000000031e+04 5.834792320000000473e+03 1.490000000000000036e+01 1.220608000000000004e+01 2.632825231999999960e+04 -4.260947040000000015e+03 2.078847999999999985e+01
2.033551999999999893e+01 -1.141909776000000056e+04 -8.035844159999999647e+03 5.669056639999999788e+03 1.678336000000000183e+01 1.459008000000000038e+01 -1.974869601599999878e+05 -1.974869601599999878e+05
-1.974869601599999878e+05 1.342192000000000007e+01 -2.765439999999999898e+00 8.773120000000000474e+00 1.769588367999999900e+04 5.512713920000000144e+03 1.549600000000000044e+01 1.287359999999999971e+01
1.613967999999999847e+01 -4.124319999999999986e+00 9.202239999999999753e+00 1.742656320000000051e+04 5.187274080000000140e+03 1.711711999999999989e+01 1.401792000000000016e+01 2.576128944000000047e+04
-4.798562880000000405e+03 2.646239999999999881e+01 2.405455999999999861e+01 -1.210034959999999955e+04 -8.763202559999999721e+03 5.151585600000000341e+03 1.673567999999999856e+01 1.556752000000000002e+01
-1.974869601599999878e+05 -1.974869601599999878e+05 -1.974869601599999878e+05 1.563903999999999961e+01 -1.907200000000000006e-01 7.414240000000000386e+00 1.724561760000000140e+04 4.956121439999999893e+03
1.661647999999999925e+01 1.385103999999999935e+01 2.558518335999999908e+04 -4.883600159999999960e+03 2.774975999999999843e+01 2.507967999999999975e+01 -1.231855711999999949e+04 -8.993711520000000746e+03
4.987232640000000174e+03 1.315967999999999982e+01 9.178399999999999892e+00 -1.974869601599999878e+05 -1.974869601599999878e+05 -1.974869601599999878e+05 1.110943999999999932e+01 8.892319999999999780e+00
3.289919999999999956e+00 1.723057456000000093e+04 4.916237119999999777e+03 1.456624000000000052e+01 9.178399999999999892e+00 2.561002463999999964e+04 -4.739177440000000388e+03 2.538960000000000150e+01
2.140831999999999979e+01 -1.236073007999999936e+04 -9.031450240000000122e+03 4.979413120000000163e+03 9.083040000000000447e+00 6.603679999999999772e+00 -1.974869601599999878e+05 -1.974869601599999878e+05
-1.974869601599999878e+05 1.044191999999999965e+01 1.559135999999999989e+01 2.312479999999999869e+00 1.736770223999999871e+04 5.039227679999999964e+03 1.437551999999999985e+01 6.484479999999999578e+00
1.053728000000000087e+01 1.702176000000000045e+01 1.549600000000000088e+00 1.759024864000000161e+04 5.247779999999999745e+03 1.275440000000000040e+01 5.578560000000000407e+00 2.613381327999999849e+04
-4.054087359999999990e+03 2.212351999999999919e+01 2.126528000000000063e+01 -1.211236496000000079e+04 -8.686008640000000014e+03 5.357730080000000271e+03 1.413711999999999946e+01 1.859520000000000062e+00
-1.974869601599999878e+05 -1.974869601599999878e+05 -1.974869601599999878e+05 9.988960000000000505e+00 2.066928000000000054e+01 1.168160000000000087e+00 1.783856608000000051e+04 5.489946719999999914e+03
1.077567999999999948e+01 5.959999999999999964e+00 2.647567887999999948e+04 -3.703853920000000016e+03 1.933424000000000120e+01 1.706944000000000017e+01 -1.194224272000000019e+04 -8.452185919999999896e+03
5.610124160000000302e+03 1.475695999999999941e+01 2.550879999999999814e+00 -1.974869601599999878e+05 -1.974869601599999878e+05 -1.974869601599999878e+05 7.962559999999999860e+00 1.797535999999999845e+01
1.859520000000000062e+00 1.801052400000000125e+04 5.652106399999999667e+03 1.106175999999999959e+01 6.412959999999999994e+00 2.672044415999999910e+04 -3.512704799999999977e+03 1.816608000000000089e+01
1.542448000000000086e+01 -1.185789680000000044e+04 -8.322257920000000013e+03 5.780675519999999779e+03 1.394640000000000057e+01 4.863360000000000127e+00 -1.974869601599999878e+05 -1.974869601599999878e+05
-1.974869601599999878e+05 6.746719999999999828e+00 1.270672000000000068e+01 3.981279999999999930e+00 1.802504256000000169e+04 5.636228960000000370e+03 1.237296000000000085e+01 9.464480000000000004e+00
6.198400000000000354e+00 1.070415999999999990e+01 6.198400000000000354e+00 1.791003840000000127e+04 5.477430720000000292e+03 1.237296000000000085e+01 1.344575999999999993e+01 2.665581392000000051e+04
-3.748100960000000214e+03 1.878592000000000084e+01 1.880976000000000070e+01 -1.211796736000000055e+04 -8.563518720000000030e+03 5.699738720000000285e+03 1.478079999999999927e+01 9.655200000000000671e+00
-1.974869601599999878e+05 -1.974869601599999878e+05 -1.974869601599999878e+05 8.582399999999999807e+00 1.039423999999999992e+01 9.583679999999999310e+00 1.773431376000000091e+04 5.255671040000000175e+03
1.370800000000000018e+01 2.140831999999999979e+01 2.647083936000000176e+04 -3.987669120000000021e+03 2.000176000000000087e+01 2.064544000000000068e+01 -1.235870368000000053e+04 -8.819369599999999991e+03
5.534837440000000242e+03 1.432784000000000013e+01 1.296895999999999916e+01 -1.974869601599999878e+05 -1.974869601599999878e+05 -1.974869601599999878e+05 1.137167999999999957e+01 5.483200000000000074e+00
1.110943999999999932e+01 1.754736047999999937e+04 5.024423039999999673e+03 1.404176000000000002e+01 2.434064000000000050e+01 2.627175152000000162e+04 -4.193980480000000171e+03 2.248112000000000066e+01
2.248112000000000066e+01 -1.259836720000000059e+04 -9.069665759999999864e+03 5.362974879999999757e+03 1.380335999999999963e+01 1.380335999999999963e+01 -1.974869601599999878e+05 -1.974869601599999878e+05
-1.974869601599999878e+05 8.582399999999999807e+00 -1.597280000000000033e+00 8.177120000000000388e+00 1.743047295999999915e+04 4.870750399999999900e+03 1.256367999999999974e+01 1.714095999999999975e+01
9.559839999999999449e+00 7.128160000000000274e+00 1.053728000000000087e+01 1.746587536000000182e+04 4.887056959999999890e+03 1.544832000000000072e+01 1.842831999999999937e+01 2.621999487999999837e+04
-4.117644800000000032e+03 2.684384000000000015e+01 2.224271999999999849e+01 -1.272696016000000054e+04 -9.197424320000000080e+03 5.307427679999999782e+03 1.609199999999999875e+01 1.010815999999999981e+01
-1.974869601599999878e+05 -1.974869601599999878e+05 -1.974869601599999878e+05 1.430400000000000027e+01 2.100303999999999860e+01 1.408943999999999974e+01 1.763101503999999841e+04 5.039895199999999932e+03
1.931040000000000134e+01 2.226655999999999835e+01 2.644976480000000083e+04 -3.826200800000000072e+03 3.151648000000000138e+01 2.600944000000000145e+01 -1.259431439999999930e+04 -9.030496639999999388e+03
5.475404319999999643e+03 1.916735999999999862e+01 1.320735999999999954e+01 -1.974869601599999878e+05 -1.974869601599999878e+05 -1.974869601599999878e+05 1.675951999999999842e+01 2.770207999999999871e+01
1.559135999999999989e+01 1.785508720000000176e+04 5.245443680000000313e+03 2.353008000000000166e+01 2.224271999999999849e+01 2.676447664000000077e+04 -3.493322880000000168e+03 3.297072000000000003e+01
2.670080000000000098e+01 -1.242247567999999956e+04 -8.801489600000000792e+03 5.708297279999999773e+03 2.164671999999999841e+01 1.344575999999999993e+01 -1.974869601599999878e+05 -1.974869601599999878e+05
-1.974869601599999878e+05 1.752240000000000109e+01 3.154032000000000124e+01 1.611583999999999861e+01 1.809408320000000094e+04 5.468967520000000150e+03 2.615248000000000062e+01 2.291024000000000171e+01
1.823760000000000048e+01 3.087280000000000157e+01 1.833295999999999992e+01 1.825881759999999849e+04 5.618348960000000261e+03 2.667696000000000112e+01 2.634319999999999951e+01 2.732838799999999901e+04
-3.027393919999999980e+03 3.373360000000000269e+01 2.867952000000000012e+01 -1.216076015999999981e+04 -8.436594559999999547e+03 6.125926400000000285e+03 2.331551999999999936e+01 1.687872000000000128e+01
-1.974869601599999878e+05 -1.974869601599999878e+05 -1.974869601599999878e+05 2.066928000000000054e+01 2.078847999999999985e+01 2.221887999999999863e+01 1.826503984000000128e+04 5.600445120000000315e+03
2.875103999999999971e+01 2.827423999999999893e+01 2.736593600000000151e+04 -3.090498399999999947e+03 3.792943999999999960e+01 3.254160000000000252e+01 -1.222610560000000078e+04 -8.485657279999999446e+03
6.140683359999999993e+03 2.357776000000000138e+01 2.055008000000000123e+01 -1.974869601599999878e+05 -1.974869601599999878e+05 -1.974869601599999878e+05 2.159903999999999868e+01 8.820800000000000196e+00
2.233808000000000149e+01 1.814393263999999908e+04 5.448870399999999790e+03 3.049136000000000024e+01 2.550880000000000081e+01 2.724413743999999861e+04 -3.310017119999999977e+03 3.983664000000000271e+01
3.537856000000000023e+01 -1.241200992000000042e+04 -8.681526719999999841e+03 6.025059360000000197e+03 2.362544000000000111e+01 2.159903999999999868e+01 -1.974869601599999878e+05 -1.974869601599999878e+05
-1.974869601599999878e+05 2.150367999999999924e+01 2.431680000000000064e+00 2.085999999999999943e+01 1.795933952000000136e+04 5.227372959999999694e+03 3.094432000000000116e+01 2.431680000000000064e+01
2.445983999999999980e+01 9.059200000000000585e-01 2.298176000000000130e+01 1.775917887999999948e+04 4.986684320000000298e+03 3.251776000000000266e+01 2.679616000000000042e+01 2.683182463999999891e+04
-3.805316960000000108e+03 4.305503999999999820e+01 3.561695999999999884e+01 -1.288110959999999977e+04 -9.190319999999999709e+03 5.674706720000000132e+03 2.226655999999999835e+01 2.381616000000000000e+01
-1.974869601599999878e+05 -1.974869601599999878e+05 -1.974869601599999878e+05 2.858416000000000068e+01 5.959999999999999964e+00 2.784512000000000143e+01 1.763072896000000037e+04 4.818612320000000182e+03
3.623680000000000234e+01 3.027680000000000149e+01 2.670304095999999845e+04 -3.893048159999999825e+03 4.596352000000000260e+01 4.012272000000000105e+01 -1.302136031999999977e+04 -9.341108000000000175e+03
5.567617439999999988e+03 2.736832000000000065e+01 2.751135999999999981e+01 -1.974869601599999878e+05 -1.974869601599999878e+05 -1.974869601599999878e+05 3.154032000000000124e+01 2.064544000000000068e+01
3.161184000000000083e+01 1.765423519999999917e+04 4.816442879999999604e+03 3.869232000000000227e+01 3.425807999999999964e+01 2.675966096000000107e+04 -3.757207840000000033e+03 4.982560000000000144e+01
4.410399999999999920e+01 -1.299842624000000069e+04 -9.309782240000000456e+03 5.608884479999999712e+03 3.251776000000000266e+01 2.889407999999999888e+01 -1.974869601599999878e+05 -1.974869601599999878e+05
-1.974869601599999878e+05 3.173104000000000013e+01 3.301839999999999975e+01 2.975232000000000099e+01 1.780907600000000093e+04 4.959053759999999784e+03 3.721423999999999666e+01 3.499712000000000245e+01
3.170720000000000027e+01 3.916911999999999949e+01 3.058671999999999969e+01 1.803350576000000001e+04 5.175687839999999596e+03 3.590303999999999718e+01 3.728576000000000334e+01 2.729329551999999967e+04
-3.127474240000000009e+03 5.211424000000000234e+01 4.470000000000000284e+01 -1.267265264000000025e+04 -8.878421280000000479e+03 6.017835839999999735e+03 3.483024000000000342e+01 3.218399999999999750e+01
-1.974869601599999878e+05 -1.974869601599999878e+05 -1.974869601599999878e+05 3.039600000000000080e+01 4.429471999999999809e+01 3.375744000000000256e+01 1.827543407999999908e+04 5.415446719999999914e+03
3.575999999999999801e+01 4.005120000000000147e+01 2.762881968000000052e+04 -2.818770080000000235e+03 5.220960000000000178e+01 4.357952000000000226e+01 -1.248283856000000014e+04 -8.622451199999999517e+03
6.270492159999999785e+03 3.480640000000000356e+01 3.394816000000000145e+01 -1.974869601599999878e+05 -1.974869601599999878e+05 -1.974869601599999878e+05 2.605712000000000117e+01 3.792943999999999960e+01
3.151648000000000138e+01 1.843158608000000095e+04 5.560632319999999709e+03 3.299455999999999989e+01 3.616528000000000276e+01 2.785725456000000122e+04 -2.669078719999999976e+03 4.775151999999999930e+01
3.864464000000000254e+01 -1.238542832000000089e+04 -8.478219199999999546e+03 6.436442399999999907e+03 3.022912000000000177e+01 3.022912000000000177e+01 -1.974869601599999878e+05 -1.974869601599999878e+05
-1.974869601599999878e+05 2.214735999999999905e+01 2.105071999999999832e+01 2.825039999999999907e+01 1.843308799999999974e+04 5.536959200000000237e+03 3.030064000000000135e+01 3.063439999999999941e+01
2.088383999999999929e+01 8.487040000000000362e+00 2.617632000000000048e+01 1.831028816000000006e+04 5.378947680000000219e+03 3.037216000000000093e+01 2.646239999999999881e+01 2.776268128000000070e+04
-2.973420160000000124e+03 3.995584000000000202e+01 3.657056000000000040e+01 -1.262456736000000092e+04 -8.706463359999999739e+03 6.334550239999999576e+03 2.815503999999999962e+01 1.911967999999999890e+01
-1.974869601599999878e+05 -1.974869601599999878e+05 -1.974869601599999878e+05 2.014480000000000004e+01 2.813120000000000065e+00 2.400687999999999889e+01 1.812085552000000098e+04 5.151585600000000341e+03
2.958543999999999841e+01 2.627167999999999992e+01 2.755596463999999833e+04 -3.247913919999999962e+03 3.766720000000000113e+01 3.621296000000000248e+01 -1.285965359999999964e+04 -8.959477279999999155e+03
6.158491839999999684e+03 2.774975999999999843e+01 1.799919999999999831e+01 -1.974869601599999878e+05 -1.974869601599999878e+05 -1.974869601599999878e+05 1.940576000000000079e+01 -2.622399999999999842e+00
2.198048000000000002e+01 1.792381792000000132e+04 4.921267359999999826e+03 2.918016000000000076e+01 2.863184000000000040e+01 2.734183376000000135e+04 -3.484788160000000062e+03 3.518784000000000134e+01
3.642752000000000123e+01 -1.309032943999999952e+04 -9.208819840000000113e+03 5.978642880000000332e+03 2.722528000000000148e+01 1.776079999999999970e+01 -1.974869601599999878e+05 -1.974869601599999878e+05
-1.974869601599999878e+05 1.926272000000000162e+01 -1.358880000000000088e+00 2.152751999999999910e+01 1.779994527999999991e+04 4.776415520000000470e+03 2.994303999999999988e+01 2.891791999999999874e+01
1.668799999999999883e+01 5.769280000000000186e+00 2.167056000000000182e+01 1.782073375999999917e+04 4.791220159999999851e+03 2.956159999999999854e+01 2.629551999999999978e+01 2.726769136000000071e+04
-3.459112480000000232e+03 3.070591999999999899e+01 3.461567999999999756e+01 -1.319064816000000064e+04 -9.321058559999999488e+03 5.913607359999999971e+03 2.331551999999999936e+01 1.931040000000000134e+01
-1.974869601599999878e+05 -1.974869601599999878e+05 -1.974869601599999878e+05 1.490000000000000036e+01 1.137167999999999957e+01 2.126528000000000063e+01 1.796720671999999831e+04 4.932162239999999656e+03
3.018143999999999849e+01 2.491280000000000072e+01 2.748160768000000098e+04 -3.187074239999999918e+03 2.999071999999999960e+01 3.154032000000000124e+01 -1.303909727999999996e+04 -9.138754080000000613e+03
6.088044640000000072e+03 2.288640000000000185e+01 1.911967999999999890e+01 -1.974869601599999878e+05 -1.974869601599999878e+05 -1.974869601599999878e+05 1.687872000000000128e+01 1.582976000000000028e+01
1.907199999999999918e+01 1.818379311999999845e+04 5.145768640000000232e+03 3.220783999999999736e+01 2.527039999999999864e+01 2.778690272000000186e+04 -2.863470080000000053e+03 3.120655999999999963e+01
3.115887999999999991e+01 -1.283967568000000028e+04 -8.885978559999999561e+03 6.333835039999999935e+03 2.517503999999999920e+01 1.745088000000000150e+01 -1.974869601599999878e+05 -1.974869601599999878e+05
-1.974869601599999878e+05 1.752240000000000109e+01 1.945344000000000051e+01 1.599663999999999930e+01 1.841623312000000078e+04 5.384168639999999868e+03 3.373360000000000269e+01 2.355392000000000152e+01
1.711711999999999989e+01 1.878592000000000084e+01 1.551984000000000030e+01 1.857290959999999905e+04 5.547520319999999629e+03 3.406736000000000075e+01 2.414992000000000161e+01 2.834595072000000073e+04
-2.416184000000000196e+03 2.972848000000000113e+01 3.120655999999999963e+01 -1.252589359999999942e+04 -8.470590399999999136e+03 6.759879680000000008e+03 2.777360000000000184e+01 1.625888000000000133e+01
-1.974869601599999878e+05 -1.974869601599999878e+05 -1.974869601599999878e+05 2.133680000000000021e+01 1.466159999999999997e+01 2.171824000000000154e+01 1.858678447999999844e+04 5.560513119999999617e+03
3.809631999999999863e+01 3.134959999999999880e+01 2.839589552000000185e+04 -2.482959839999999986e+03 3.640368000000000137e+01 3.759568000000000154e+01 -1.255779152000000067e+04 -8.489018720000000030e+03
6.789584319999999934e+03 3.077743999999999858e+01 2.188512000000000057e+01 -1.974869601599999878e+05 -1.974869601599999878e+05 -1.974869601599999878e+05 2.548496000000000095e+01 9.083040000000000447e+00
2.677232000000000056e+01 1.847223328000000038e+04 5.439787360000000263e+03 4.207759999999999678e+01 3.611760000000000304e+01 2.828677983999999924e+04 -2.704576480000000174e+03 4.410399999999999920e+01
4.279279999999999973e+01 -1.270414528000000064e+04 -8.653061760000000504e+03 6.691363519999999880e+03 3.134959999999999880e+01 2.469823999999999842e+01 -1.974869601599999878e+05 -1.974869601599999878e+05
-1.974869601599999878e+05 2.834575999999999851e+01 4.052799999999999736e-01 2.724912000000000134e+01 1.828194239999999991e+04 5.236408320000000458e+03 4.288815999999999917e+01 3.571231999999999829e+01
2.980000000000000071e+01 -5.626240000000000130e+00 2.794048000000000087e+01 1.808278303999999844e+04 5.014052639999999883e+03 4.310271999999999792e+01 3.485408000000000328e+01 2.788214352000000144e+04
-3.209769920000000184e+03 4.744160000000000110e+01 4.653567999999999927e+01 -1.310432351999999992e+04 -9.113722079999999551e+03 6.360178240000000187e+03 3.306607999999999947e+01 2.484128000000000114e+01
-1.974869601599999878e+05 -1.974869601599999878e+05 -1.974869601599999878e+05 2.834575999999999851e+01 -5.840799999999999770e+00 2.605712000000000117e+01 1.796482272000000012e+04 4.884410719999999856e+03
4.093328000000000344e+01 3.130191999999999908e+01 2.776632879999999932e+04 -3.296166079999999965e+03 4.384176000000000073e+01 4.534367999999999910e+01 -1.320721695999999974e+04 -9.239907199999999648e+03
6.266749279999999999e+03 3.559311999999999898e+01 2.419760000000000133e+01 -1.974869601599999878e+05 -1.974869601599999878e+05 -1.974869601599999878e+05 2.519887999999999906e+01 1.525760000000000005e+00
2.202815999999999974e+01 1.799841328000000067e+04 4.927465760000000046e+03 3.883536000000000143e+01 2.751135999999999981e+01 2.783472576000000117e+04 -3.165761280000000170e+03 4.009888000000000119e+01
4.210143999999999664e+01 -1.314694944000000032e+04 -9.185671200000000681e+03 6.320770720000000438e+03 3.344751999999999725e+01 2.205199999999999960e+01 -1.974869601599999878e+05 -1.974869601599999878e+05
-1.974869601599999878e+05 2.269567999999999941e+01 1.103791999999999973e+01 2.007328000000000046e+01 1.815806975999999850e+04 5.104763839999999618e+03 3.714271999999999707e+01 2.596176000000000172e+01
2.383999999999999986e+01 1.683104000000000156e+01 2.078847999999999985e+01 1.838667151999999987e+04 5.352437600000000202e+03 3.583151999999999759e+01 2.479360000000000142e+01 2.838461920000000100e+04
-2.529996160000000145e+03 4.217296000000000333e+01 4.152927999999999997e+01 -1.272898655999999937e+04 -8.688487999999999374e+03 6.766125759999999900e+03 3.225551999999999708e+01 1.637808000000000064e+01
-1.974869601599999878e+05 -1.974869601599999878e+05 -1.974869601599999878e+05 2.310096000000000060e+01 2.310096000000000060e+01 2.083615999999999957e+01 1.863696768000000156e+04 5.623712959999999839e+03
3.366208000000000311e+01 2.386383999999999972e+01 2.873244480000000112e+04 -2.206105919999999969e+03 4.393712000000000018e+01 4.064719999999999800e+01 -1.248505567999999948e+04 -8.392609759999999369e+03
7.045149120000000039e+03 3.232703999999999667e+01 1.532911999999999964e+01 -1.974869601599999878e+05 -1.974869601599999878e+05 -1.974869601599999878e+05 2.012096000000000018e+01 2.600944000000000145e+01
2.047856000000000165e+01 1.880537343999999939e+04 5.810475519999999960e+03 3.235088000000000363e+01 2.431680000000000064e+01 2.898305087999999887e+04 -2.032693760000000111e+03 4.107632000000000261e+01
3.726192000000000348e+01 -1.232675807999999961e+04 -8.206180959999999686e+03 7.237990880000000288e+03 2.779744000000000170e+01 1.194383999999999979e+01 -1.974869601599999878e+05 -1.974869601599999878e+05
-1.974869601599999878e+05 1.816608000000000089e+01 1.964415999999999940e+01 1.988256000000000157e+01 1.881457568000000174e+04 5.821131999999999607e+03 3.194559999999999889e+01 2.257648000000000010e+01
1.683104000000000156e+01 1.428016000000000041e+01 1.857135999999999854e+01 1.870450639999999839e+04 5.706318559999999707e+03 3.189791999999999916e+01 2.250496000000000052e+01 2.893272464000000036e+04
-2.293026559999999790e+03 3.637984000000000151e+01 3.282768000000000086e+01 -1.243725648000000001e+04 -8.340400159999999232e+03 7.181680800000000090e+03 1.880976000000000070e+01 1.094256000000000029e+01
-1.974869601599999878e+05 -1.974869601599999878e+05 -1.974869601599999878e+05 1.702176000000000045e+01 1.537679999999999936e+01 2.105071999999999832e+01 1.853745952000000034e+04 5.536720800000000054e+03
3.564079999999999870e+01 3.018143999999999849e+01 2.876124351999999999e+04 -2.538697760000000017e+03 3.688047999999999860e+01 3.432959999999999923e+01 -1.259638847999999962e+04 -8.535912000000000262e+03
7.032776160000000345e+03 1.787999999999999901e+01 1.711711999999999989e+01 -1.974869601599999878e+05 -1.974869601599999878e+05 -1.974869601599999878e+05 1.652111999999999981e+01 1.230143999999999949e+01
2.157519999999999882e+01 1.835448751999999877e+04 5.343831360000000132e+03 3.676127999999999929e+01 3.351903999999999684e+01 2.857176320000000123e+04 -2.751541279999999915e+03 3.721423999999999666e+01
3.413888000000000034e+01 -1.276093216000000029e+04 -8.732925760000000082e+03 6.869758240000000114e+03 1.759392000000000067e+01 1.830912000000000006e+01 -1.974869601599999878e+05 -1.974869601599999878e+05
-1.974869601599999878e+05 1.182464000000000048e+01 6.436799999999999855e+00 1.602047999999999917e+01 1.824251104000000123e+04 5.225894879999999830e+03 3.225551999999999708e+01 2.684384000000000015e+01
6.746719999999999828e+00 5.650079999999999991e+00 1.187232000000000021e+01 1.827972527999999875e+04 5.269927359999999680e+03 2.746368000000000009e+01 2.007328000000000046e+01 2.854866224000000147e+04
-2.666503999999999905e+03 2.653391999999999840e+01 2.383999999999999986e+01 -1.273785504000000037e+04 -8.740506880000000820e+03 6.838933119999999690e+03 8.510880000000000223e+00 9.941280000000000783e+00
-1.974869601599999878e+05 -1.974869601599999878e+05 -1.974869601599999878e+05 4.791839999999999655e+00 7.438080000000000247e+00 1.072799999999999976e+01 1.845053888000000006e+04 5.450110080000000380e+03
2.414992000000000161e+01 1.692640000000000100e+01 2.879578768000000127e+04 -2.356536320000000160e+03 2.469823999999999842e+01 2.186128000000000071e+01 -1.252269903999999951e+04 -8.497195840000000317e+03
7.029581600000000435e+03 6.174559999999999604e+00 7.557280000000000442e+00 -1.974869601599999878e+05 -1.974869601599999878e+05 -1.974869601599999878e+05 5.554719999999999658e+00 1.416095999999999933e+01
1.068032000000000004e+01 1.869339696000000185e+04 5.700382400000000416e+03 2.310096000000000060e+01 1.842831999999999937e+01 2.913815392000000065e+04 -1.992451839999999947e+03 2.443599999999999994e+01
1.993024000000000129e+01 -1.226038752000000022e+04 -8.179956960000000436e+03 7.295159200000000055e+03 5.864639999999999631e+00 9.083040000000000447e+00 -1.974869601599999878e+05 -1.974869601599999878e+05
-1.974869601599999878e+05 9.607519999999999172e+00 2.383999999999999986e+01 1.330272000000000077e+01 1.896202607999999964e+04 5.984579039999999623e+03 2.465055999999999869e+01 2.414992000000000161e+01
1.532911999999999964e+01 2.500816000000000017e+01 1.809456000000000131e+01 1.915126800000000003e+04 6.186718399999999747e+03 2.851264000000000109e+01 2.898944000000000187e+01 2.977372831999999835e+04
-1.443583519999999908e+03 3.623680000000000234e+01 3.053903999999999996e+01 -1.178501792000000023e+04 -7.618453440000000228e+03 7.789004799999999705e+03 6.627519999999999634e+00 1.830912000000000006e+01
-1.974869601599999878e+05 -1.974869601599999878e+05 -1.974869601599999878e+05 1.757008000000000081e+01 1.683104000000000156e+01 2.152751999999999910e+01 1.917143663999999990e+04 6.210129280000000108e+03
3.194559999999999889e+01 3.022912000000000177e+01 2.983399583999999959e+04 -1.482681119999999964e+03 3.654672000000000054e+01 3.182639999999999958e+01 -1.175059295999999995e+04 -7.582359679999999571e+03
7.834229280000000472e+03 1.051343999999999923e+01 1.759392000000000067e+01 -1.974869601599999878e+05 -1.974869601599999878e+05 -1.974869601599999878e+05 1.659263999999999939e+01 6.269919999999999938e+00
2.262415999999999983e+01 1.906890079999999944e+04 6.102300959999999577e+03 3.401968000000000103e+01 2.791664000000000101e+01 2.973827823999999964e+04 -1.670373440000000073e+03 3.366208000000000311e+01
2.884639999999999915e+01 -1.183481968000000052e+04 -7.687923200000000179e+03 7.754532159999999749e+03 1.766544000000000025e+01 1.516224000000000061e+01 -1.974869601599999878e+05 -1.974869601599999878e+05
-1.974869601599999878e+05 1.828528000000000020e+01 8.820799999999999752e-01 2.345855999999999852e+01 1.891298719999999958e+04 5.928721919999999955e+03 3.664207999999999998e+01 2.758287999999999940e+01
2.481744000000000128e+01 3.695199999999999818e+00 2.803584000000000032e+01 1.874670319999999992e+04 5.739217760000000453e+03 4.110016000000000247e+01 3.301839999999999975e+01 2.939374255999999878e+04
-2.086643680000000131e+03 4.045647999999999911e+01 4.005120000000000147e+01 -1.208387615999999980e+04 -8.001872159999999894e+03 7.486737439999999879e+03 2.651007999999999853e+01 1.611583999999999861e+01
-1.974869601599999878e+05 -1.974869601599999878e+05 -1.974869601599999878e+05 2.774975999999999843e+01 1.234911999999999921e+01 3.325679999999999836e+01 1.865561056000000099e+04 5.634345599999999649e+03
4.253056000000000125e+01 3.761952000000000140e+01 2.930396111999999994e+04 -2.129579520000000230e+03 4.272128000000000014e+01 4.222064000000000306e+01 -1.210619039999999950e+04 -8.052460640000000240e+03
7.430641920000000027e+03 2.527039999999999864e+01 1.981103999999999843e+01 -1.974869601599999878e+05 -1.974869601599999878e+05 -1.974869601599999878e+05 2.381616000000000000e+01 2.286255999999999844e+01
3.247008000000000294e+01 1.872238639999999941e+04 5.712540799999999763e+03 3.847776000000000352e+01 3.583151999999999759e+01 2.940656848000000173e+04 -1.953497280000000046e+03 3.833471999999999724e+01
3.831087999999999738e+01 -1.196527216000000044e+04 -7.920816160000000309e+03 7.520161119999999755e+03 2.143215999999999966e+01 1.952496000000000009e+01 -1.974869601599999878e+05 -1.974869601599999878e+05
-1.974869601599999878e+05 2.279103999999999886e+01 3.401968000000000103e+01 3.125423999999999936e+01 1.892061600000000180e+04 5.924406880000000456e+03 3.637984000000000151e+01 3.707119999999999749e+01
2.679616000000000042e+01 4.348416000000000281e+01 3.597455999999999676e+01 1.918409567999999854e+04 6.192940639999999803e+03 4.000352000000000174e+01 4.450927999999999685e+01 3.002531183999999848e+04
-1.247237280000000055e+03 3.997968000000000188e+01 3.919295999999999935e+01 -1.139697423999999955e+04 -7.275872639999999592e+03 8.046214560000000347e+03 2.322015999999999991e+01 2.429296000000000078e+01
-1.974869601599999878e+05 -1.974869601599999878e+05 -1.974869601599999878e+05 2.929936000000000007e+01 4.412783999999999907e+01 3.826319999999999766e+01 1.946488320000000022e+04 6.481476160000000164e+03
4.274512000000000000e+01 4.655951999999999913e+01 3.039218560000000070e+04 -9.006752000000000180e+02 4.317423999999999751e+01 4.279279999999999973e+01 -1.108338287999999920e+04 -6.912980160000000069e+03
8.361355519999999160e+03 2.712991999999999848e+01 2.562800000000000011e+01 -1.974869601599999878e+05 -1.974869601599999878e+05 -1.974869601599999878e+05 2.538960000000000150e+01 2.767823999999999884e+01
3.385280000000000200e+01 1.966382800000000134e+04 6.680707040000000234e+03 3.957439999999999714e+01 3.969360000000000355e+01 3.065397263999999996e+04 -7.039951999999999543e+02 4.117168000000000205e+01
4.014656000000000091e+01 -1.085742735999999968e+04 -6.656390239999999721e+03 8.593080320000000938e+03 2.424528000000000105e+01 2.202815999999999974e+01 -1.974869601599999878e+05 -1.974869601599999878e+05
-1.974869601599999878e+05 1.978719999999999857e+01 5.721600000000000463e+00 2.984768000000000043e+01 1.970545263999999952e+04 6.710411680000000160e+03 3.523552000000000106e+01 3.399584000000000117e+01
1.823760000000000048e+01 -1.931040000000000090e+00 2.884639999999999915e+01 1.962833023999999932e+04 6.616148320000000240e+03 3.382896000000000214e+01 3.444879999999999853e+01 3.063239744000000064e+04
-8.983627199999999675e+02 3.027680000000000149e+01 3.375744000000000256e+01 -1.081892576000000008e+04 -6.631000640000000203e+03 8.634180480000000898e+03 1.890512000000000015e+01 1.735551999999999850e+01
-1.974869601599999878e+05 -1.974869601599999878e+05 -1.974869601599999878e+05 2.355392000000000152e+01 -1.907200000000000006e+00 3.330447999999999809e+01 1.950476752000000124e+04 6.478067039999999906e+03
3.773872000000000071e+01 3.885920000000000130e+01 3.048215776000000187e+04 -1.100502079999999978e+03 3.535472000000000037e+01 3.895456000000000074e+01 -1.089487999999999920e+04 -6.736158879999999954e+03
8.547140639999999621e+03 2.267183999999999955e+01 2.291024000000000171e+01 -1.974869601599999878e+05 -1.974869601599999878e+05 -1.974869601599999878e+05 3.032448000000000121e+01 -3.432960000000000012e+00
3.802479999999999905e+01 1.937843936000000031e+04 6.332333120000000235e+03 4.298351999999999862e+01 4.148160000000000025e+01 3.032934335999999894e+04 -1.263305440000000090e+03 4.393712000000000018e+01
4.562975999999999743e+01 -1.096423055999999997e+04 -6.833783680000000459e+03 8.456787039999999251e+03 2.684384000000000015e+01 2.624784000000000006e+01 -1.974869601599999878e+05 -1.974869601599999878e+05
-1.974869601599999878e+05 3.344751999999999725e+01 -5.721600000000000019e-01 3.921679999999999922e+01 1.932265376000000106e+04 6.255925919999999678e+03 4.534367999999999910e+01 3.997968000000000188e+01
3.425807999999999964e+01 1.032272000000000034e+01 3.993200000000000216e+01 1.942247183999999834e+04 6.352311039999999593e+03 4.605888000000000204e+01 3.974128000000000327e+01 3.038708383999999933e+04
-1.086460319999999911e+03 5.101760000000000161e+01 5.011167999999999978e+01 -1.073999151999999958e+04 -6.634791199999999662e+03 8.564067039999999906e+03 3.106352000000000046e+01 2.789280000000000115e+01
-1.974869601599999878e+05 -1.974869601599999878e+05 -1.974869601599999878e+05 3.072975999999999885e+01 1.799919999999999831e+01 3.854928000000000310e+01 1.965000080000000162e+04 6.588923039999999673e+03
4.512912000000000035e+01 4.105248000000000275e+01 3.067550015999999960e+04 -7.339144000000000005e+02 4.887199999999999989e+01 4.882432000000000016e+01 -1.042802128000000084e+04 -6.293569279999999708e+03
8.822659519999999247e+03 3.015759999999999863e+01 2.827423999999999893e+01 -1.974869601599999878e+05 -1.974869601599999878e+05 -1.974869601599999878e+05 2.388767999999999958e+01 1.540063999999999922e+01
3.270848000000000155e+01 1.993348224000000118e+04 6.885826399999999921e+03 4.069487999999999772e+01 3.459183999999999770e+01 3.104173024000000078e+04 -3.368830399999999941e+02 4.379408000000000101e+01
4.329343999999999681e+01 -1.007037360000000081e+04 -5.881971679999999651e+03 9.148099360000000161e+03 2.441216000000000008e+01 2.205199999999999960e+01 -1.974869601599999878e+05 -1.974869601599999878e+05
-1.974869601599999878e+05 1.687872000000000128e+01 1.425632000000000055e+01 2.579487999999999914e+01 2.023932560000000012e+04 7.215271359999999731e+03 3.320911999999999864e+01 2.405455999999999861e+01
1.451856000000000080e+01 1.213456000000000046e+01 2.395919999999999916e+01 2.047605679999999847e+04 7.473267840000000433e+03 2.932319999999999993e+01 2.095535999999999888e+01 3.173850191999999879e+04
2.771399999999999864e+02 3.351903999999999684e+01 3.337599999999999767e+01 -9.396702880000000732e+03 -5.129509759999999915e+03 9.759881439999999202e+03 1.509071999999999925e+01 1.363648000000000060e+01
-1.974869601599999878e+05 -1.974869601599999878e+05 -1.974869601599999878e+05 1.654495999999999967e+01 5.340160000000000018e+00 2.534192000000000178e+01 2.055990207999999984e+04 7.557113119999999981e+03
3.049136000000000024e+01 2.267183999999999955e+01 3.184251584000000003e+04 2.847687999999999988e+02 3.461567999999999756e+01 3.595071999999999690e+01 -9.251207360000000335e+03 -4.982083200000000033e+03
9.876006079999999201e+03 1.771311999999999998e+01 1.342192000000000007e+01 -1.974869601599999878e+05 -1.974869601599999878e+05 -1.974869601599999878e+05 1.942960000000000065e+01 3.194560000000000066e+00
2.739216000000000051e+01 2.051787215999999898e+04 7.497155520000000251e+03 3.285152000000000072e+01 2.729680000000000106e+01 3.178966256000000067e+04 1.392017600000000073e+02 3.750032000000000210e+01
3.904992000000000019e+01 -9.220048479999999472e+03 -4.973429280000000290e+03 9.870785120000000461e+03 2.016863999999999990e+01 1.144320000000000093e+01 -1.974869601599999878e+05 -1.974869601599999878e+05
-1.974869601599999878e+05 2.069312000000000040e+01 2.908479999999999954e+00 2.741600000000000037e+01 2.041669519999999829e+04 7.368920159999999669e+03 3.545007999999999981e+01 2.882255999999999929e+01
1.849983999999999895e+01 -2.503200000000000092e+00 2.405455999999999861e+01 2.030567232000000149e+04 7.229766080000000329e+03 3.483024000000000342e+01 2.484128000000000114e+01 3.153698240000000078e+04
-1.956072000000000060e+02 3.654672000000000054e+01 3.730960000000000321e+01 -9.241957440000000133e+03 -5.062710079999999834e+03 9.741476959999999963e+03 1.966799999999999926e+01 9.035360000000000724e+00
-1.974869601599999878e+05 -1.974869601599999878e+05 -1.974869601599999878e+05 1.628272000000000119e+01 -1.716480000000000006e+00 2.190896000000000043e+01 2.027415583999999944e+04 7.184517759999999726e+03
3.146880000000000166e+01 2.353008000000000166e+01 3.150320112000000154e+04 -2.049524800000000084e+02 3.559311999999999898e+01 3.545007999999999981e+01 -9.154250079999999798e+03 -5.003849119999999857e+03
9.740618720000000394e+03 1.838063999999999965e+01 5.244799999999999685e+00 -1.974869601599999878e+05 -1.974869601599999878e+05 -1.974869601599999878e+05 1.399408000000000030e+01 8.081759999999999167e+00
2.147983999999999938e+01 2.039898208000000159e+04 7.319547520000000077e+03 2.782128000000000156e+01 2.317248000000000019e+01 3.165317856000000029e+04 -3.409120000000000150e+00 3.580767999999999773e+01
3.480640000000000356e+01 -8.904621440000000803e+03 -4.766974879999999757e+03 9.881799199999999473e+03 1.907199999999999918e+01 5.292480000000000295e+00 -1.974869601599999878e+05 -1.974869601599999878e+05
-1.974869601599999878e+05 9.202239999999999753e+00 1.191999999999999993e+01 1.935808000000000106e+01 2.064751408000000083e+04 7.583813919999999598e+03 2.338703999999999894e+01 1.854751999999999867e+01
3.313759999999999817e+00 1.218224000000000018e+01 1.485232000000000063e+01 2.095536000000000058e+04 7.901195840000000317e+03 1.861904000000000181e+01 1.294511999999999929e+01 3.233583696000000054e+04
7.178462399999999661e+02 2.922784000000000049e+01 2.524655999999999878e+01 -8.147701439999999820e+03 -3.958179039999999986e+03 1.048042159999999967e+04 1.141935999999999929e+01 -7.152000000000000024e-02
-1.974869601599999878e+05 -1.974869601599999878e+05 -1.974869601599999878e+05 -1.263519999999999976e+00 1.325503999999999927e+01 1.060880000000000045e+01 2.127998928000000160e+04 8.238364960000000792e+03
1.487616000000000049e+01 8.582399999999999807e+00 3.274223744000000079e+04 1.075112480000000005e+03 2.367312000000000083e+01 1.995408000000000115e+01 -7.740108960000000479e+03 -3.505862720000000081e+03
1.082831871999999930e+04 6.961280000000000356e+00 -2.979999999999999982e+00 -1.974869601599999878e+05 -1.974869601599999878e+05 -1.974869601599999878e+05 -4.815680000000000405e+00 7.199679999999999858e+00
1.008431999999999995e+01 2.153016623999999865e+04 8.499103039999999964e+03 1.394640000000000057e+01 1.003664000000000023e+01 3.305175216000000364e+04 1.284809119999999893e+03 1.931040000000000134e+01
1.771311999999999998e+01 -7.416743199999999888e+03 -3.156439840000000004e+03 1.109551743999999962e+04 3.432960000000000012e+00 3.814400000000000013e-01 -1.974869601599999878e+05 -1.974869601599999878e+05
-1.974869601599999878e+05 -3.313759999999999817e+00 2.574720000000000120e+00 1.423248000000000069e+01 2.162755264000000170e+04 8.596656320000000051e+03 1.704560000000000031e+01 1.666415999999999897e+01
-9.059200000000000585e-01 2.956160000000000121e+00 1.509071999999999925e+01 2.160588207999999941e+04 8.572291839999999866e+03 1.818992000000000075e+01 1.818992000000000075e+01 3.315393039999999746e+04
1.119097279999999955e+03 2.443599999999999994e+01 2.229040000000000177e+01 -7.174528800000000047e+03 -2.949699360000000070e+03 1.120899583999999959e+04 5.959999999999999964e+00 5.745440000000000325e+00
-1.974869601599999878e+05 -1.974869601599999878e+05 -1.974869601599999878e+05 -1.954879999999999951e+00 -4.386560000000000237e+00 1.044191999999999965e+01 2.151891375999999946e+04 8.481699839999999313e+03
1.463776000000000010e+01 1.542448000000000086e+01 3.304917743999999948e+04 9.149553600000000415e+02 2.016863999999999990e+01 1.942960000000000065e+01 -7.164635199999999713e+03 -2.982646240000000034e+03
1.114429407999999967e+04 6.436800000000000299e-01 -6.198399999999999466e-01 -1.974869601599999878e+05 -1.974869601599999878e+05 -1.974869601599999878e+05 -3.790560000000000151e+00 -1.237296000000000085e+01
8.963839999999999364e+00 2.141973935999999958e+04 8.374491359999999986e+03 1.196767999999999965e+01 1.141935999999999929e+01 3.292671136000000115e+04 7.388016000000000076e+02 1.714095999999999975e+01
1.842831999999999937e+01 -7.154217120000000250e+03 -3.016379840000000058e+03 1.106953183999999965e+04 -1.644959999999999978e+00 -5.745440000000000325e+00 -1.974869601599999878e+05 -1.974869601599999878e+05
-1.974869601599999878e+05 -4.958719999999999573e+00 -1.161007999999999996e+01 8.963839999999999364e+00 2.140004752000000008e+04 8.352534719999999652e+03 1.103791999999999973e+01 8.820800000000000196e+00
-6.436799999999999855e+00 -8.296319999999999695e+00 6.889759999999999884e+00 2.153645999999999913e+04 8.501987680000000182e+03 8.939999999999999503e+00 7.318880000000000052e+00 3.307082415999999648e+04
9.043227200000000039e+02 1.573440000000000083e+01 1.413711999999999946e+01 -6.767627679999999600e+03 -2.681380160000000160e+03 1.123314575999999943e+04 -3.647520000000000095e+00 -9.249919999999999476e+00
-1.974869601599999878e+05 -1.974869601599999878e+05 -1.974869601599999878e+05 -7.604960000000000164e+00 -2.836959999999999926e+00 7.175839999999999996e+00 2.180241904000000068e+04 8.791572159999999712e+03
7.914880000000000138e+00 6.579839999999999911e+00 3.340129424000000290e+04 1.245520800000000008e+03 1.342192000000000007e+01 1.125248000000000026e+01 -6.383136160000000018e+03 -2.278198080000000118e+03
1.151908272000000034e+04 -3.933600000000000207e+00 -1.051343999999999923e+01 -1.974869601599999878e+05 -1.974869601599999878e+05 -1.974869601599999878e+05 -4.005119999999999791e+00 6.508320000000000327e+00
9.154560000000000031e+00 2.213546384000000035e+04 9.156753280000000814e+03 1.187232000000000021e+01 8.892319999999999780e+00 3.382171263999999792e+04 1.631919519999999920e+03 1.635424000000000078e+01
1.246832000000000029e+01 -5.955875680000000102e+03 -1.811768479999999954e+03 1.187198624000000018e+04 -3.099199999999999733e-01 -7.056639999999999802e+00 -1.974869601599999878e+05 -1.974869601599999878e+05
-1.974869601599999878e+05 4.768000000000000016e-01 1.146704000000000079e+01 1.156240000000000023e+01 2.248753296000000046e+04 9.550518560000000434e+03 1.718863999999999947e+01 1.151472000000000051e+01
2.646240000000000148e+00 1.058496000000000059e+01 1.592511999999999972e+01 2.275785471999999936e+04 9.858388320000000022e+03 2.071696000000000026e+01 1.494768000000000008e+01 3.459551135999999678e+04
2.200956479999999829e+03 2.071696000000000026e+01 1.761776000000000053e+01 -5.177022880000000441e+03 -9.823748799999999619e+02 1.252210303999999996e+04 8.343999999999999417e+00 1.406560000000000032e+00
-1.974869601599999878e+05 -1.974869601599999878e+05 -1.974869601599999878e+05 6.627519999999999634e+00 5.936160000000000103e+00 2.043087999999999838e+01 2.286244080000000031e+04 9.986671360000000277e+03
2.400687999999999889e+01 1.916735999999999862e+01 3.472675056000000041e+04 2.173945760000000064e+03 2.291024000000000171e+01 2.028783999999999921e+01 -4.996101120000000265e+03 -8.138260800000000472e+02
1.264537968000000001e+04 1.056112000000000073e+01 4.624959999999999738e+00 -1.974869601599999878e+05 -1.974869601599999878e+05 -1.974869601599999878e+05 1.113327999999999918e+01 3.146879999999999900e+00
2.233808000000000149e+01 2.283762336000000141e+04 9.976443999999999505e+03 2.667696000000000112e+01 2.245728000000000080e+01 3.470040735999999742e+04 1.998507200000000012e+03 2.565183999999999997e+01
2.369696000000000069e+01 -4.937311679999999797e+03 -7.902244799999999714e+02 1.264347248000000036e+04 1.420864000000000082e+01 5.554719999999999658e+00 -1.974869601599999878e+05 -1.974869601599999878e+05
-1.974869601599999878e+05 1.315967999999999982e+01 4.028959999999999653e+00 2.591407999999999845e+01 2.275532767999999851e+04 9.904351839999999356e+03 3.037216000000000093e+01 2.693919999999999959e+01
1.535295999999999950e+01 4.768000000000000016e-01 2.960928000000000182e+01 2.265965776000000187e+04 9.818956959999999526e+03 3.351903999999999684e+01 2.870335999999999999e+01 3.449638463999999658e+04
1.602405600000000049e+03 3.180255999999999972e+01 2.791664000000000101e+01 -4.927346559999999954e+03 -8.672038400000000138e+02 1.252744319999999971e+04 2.107456000000000174e+01 1.490000000000000036e+01
-1.974869601599999878e+05 -1.974869601599999878e+05 -1.974869601599999878e+05 1.580592000000000041e+01 1.215840000000000032e+00 2.860800000000000054e+01 2.263915536000000066e+04 9.819481439999999566e+03
3.292304000000000030e+01 2.808352000000000004e+01 3.447018448000000353e+04 1.566597919999999931e+03 3.225551999999999708e+01 3.108736000000000033e+01 -4.831342880000000150e+03 -8.085574400000000423e+02
1.253612096000000020e+04 1.969183999999999912e+01 1.656879999999999953e+01 -1.974869601599999878e+05 -1.974869601599999878e+05 -1.974869601599999878e+05 9.345280000000000697e+00 5.936160000000000103e+00
2.362544000000000111e+01 2.276889264000000185e+04 9.987386560000000827e+03 2.763055999999999912e+01 2.577103999999999928e+01 3.462259360000000015e+04 1.740343840000000000e+03 2.765439999999999898e+01
2.743984000000000023e+01 -4.580045439999999871e+03 -5.775955199999999650e+02 1.268257007999999951e+04 1.513840000000000074e+01 1.420864000000000082e+01 -1.974869601599999878e+05 -1.974869601599999878e+05
-1.974869601599999878e+05 8.105599999999999472e-01 4.577280000000000015e+00 1.885744000000000042e+01 2.302250256000000081e+04 1.028521968000000015e+04 1.947728000000000037e+01 2.066928000000000054e+01
-1.573439999999999950e+00 4.863360000000000127e+00 1.690256000000000114e+01 2.334098112000000037e+04 1.064422623999999996e+04 1.513840000000000074e+01 1.892896000000000001e+01 3.533381231999999727e+04
2.411487520000000131e+03 1.733167999999999864e+01 1.740320000000000178e+01 -3.827249760000000151e+03 2.255502400000000023e+02 1.329454288000000088e+04 1.811840000000000117e+00 6.937439999999999607e+00
-1.974869601599999878e+05 -1.974869601599999878e+05 -1.974869601599999878e+05 -2.050240000000000062e+00 1.075183999999999962e+01 1.580592000000000041e+01 2.367617151999999987e+04 1.102077903999999944e+04
1.504303999999999952e+01 1.973951999999999884e+01 3.575630479999999807e+04 2.740694080000000213e+03 1.602047999999999917e+01 1.518608000000000047e+01 -3.423972319999999854e+03 6.665664000000000442e+02
1.365693471999999929e+04 2.813120000000000065e+00 6.913599999999999746e+00 -1.974869601599999878e+05 -1.974869601599999878e+05 -1.974869601599999878e+05 -1.788000000000000034e+00 1.296895999999999916e+01
1.673567999999999856e+01 2.392734976000000097e+04 1.130809871999999996e+04 1.687872000000000128e+01 2.219503999999999877e+01 3.606848960000000079e+04 2.910840160000000196e+03 1.773695999999999984e+01
1.728399999999999892e+01 -3.116817759999999907e+03 9.920300799999999981e+02 1.392952128000000084e+04 8.057919999999999305e+00 9.345280000000000697e+00 -1.974869601599999878e+05 -1.974869601599999878e+05
-1.974869601599999878e+05 -2.908479999999999954e+00 5.006400000000000183e+00 1.604431999999999903e+01 2.401376975999999922e+04 1.141590320000000065e+04 1.582976000000000028e+01 2.119376000000000104e+01
-2.670080000000000009e+00 -1.191999999999999948e+00 1.528143999999999991e+01 2.397774752000000080e+04 1.139747487999999976e+04 1.559135999999999989e+01 1.971567999999999898e+01 3.612797039999999834e+04
2.640256159999999909e+03 1.902431999999999945e+01 1.532911999999999964e+01 -2.953466080000000147e+03 1.119574080000000095e+03 1.403296304000000055e+04 5.006400000000000183e+00 7.509599999999999831e+00
-1.974869601599999878e+05 -1.974869601599999878e+05 -1.974869601599999878e+05 -1.191999999999999948e+00 -3.599839999999999929e+00 1.566287999999999947e+01 2.388560592000000179e+04 1.132290336000000025e+04
1.735551999999999850e+01 2.140831999999999979e+01 3.600934255999999732e+04 2.394036639999999807e+03 1.976335999999999871e+01 1.630656000000000105e+01 -2.984648799999999937e+03 1.055325280000000021e+03
1.396945327999999972e+04 4.028959999999999653e+00 8.010239999999999583e+00 -1.974869601599999878e+05 -1.974869601599999878e+05 -1.974869601599999878e+05 -5.959999999999999742e-01 -6.222240000000000215e+00
1.666415999999999897e+01 2.377186528000000180e+04 1.121884175999999934e+04 1.757008000000000081e+01 2.348239999999999839e+01 3.586782832000000053e+04 2.168152639999999792e+03 1.997792000000000101e+01
1.797535999999999845e+01 -3.024628479999999854e+03 9.833761600000000271e+02 1.389008992000000035e+04 5.030240000000000045e+00 7.986399999999999721e+00 -1.974869601599999878e+05 -1.974869601599999878e+05
-1.974869601599999878e+05 1.025120000000000031e+00 -5.268640000000000434e+00 1.735551999999999850e+01 2.372821424000000115e+04 1.118360623999999916e+04 1.742704000000000164e+01 2.360160000000000124e+01
1.501919999999999922e+00 1.001279999999999948e+00 1.792767999999999873e+01 2.383575648000000001e+04 1.131215151999999944e+04 1.830912000000000006e+01 2.245728000000000080e+01 3.594001584000000003e+04
2.219003360000000157e+03 1.983487999999999829e+01 1.735551999999999850e+01 -2.748084479999999985e+03 1.214767200000000003e+03 1.402478592000000026e+04 8.773120000000000474e+00 7.366559999999999775e+00
-1.974869601599999878e+05 -1.974869601599999878e+05 -1.974869601599999878e+05 5.483200000000000296e-01 7.724160000000000359e+00 1.799919999999999831e+01 2.406836335999999937e+04 1.157868272000000070e+04
1.900047999999999959e+01 2.255264000000000024e+01 3.622132783999999810e+04 2.492877280000000155e+03 1.845215999999999923e+01 1.668799999999999883e+01 -2.423955840000000080e+03 1.554654080000000022e+03
1.429086415999999917e+04 5.721600000000000463e+00 1.077567999999999948e+01 -1.974869601599999878e+05 -1.974869601599999878e+05 -1.974869601599999878e+05 -3.432960000000000012e+00 8.129440000000000666e+00
1.358880000000000088e+01 2.436772223999999915e+04 1.191294335999999930e+04 1.582976000000000028e+01 1.685488000000000142e+01 3.658686656000000221e+04 2.807183840000000146e+03 1.518608000000000047e+01
1.206304000000000087e+01 -2.060848800000000210e+03 1.959385760000000118e+03 1.462116735999999946e+04 7.628800000000000026e-01 7.390399999999999636e+00 -1.974869601599999878e+05 -1.974869601599999878e+05
-1.974869601599999878e+05 -6.603679999999999772e+00 8.725440000000000751e+00 9.750560000000000116e+00 2.469053968000000168e+04 1.227154464000000007e+04 1.346959999999999980e+01 1.025120000000000076e+01
-7.509599999999999831e+00 8.034079999999999444e+00 8.677759999999999252e+00 2.493990608000000066e+04 1.254484640000000036e+04 1.220608000000000004e+01 9.750560000000000116e+00 3.726964416000000347e+04
3.223144159999999829e+03 1.163391999999999982e+01 8.320159999999999556e+00 -1.419123679999999922e+03 2.665455039999999826e+03 1.523542879999999968e+04 0.000000000000000000e+00 1.668800000000000061e+00
-1.974869601599999878e+05 -1.974869601599999878e+05 -1.974869601599999878e+05 -7.938719999999999999e+00 8.344000000000000306e-01 9.750560000000000116e+00 2.503850832000000082e+04 1.264621407999999974e+04
1.289743999999999957e+01 1.146704000000000079e+01 3.737194159999999829e+04 3.128070240000000013e+03 1.048959999999999937e+01 8.200960000000000250e+00 -1.300543519999999944e+03 2.782294879999999921e+03
1.535405664000000070e+04 -6.436800000000000299e-01 3.003839999999999844e+00 -1.974869601599999878e+05 -1.974869601599999878e+05 -1.974869601599999878e+05 -5.602400000000000269e+00 -1.454239999999999977e+00
1.268288000000000082e+01 2.502563472000000183e+04 1.262649840000000040e+04 1.764160000000000039e+01 1.585360000000000014e+01 3.733308239999999932e+04 2.887810719999999947e+03 1.108559999999999945e+01
1.172927999999999926e+01 -1.289934719999999970e+03 2.766560480000000098e+03 1.535965904000000046e+04 2.431680000000000064e+00 8.367839999999999279e+00 -1.974869601599999878e+05 -1.974869601599999878e+05
-1.974869601599999878e+05 -3.576000000000000290e-01 3.695199999999999818e+00 1.838063999999999965e+01 2.496009855999999854e+04 1.254851776000000064e+04 2.364928000000000097e+01 2.250496000000000052e+01
4.243520000000000181e+00 4.410400000000000098e+00 2.589023999999999859e+01 2.486981648000000132e+04 1.244433696000000054e+04 2.946623999999999910e+01 3.094432000000000116e+01 3.708116511999999784e+04
2.340062879999999950e+03 2.286255999999999844e+01 2.307712000000000074e+01 -1.380693600000000060e+03 2.603184960000000046e+03 1.524331984000000011e+04 1.139551999999999943e+01 2.002560000000000073e+01
-1.974869601599999878e+05 -1.974869601599999878e+05 -1.974869601599999878e+05 8.153280000000000527e+00 3.218399999999999928e+00 2.898944000000000187e+01 2.483803775999999925e+04 1.240337983999999960e+04
3.301839999999999975e+01 3.342367999999999739e+01 3.700597376000000077e+04 2.206558880000000045e+03 2.732064000000000092e+01 2.693919999999999959e+01 -1.356114559999999983e+03 2.597010400000000118e+03
1.522946880000000056e+04 1.389872000000000085e+01 2.195664000000000016e+01 -1.974869601599999878e+05 -1.974869601599999878e+05 -1.974869601599999878e+05 1.177696000000000076e+01 6.722879999999999967e+00
2.903712000000000160e+01 2.495502063999999882e+04 1.252470160000000033e+04 3.392432000000000158e+01 2.949007999999999896e+01 3.711063135999999940e+04 2.288330080000000180e+03 2.994303999999999988e+01
2.953775999999999868e+01 -1.178196640000000116e+03 2.759885279999999966e+03 1.535207791999999972e+04 1.633040000000000092e+01 2.097919999999999874e+01 -1.974869601599999878e+05 -1.974869601599999878e+05
-1.974869601599999878e+05 1.358880000000000088e+01 1.177696000000000076e+01 2.910864000000000118e+01 2.518772288000000117e+04 1.276159967999999935e+04 3.480640000000000356e+01 2.779744000000000170e+01
1.726015999999999906e+01 2.403071999999999875e+01 3.263696000000000197e+01 2.547616303999999946e+04 1.304624928000000000e+04 3.688047999999999860e+01 3.206479999999999819e+01 3.769678543999999965e+04
2.785751679999999851e+03 3.144496000000000180e+01 3.354287999999999670e+01 -5.641735999999999649e+02 3.421945920000000115e+03 1.590192367999999988e+04 2.288640000000000185e+01 2.627167999999999992e+01
-1.974869601599999878e+05 -1.974869601599999878e+05 -1.974869601599999878e+05 2.178976000000000113e+01 4.107632000000000261e+01 3.812015999999999849e+01 2.577871647999999914e+04 1.334925568000000021e+04
3.933599999999999852e+01 3.926447999999999894e+01 3.804713807999999699e+04 3.015831520000000182e+03 3.592687999999999704e+01 3.659440000000000026e+01 -2.464102399999999875e+02 3.779736640000000079e+03
1.621031791999999950e+04 2.720144000000000162e+01 3.010991999999999891e+01 -1.974869601599999878e+05 -1.974869601599999878e+05 -1.974869601599999878e+05 2.474592000000000169e+01 4.312655999999999779e+01
4.174383999999999872e+01 2.599413472000000183e+04 1.356178928000000087e+04 4.229216000000000264e+01 4.141008000000000067e+01 3.828727840000000288e+04 3.085015199999999822e+03 3.852544000000000324e+01
3.802479999999999905e+01 -3.058671999999999969e+01 4.017612160000000131e+03 1.642132575999999972e+04 2.896559999999999846e+01 2.915632000000000090e+01 -1.974869601599999878e+05 -1.974869601599999878e+05
-1.974869601599999878e+05 2.991920000000000002e+01 3.072975999999999885e+01 4.720320000000000249e+01 2.604696415999999954e+04 1.359681024000000070e+04 4.663103999999999871e+01 4.264976000000000056e+01
3.542623999999999995e+01 2.543728000000000122e+01 5.328240000000000265e+01 2.597172511999999915e+04 1.349563328000000001e+04 5.268639999999999901e+01 4.610656000000000176e+01 3.820414832000000024e+04
2.612697119999999813e+03 5.056463999999999714e+01 5.130367999999999995e+01 -4.913423999999999836e+01 3.959919359999999870e+03 1.639007152000000133e+04 3.828703999999999752e+01 3.428191999999999950e+01
-1.974869601599999878e+05 -1.974869601599999878e+05 -1.974869601599999878e+05 4.088559999999999661e+01 2.531807999999999836e+01 5.709680000000000177e+01 2.582866128000000026e+04 1.331869280000000072e+04
5.700144000000000233e+01 4.982560000000000144e+01 3.800160368000000017e+04 2.255550079999999980e+03 5.468896000000000157e+01 5.657231999999999772e+01 -1.797297599999999989e+02 3.786578719999999976e+03
1.624872415999999976e+04 4.238752000000000209e+01 3.764336000000000126e+01 -1.974869601599999878e+05 -1.974869601599999878e+05 -1.974869601599999878e+05 4.663103999999999871e+01 2.276719999999999899e+01
5.793119999999999692e+01 2.565894431999999870e+04 1.310773264000000017e+04 5.726368000000000080e+01 5.182815999999999690e+01 3.776825776000000042e+04 1.920216640000000098e+03 5.759743999999999886e+01
6.012447999999999837e+01 -3.268225600000000099e+02 3.597432159999999840e+03 1.608174879999999939e+04 4.374640000000000128e+01 3.845392000000000365e+01 -1.974869601599999878e+05 -1.974869601599999878e+05
-1.974869601599999878e+05 4.632112000000000052e+01 2.381616000000000000e+01 5.561872000000000327e+01 2.556282143999999971e+04 1.297825760000000082e+04 5.397375999999999863e+01 5.149439999999999884e+01
4.210143999999999664e+01 2.999071999999999960e+01 5.256719999999999970e+01 2.562440016000000105e+04 1.302090735999999924e+04 5.056463999999999714e+01 5.015935999999999950e+01 3.766326640000000043e+04
1.767807520000000068e+03 5.035007999999999839e+01 5.375919999999999987e+01 -2.723720000000000141e+02 3.599696960000000217e+03 1.602801344000000063e+04 4.059951999999999828e+01 3.788175999999999988e+01
-1.974869601599999878e+05 -1.974869601599999878e+05 -1.974869601599999878e+05 3.485408000000000328e+01 3.123039999999999949e+01 4.553439999999999799e+01 2.580315248000000065e+04 1.318986144000000058e+04
4.455696000000000367e+01 4.424703999999999837e+01 3.785443935999999667e+04 1.946655199999999923e+03 4.319807999999999737e+01 4.517680000000000007e+01 -6.639440000000000452e+01 3.822028800000000047e+03
1.619227103999999963e+04 3.292304000000000030e+01 3.208863999999999805e+01 -1.974869601599999878e+05 -1.974869601599999878e+05 -1.974869601599999878e+05 2.517503999999999920e+01 2.670080000000000098e+01
3.647520000000000095e+01 2.603816719999999987e+04 1.341722351999999955e+04 3.425807999999999964e+01 3.750032000000000210e+01 3.812075600000000122e+04 2.166960639999999785e+03 3.583151999999999759e+01
3.504480000000000217e+01 1.750332799999999907e+02 4.104175199999999677e+03 1.642077744000000166e+04 2.085999999999999943e+01 2.529423999999999850e+01 -1.974869601599999878e+05 -1.974869601599999878e+05
-1.974869601599999878e+05 2.062160000000000082e+01 2.758287999999999940e+01 3.087280000000000157e+01 2.629089503999999943e+04 1.366370528000000013e+04 2.841728000000000165e+01 3.530704000000000065e+01
1.852367999999999881e+01 2.376848000000000027e+01 2.772591999999999857e+01 2.645748895999999877e+04 1.381892751999999928e+04 2.827423999999999893e+01 3.137343999999999866e+01 3.858117792000000190e+04
2.411249119999999948e+03 3.034832000000000107e+01 2.975232000000000099e+01 5.597631999999999834e+02 4.547098560000000361e+03 1.680781984000000011e+04 1.599663999999999930e+01 1.849983999999999895e+01
-1.974869601599999878e+05 -1.974869601599999878e+05 -1.974869601599999878e+05 1.361264000000000074e+01 7.938719999999999999e+00 2.348239999999999839e+01 2.645498575999999957e+04 1.379267967999999928e+04
2.670080000000000098e+01 2.350624000000000180e+01 3.854854095999999845e+04 2.218359680000000026e+03 2.810735999999999990e+01 2.848880000000000123e+01 5.281990399999999681e+02 4.502875360000000001e+03
1.678748431999999957e+04 1.575824000000000069e+01 1.137167999999999957e+01 -1.974869601599999878e+05 -1.974869601599999878e+05 -1.974869601599999878e+05 1.008431999999999995e+01 -1.788000000000000034e+00
2.007328000000000046e+01 2.630972864000000118e+04 1.362563279999999941e+04 2.646239999999999881e+01 2.033551999999999893e+01 3.834308784000000014e+04 1.858590239999999994e+03 2.727296000000000120e+01
2.820271999999999935e+01 3.528796800000000076e+02 4.288672959999999875e+03 1.662203471999999965e+04 1.575824000000000069e+01 7.128160000000000274e+00 -1.974869601599999878e+05 -1.974869601599999878e+05
-1.974869601599999878e+05 1.096640000000000015e+01 -2.932319999999999816e+00 2.121760000000000090e+01 2.605580879999999888e+04 1.335261712000000080e+04 3.015759999999999863e+01 2.357776000000000138e+01
1.015583999999999953e+01 -8.296319999999999695e+00 2.143215999999999966e+01 2.577664240000000063e+04 1.304775120000000061e+04 2.994303999999999988e+01 2.450751999999999953e+01 3.765868912000000273e+04
1.020757280000000037e+03 2.450751999999999953e+01 2.565183999999999997e+01 -2.152513600000000054e+02 3.625992479999999887e+03 1.607147376000000077e+04 1.275440000000000040e+01 9.202239999999999753e+00
-1.974869601599999878e+05 -1.974869601599999878e+05 -1.974869601599999878e+05 5.459360000000000213e+00 -1.196767999999999965e+01 1.728399999999999892e+01 2.560320639999999912e+04 1.286525599999999940e+04
2.519887999999999906e+01 2.052624000000000137e+01 3.742303072000000247e+04 7.962798400000000356e+02 2.066928000000000054e+01 2.116992000000000118e+01 -3.820836800000000153e+02 3.423447839999999815e+03
1.589422335999999996e+04 7.557280000000000442e+00 5.507039999999999935e+00 -1.974869601599999878e+05 -1.974869601599999878e+05 -1.974869601599999878e+05 7.152000000000000024e-02 -9.869759999999999422e+00
1.215840000000000032e+01 2.559426640000000043e+04 1.286849824000000081e+04 2.050240000000000151e+01 1.480464000000000091e+01 3.739211024000000180e+04 8.144220800000000509e+02 1.706944000000000017e+01
1.630656000000000105e+01 -3.795328000000000088e+02 3.413959519999999884e+03 1.588168352000000050e+04 5.888480000000000381e+00 1.597280000000000033e+00 -1.974869601599999878e+05 -1.974869601599999878e+05
-1.974869601599999878e+05 -5.650079999999999991e+00 -5.745440000000000325e+00 8.916159999999999641e+00 2.571625567999999839e+04 1.300395712000000094e+04 1.671183999999999870e+01 1.044191999999999965e+01
-9.273759999999999337e+00 8.105599999999999472e-01 6.627519999999999634e+00 2.590289904000000024e+04 1.320547664000000077e+04 1.451856000000000080e+01 8.153280000000000527e+00 3.774408400000000256e+04
1.208163520000000062e+03 1.070415999999999990e+01 1.027504000000000062e+01 -1.021782400000000024e+02 3.755252959999999803e+03 1.620686111999999957e+04 -9.297600000000000309e-01 -3.981279999999999930e+00
-1.974869601599999878e+05 -1.974869601599999878e+05 -1.974869601599999878e+05 -1.060880000000000045e+01 7.152000000000000135e+00 4.839520000000000266e+00 2.611111760000000140e+04 1.344394815999999992e+04
1.318351999999999968e+01 6.913599999999999746e+00 3.798908767999999691e+04 1.404819680000000062e+03 9.345280000000000697e+00 9.178399999999999892e+00 5.986223999999999990e+01 3.958226720000000114e+03
1.642118272000000070e+04 -3.814400000000000013e-01 -6.746719999999999828e+00 -1.974869601599999878e+05 -1.974869601599999878e+05 -1.974869601599999878e+05 -1.010815999999999981e+01 3.361439999999999984e+00
3.289919999999999956e+00 2.623410815999999977e+04 1.360014783999999963e+04 1.270672000000000068e+01 7.223519999999999719e+00 3.812936224000000220e+04 1.443559680000000071e+03 8.177120000000000388e+00
8.320159999999999556e+00 1.253507199999999955e+02 4.045075839999999971e+03 1.655053856000000087e+04 -8.105599999999999472e-01 -7.771840000000000082e+00 -1.974869601599999878e+05 -1.974869601599999878e+05
-1.974869601599999878e+05 -8.177120000000000388e+00 -6.484479999999999578e+00 4.529600000000000293e+00 2.618895520000000033e+04 1.357800048000000061e+04 1.442319999999999958e+01 8.582399999999999807e+00
-3.790560000000000151e+00 -7.986399999999999721e+00 9.893599999999999284e+00 2.602367248000000109e+04 1.343283871999999974e+04 1.768928000000000011e+01 1.561519999999999975e+01 3.784630991999999969e+04
9.258502399999999852e+02 1.587744000000000000e+01 9.464480000000000004e+00 -2.001844800000000077e+02 3.685044159999999920e+03 1.637161936000000060e+04 4.624959999999999738e+00 -4.934879999999999711e+00
-1.974869601599999878e+05 -1.974869601599999878e+05 -1.974869601599999878e+05 3.432960000000000012e+00 -2.145599999999999952e+00 1.799919999999999831e+01 2.580138832000000184e+04 1.322366655999999966e+04
2.176592000000000127e+01 2.910864000000000118e+01 3.756034911999999895e+04 5.621948800000000119e+02 2.426912000000000091e+01 1.816608000000000089e+01 -4.784211199999999735e+02 3.372454079999999976e+03
1.616352000000000044e+04 1.087104000000000070e+01 2.074079999999999924e+00 -1.974869601599999878e+05 -1.974869601599999878e+05 -1.974869601599999878e+05 9.083040000000000447e+00 -4.648799999999999599e+00
2.310096000000000060e+01 2.555659920000000056e+04 1.298386000000000058e+04 2.505583999999999989e+01 3.308991999999999933e+01 3.725092975999999908e+04 2.219265599999999949e+02 3.123039999999999949e+01
2.505583999999999989e+01 -7.697697600000000193e+02 3.049040640000000167e+03 1.593625328000000081e+04 1.580592000000000041e+01 6.508320000000000327e+00 -1.974869601599999878e+05 -1.974869601599999878e+05
-1.974869601599999878e+05 9.154560000000000031e+00 -9.512159999999999727e+00 2.183744000000000085e+01 2.538101759999999922e+04 1.281926864000000023e+04 2.684384000000000015e+01 2.517503999999999920e+01
5.387839999999999741e+00 -5.959999999999999742e-01 2.052624000000000137e+01 2.536704736000000048e+04 1.284039088000000083e+04 2.648623999999999867e+01 2.085999999999999943e+01 3.699128831999999966e+04
4.987328000000000117e+01 2.672464000000000084e+01 2.119376000000000104e+01 -1.008288959999999975e+03 2.771352319999999963e+03 1.576391392000000087e+04 1.170543999999999940e+01 5.936160000000000103e+00
-1.974869601599999878e+05 -1.974869601599999878e+05 -1.974869601599999878e+05 3.075359999999999872e+00 1.623504000000000147e+01 2.090767999999999915e+01 2.547911920000000100e+04 1.299899840000000040e+04
2.622400000000000020e+01 2.331551999999999936e+01 3.711928528000000370e+04 2.327737600000000100e+02 2.341087999999999880e+01 1.880976000000000070e+01 -9.346471999999999980e+02 2.864256800000000112e+03
1.587922799999999916e+04 8.916159999999999641e+00 1.037040000000000006e+01 -1.974869601599999878e+05 -1.974869601599999878e+05 -1.974869601599999878e+05 4.148159999999999847e+00 2.927552000000000021e+01
2.133680000000000021e+01 2.565164928000000145e+04 1.321196111999999994e+04 2.584255999999999887e+01 2.679616000000000042e+01 3.732786144000000058e+04 4.609702399999999898e+02 2.164671999999999841e+01
1.759392000000000067e+01 -8.252215999999999667e+02 3.019788959999999861e+03 1.606124639999999999e+04 4.529600000000000293e+00 1.187232000000000021e+01 -1.974869601599999878e+05 -1.974869601599999878e+05
-1.974869601599999878e+05 4.386560000000000237e+00 3.063439999999999941e+01 2.040703999999999851e+01 2.583993760000000111e+04 1.343641472000000067e+04 2.505583999999999989e+01 2.565183999999999997e+01
2.360160000000000036e+00 1.885744000000000042e+01 1.878592000000000084e+01 2.593644192000000112e+04 1.355797487999999976e+04 2.519887999999999906e+01 2.171824000000000154e+01 3.767208720000000176e+04
7.120054400000000214e+02 1.559135999999999989e+01 1.730783999999999878e+01 -6.975345600000000559e+02 3.221618399999999838e+03 1.636005695999999989e+04 -2.384000000000000008e-02 8.296319999999999695e+00
-1.974869601599999878e+05 -1.974869601599999878e+05 -1.974869601599999878e+05 2.479359999999999786e+00 4.315039999999999765e+00 1.888128000000000029e+01 2.586401599999999962e+04 1.349541871999999967e+04
2.455519999999999925e+01 2.136064000000000007e+01 3.758032704000000376e+04 5.270547199999999748e+02 1.456624000000000052e+01 1.859519999999999840e+01 -8.447703999999999951e+02 3.069543040000000019e+03
1.630017087999999967e+04 2.574720000000000120e+00 6.675200000000000244e+00 -1.974869601599999878e+05 -1.974869601599999878e+05 -1.974869601599999878e+05 4.648799999999999599e+00 -1.668800000000000006e-01
2.062160000000000082e+01 2.566426064000000042e+04 1.329871487999999954e+04 2.620016000000000034e+01 2.183744000000000085e+01 3.733136591999999655e+04 1.959647999999999968e+02 1.754624000000000095e+01
2.116992000000000118e+01 -1.113566399999999931e+03 2.770684799999999996e+03 1.611035679999999957e+04 6.079200000000000159e+00 5.054079999999999906e+00 -1.974869601599999878e+05 -1.974869601599999878e+05
-1.974869601599999878e+05 8.081759999999999167e+00 2.264800000000000146e+00 2.443599999999999994e+01 2.540886272000000099e+04 1.304591552000000047e+04 2.949007999999999896e+01 2.336319999999999908e+01
1.172927999999999926e+01 3.075359999999999872e+00 2.929936000000000007e+01 2.513849327999999878e+04 1.277180320000000029e+04 3.213631999999999778e+01 2.791664000000000101e+01 3.667104559999999765e+04
-5.028332800000000020e+02 2.476976000000000155e+01 2.608096000000000103e+01 -1.762205120000000079e+03 2.037819359999999961e+03 1.559305263999999988e+04 1.430400000000000027e+01 1.034656000000000020e+01
-1.974869601599999878e+05 -1.974869601599999878e+05 -1.974869601599999878e+05 1.506687999999999938e+01 9.655200000000000671e+00 3.339983999999999753e+01 2.493966767999999865e+04 1.257207168000000092e+04
3.514016000000000162e+01 3.356672000000000367e+01 3.641786480000000302e+04 -6.937201599999999644e+02 2.782128000000000156e+01 2.875103999999999971e+01 -1.997720479999999952e+03 1.767950559999999996e+03
1.539701632000000063e+04 1.897663999999999973e+01 1.561519999999999975e+01 -1.974869601599999878e+05 -1.974869601599999878e+05 -1.974869601599999878e+05 1.666415999999999897e+01 2.410223999999999833e+01
3.704735999999999763e+01 2.489160624000000098e+04 1.253745600000000013e+04 3.840623999999999683e+01 3.795327999999999946e+01 3.635275776000000042e+04 -6.602964799999999741e+02 3.001455999999999946e+01
3.156416000000000111e+01 -2.069002080000000205e+03 1.681077600000000075e+03 1.534709535999999935e+04 2.152751999999999910e+01 2.083615999999999957e+01 -1.974869601599999878e+05 -1.974869601599999878e+05
-1.974869601599999878e+05 1.594895999999999958e+01 3.156416000000000111e+01 3.747648000000000224e+01 2.495888272000000143e+04 1.261731999999999971e+04 3.902608000000000033e+01 3.800095999999999918e+01
1.869056000000000139e+01 3.373360000000000269e+01 3.914527999999999963e+01 2.508432879999999932e+04 1.275385167999999976e+04 4.155311999999999983e+01 3.928831999999999880e+01 3.660238640000000305e+04
-2.631220799999999826e+02 3.440111999999999881e+01 3.382896000000000214e+01 -1.961960479999999961e+03 1.844906079999999974e+03 1.555147567999999956e+04 2.562800000000000011e+01 2.460287999999999897e+01
-1.974869601599999878e+05 -1.974869601599999878e+05 -1.974869601599999878e+05 1.780847999999999942e+01 3.003839999999999932e+01 3.561695999999999884e+01 2.521807119999999850e+04 1.290602239999999983e+04
3.986048000000000258e+01 3.535472000000000037e+01 3.677775344000000041e+04 -7.635952000000000339e+01 3.199327999999999861e+01 3.094432000000000116e+01 -1.897234879999999976e+03 1.953688000000000102e+03
1.568826959999999963e+04 2.055008000000000123e+01 2.074080000000000013e+01 -1.974869601599999878e+05 -1.974869601599999878e+05 -1.974869601599999878e+05 1.397024000000000044e+01 2.291024000000000171e+01
2.996687999999999974e+01 2.526908880000000136e+04 1.297368031999999948e+04 3.373360000000000269e+01 2.829807999999999879e+01 3.684414783999999781e+04 -5.199504000000000303e+01 2.822655999999999921e+01
2.569951999999999970e+01 -1.926534239999999954e+03 1.944342720000000099e+03 1.573065711999999985e+04 1.218224000000000018e+01 1.184848000000000035e+01 -1.974869601599999878e+05 -1.974869601599999878e+05
-1.974869601599999878e+05 1.649727999999999994e+01 1.795151999999999859e+01 3.409120000000000061e+01 2.516285775999999896e+04 1.286568512000000010e+04 3.564079999999999870e+01 3.156416000000000111e+01
2.114608000000000132e+01 1.299280000000000079e+01 3.852544000000000324e+01 2.491983280000000013e+04 1.259810496000000057e+04 3.976512000000000313e+01 3.752416000000000196e+01 3.640906784000000334e+04
-6.154296000000000504e+02 3.649904000000000082e+01 3.494944000000000273e+01 -2.424384959999999865e+03 1.398978880000000117e+03 1.536921888000000035e+04 1.814224000000000103e+01 1.869056000000000139e+01
-1.974869601599999878e+05 -1.974869601599999878e+05 -1.974869601599999878e+05 2.271951999999999927e+01 7.867200000000000415e+00 3.797711999999999932e+01 2.460447727999999915e+04 1.224539215999999942e+04
4.093328000000000344e+01 3.721423999999999666e+01 3.601806799999999930e+04 -1.026359680000000026e+03 3.580767999999999773e+01 3.599839999999999662e+01 -2.796312800000000152e+03 9.800147200000000112e+02
1.505593743999999970e+04 2.019247999999999976e+01 2.021631999999999962e+01 -1.974869601599999878e+05 -1.974869601599999878e+05 -1.974869601599999878e+05 2.095535999999999888e+01 -2.097920000000000229e+00
3.437727999999999895e+01 2.427081264000000010e+04 1.186483424000000014e+04 4.021808000000000050e+01 3.237472000000000349e+01 3.560120176000000356e+04 -1.420363360000000057e+03 3.311375999999999920e+01
3.528320000000000078e+01 -3.184308799999999792e+03 5.473425600000000486e+02 1.471695648000000074e+04 1.911967999999999890e+01 1.742704000000000164e+01 -1.974869601599999878e+05 -1.974869601599999878e+05
-1.974869601599999878e+05 2.138447999999999993e+01 -7.914880000000000138e+00 3.270848000000000155e+01 2.401229167999999845e+04 1.156549920000000020e+04 3.986048000000000258e+01 2.999071999999999960e+01
2.417376000000000147e+01 -2.527039999999999953e+00 3.473487999999999687e+01 2.391445232000000033e+04 1.144315231999999924e+04 4.098096000000000316e+01 3.335215999999999781e+01 3.512542687999999907e+04
-1.694332640000000083e+03 3.769104000000000099e+01 4.024192000000000036e+01 -3.619794080000000122e+03 5.552335999999999672e+01 1.432209455999999955e+04 2.567567999999999984e+01 2.176592000000000127e+01
-1.974869601599999878e+05 -1.974869601599999878e+05 -1.974869601599999878e+05 2.462671999999999883e+01 3.695199999999999818e+00 3.518784000000000134e+01 2.394658864000000176e+04 1.145566832000000068e+04
4.017040000000000077e+01 3.490176000000000300e+01 3.514051759999999922e+04 -1.577492799999999988e+03 3.983664000000000271e+01 4.126704000000000150e+01 -3.648187519999999950e+03 3.864464000000000254e+01
1.432245216000000073e+04 2.610480000000000089e+01 2.343471999999999866e+01 -1.974869601599999878e+05 -1.974869601599999878e+05 -1.974869601599999878e+05 2.312480000000000047e+01 5.030240000000000045e+00
3.251776000000000266e+01 2.403203120000000126e+04 1.151495839999999953e+04 3.862080000000000268e+01 3.137343999999999866e+01 3.522565024000000267e+04 -1.424940640000000030e+03 3.821551999999999794e+01
3.878768000000000171e+01 -3.639771999999999935e+03 8.410751999999999384e+01 1.438426928000000044e+04 2.298176000000000130e+01 2.169440000000000168e+01 -1.974869601599999878e+05 -1.974869601599999878e+05
-1.974869601599999878e+05 2.364928000000000097e+01 7.223519999999999719e+00 3.208863999999999805e+01 2.412879776000000129e+04 1.157527360000000044e+04 3.885920000000000130e+01 3.182639999999999958e+01
2.617632000000000048e+01 1.137167999999999957e+01 3.616528000000000276e+01 2.415061135999999897e+04 1.155117136000000028e+04 4.086175999999999675e+01 4.121936000000000178e+01 3.533080847999999969e+04
-1.302689120000000003e+03 3.919295999999999935e+01 3.785792000000000002e+01 -3.690956479999999829e+03 8.327312000000000580e+01 1.445998511999999937e+04 2.262415999999999983e+01 2.898944000000000187e+01
-1.974869601599999878e+05 -1.974869601599999878e+05 -1.974869601599999878e+05 3.089664000000000144e+01 1.239680000000000071e+01 4.229216000000000264e+01 2.401865696000000025e+04 1.136066591999999946e+04
4.520063999999999993e+01 5.023087999999999909e+01 3.514299695999999676e+04 -1.539873280000000022e+03 4.353184000000000253e+01 4.279279999999999973e+01 -3.916435199999999895e+03 -1.543640000000000043e+02
1.430566879999999946e+04 2.579487999999999914e+01 3.452031999999999812e+01 -1.974869601599999878e+05 -1.974869601599999878e+05 -1.974869601599999878e+05 3.199327999999999861e+01 5.054079999999999906e+00
4.255440000000000111e+01 2.376940975999999864e+04 1.104519119999999930e+04 4.660719999999999885e+01 4.877664000000000044e+01 3.480473120000000199e+04 -1.923530400000000100e+03 4.560591999999999757e+01
4.567743999999999716e+01 -4.262472800000000461e+03 -5.355417599999999538e+02 1.402564415999999983e+04 2.684384000000000015e+01 3.614144000000000290e+01 -1.974869601599999878e+05 -1.974869601599999878e+05
-1.974869601599999878e+05 3.051520000000000010e+01 -4.982560000000000322e+00 3.847776000000000352e+01 2.345815471999999863e+04 1.066456176000000050e+04 4.622576000000000107e+01 4.353184000000000253e+01
2.569951999999999970e+01 -1.602047999999999917e+01 3.316143999999999892e+01 2.313106992000000173e+04 1.026981904000000031e+04 4.379408000000000101e+01 3.514016000000000162e+01 3.395457295999999769e+04
-2.748299039999999877e+03 3.959823999999999700e+01 4.145776000000000039e+01 -5.075726719999999659e+03 -1.439792959999999994e+03 1.332789503999999943e+04 2.405455999999999861e+01 2.374464000000000041e+01
-1.974869601599999878e+05 -1.974869601599999878e+05 -1.974869601599999878e+05 1.804688000000000159e+01 -2.255264000000000024e+01 2.593791999999999831e+01 2.287004576000000088e+04 9.948551199999999881e+03
3.750032000000000210e+01 2.493664000000000058e+01 3.359814112000000023e+04 -3.022459040000000186e+03 3.189791999999999916e+01 3.416272000000000020e+01 -5.419833279999999831e+03 -1.819349600000000009e+03
1.302798783999999978e+04 2.019247999999999976e+01 1.292127999999999943e+01 -1.974869601599999878e+05 -1.974869601599999878e+05 -1.974869601599999878e+05 1.518608000000000047e+01 -1.747472000000000136e+01
2.386383999999999972e+01 2.274993983999999909e+04 9.778023680000000240e+03 3.401968000000000103e+01 2.195664000000000016e+01 3.341462079999999696e+04 -3.095314080000000104e+03 2.884639999999999915e+01
3.142111999999999838e+01 -5.623975199999999859e+03 -2.043040320000000065e+03 1.286332495999999992e+04 1.880976000000000070e+01 1.237296000000000085e+01 -1.974869601599999878e+05 -1.974869601599999878e+05
-1.974869601599999878e+05 1.387487999999999921e+01 -1.578208000000000055e+01 2.479360000000000142e+01 2.274166735999999946e+04 9.729247040000000197e+03 3.368592000000000297e+01 2.419760000000000133e+01
1.246832000000000029e+01 -1.616351999999999833e+01 2.538960000000000150e+01 2.278090799999999945e+04 9.734730240000000776e+03 3.437727999999999895e+01 2.667696000000000112e+01 3.339113840000000346e+04
-2.947911360000000059e+03 2.555648000000000053e+01 2.414992000000000161e+01 -5.843303200000000288e+03 -2.213520160000000033e+03 1.280906511999999930e+04 1.530527999999999977e+01 1.597279999999999944e+01
-1.974869601599999878e+05 -1.974869601599999878e+05 -1.974869601599999878e+05 8.677759999999999252e+00 -1.079951999999999934e+01 2.548496000000000095e+01 2.283183023999999932e+04 9.759452320000000327e+03
3.351903999999999684e+01 2.636703999999999937e+01 3.341242751999999746e+04 -2.897465920000000096e+03 2.214735999999999905e+01 1.830912000000000006e+01 -5.963003840000000309e+03 -2.296340319999999792e+03
1.280970880000000034e+04 1.354111999999999938e+01 1.258751999999999960e+01 -1.974869601599999878e+05 -1.974869601599999878e+05 -1.974869601599999878e+05 7.891040000000000276e+00 -9.845919999999999561e+00
2.813119999999999976e+01 2.278968112000000110e+04 9.689839519999999538e+03 3.514016000000000162e+01 2.856032000000000082e+01 3.330986783999999898e+04 -3.020170399999999972e+03 2.076463999999999999e+01
1.790383999999999887e+01 -6.196445120000000315e+03 -2.520460160000000087e+03 1.270588559999999961e+04 1.432784000000000013e+01 1.251600000000000001e+01 -1.974869601599999878e+05 -1.974869601599999878e+05
-1.974869601599999878e+05 1.311200000000000010e+01 -1.883360000000000056e+01 3.316143999999999892e+01 2.257388144000000102e+04 9.432033760000000257e+03 4.143392000000000053e+01 3.156416000000000111e+01
1.854751999999999867e+01 -3.235088000000000363e+01 3.423423999999999978e+01 2.221365903999999864e+04 9.013355680000000575e+03 4.479536000000000229e+01 2.949007999999999896e+01 3.250028528000000006e+04
-3.921584640000000036e+03 2.825039999999999907e+01 3.142111999999999838e+01 -7.179654400000000351e+03 -3.559168959999999970e+03 1.201726720000000023e+04 2.236192000000000135e+01 1.613967999999999847e+01
-1.974869601599999878e+05 -1.974869601599999878e+05 -1.974869601599999878e+05 2.291024000000000171e+01 -4.405631999999999948e+01 3.337599999999999767e+01 2.176992511999999988e+04 8.503656479999999647e+03
4.489072000000000173e+01 2.779744000000000170e+01 3.191415504000000146e+04 -4.514652320000000145e+03 3.158800000000000097e+01 3.387664000000000186e+01 -7.831654559999999947e+03 -4.258276960000000145e+03
1.152110911999999917e+04 2.212351999999999919e+01 1.475695999999999941e+01 -1.974869601599999878e+05 -1.974869601599999878e+05 -1.974869601599999878e+05 2.405455999999999861e+01 -4.784687999999999874e+01
3.428191999999999950e+01 2.130161216000000059e+04 7.967733280000000377e+03 4.610656000000000176e+01 2.920400000000000063e+01 3.129753343999999925e+04 -5.082425760000000082e+03 3.330447999999999809e+01
3.509248000000000189e+01 -8.506350399999999354e+03 -4.977410560000000260e+03 1.100435327999999936e+04 2.043087999999999838e+01 1.430400000000000027e+01 -1.974869601599999878e+05 -1.974869601599999878e+05
-1.974869601599999878e+05 2.410223999999999833e+01 -4.002736000000000161e+01 3.535472000000000037e+01 2.090651183999999921e+04 7.512389280000000326e+03 4.708400000000000318e+01 3.139727999999999852e+01
2.722528000000000148e+01 -2.305328000000000088e+01 3.680895999999999901e+01 2.066937536000000182e+04 7.232674560000000383e+03 4.922959999999999781e+01 3.444879999999999853e+01 3.042343983999999909e+04
-5.666148159999999734e+03 3.568847999999999843e+01 3.843007999999999669e+01 -9.511397119999999632e+03 -6.037170079999999871e+03 1.026197567999999956e+04 2.400687999999999889e+01 2.131296000000000035e+01
-1.974869601599999878e+05 -1.974869601599999878e+05 -1.974869601599999878e+05 2.903712000000000160e+01 -8.367839999999999279e+00 3.802479999999999905e+01 2.055847167999999874e+04 7.084556639999999788e+03
5.042159999999999798e+01 3.606992000000000331e+01 3.024661855999999898e+04 -5.669342719999999645e+03 3.997968000000000188e+01 4.167231999999999914e+01 -9.818122559999999794e+03 -6.332261599999999817e+03
1.009097135999999955e+04 2.679616000000000042e+01 2.434064000000000050e+01 -1.974869601599999878e+05 -1.974869601599999878e+05 -1.974869601599999878e+05 2.615248000000000062e+01 -1.072799999999999976e+00
3.626064000000000220e+01 2.051265120000000024e+04 7.002022560000000340e+03 4.706016000000000332e+01 3.285152000000000072e+01 3.016704063999999926e+04 -5.608407680000000255e+03 3.869232000000000227e+01
4.048031999999999897e+01 -1.007840768000000025e+04 -6.554188159999999698e+03 9.988554720000000088e+03 2.567567999999999984e+01 2.391151999999999944e+01 -1.974869601599999878e+05 -1.974869601599999878e+05
-1.974869601599999878e+05 2.281487999999999872e+01 5.268640000000000434e+00 3.506864000000000203e+01 2.049188655999999901e+04 6.944830399999999827e+03 4.546287999999999840e+01 3.154032000000000124e+01
2.226655999999999835e+01 6.007679999999999687e+00 3.411504000000000048e+01 2.039531072000000131e+04 6.809109279999999671e+03 4.355568000000000239e+01 3.394816000000000145e+01 2.999300864000000001e+04
-5.584901439999999639e+03 3.604608000000000345e+01 3.950287999999999755e+01 -1.062303247999999985e+04 -7.021285280000000057e+03 9.772421280000000479e+03 2.176592000000000127e+01 2.496048000000000044e+01
-1.974869601599999878e+05 -1.974869601599999878e+05 -1.974869601599999878e+05 2.524655999999999878e+01 2.527039999999999953e+00 3.506864000000000203e+01 2.015180895999999848e+04 6.525055680000000393e+03
4.191071999999999775e+01 3.719039999999999679e+01 2.968962080000000060e+04 -5.804825439999999617e+03 3.938367999999999824e+01 3.990816000000000230e+01 -1.105189024000000063e+04 -7.442466559999999845e+03
9.498118239999999787e+03 2.286255999999999844e+01 2.672464000000000084e+01 -1.974869601599999878e+05 -1.974869601599999878e+05 -1.974869601599999878e+05 2.808352000000000004e+01 7.152000000000000579e-01
3.645136000000000109e+01 1.981525967999999921e+04 6.146595680000000357e+03 4.171999999999999886e+01 3.933599999999999852e+01 2.927332672000000093e+04 -6.119298880000000281e+03 4.260208000000000084e+01
4.069487999999999772e+01 -1.155243488000000070e+04 -7.961582559999999830e+03 9.132364960000000792e+03 2.147983999999999938e+01 2.670080000000000098e+01 -1.974869601599999878e+05 -1.974869601599999878e+05
-1.974869601599999878e+05 3.289920000000000044e+01 -2.622400000000000286e-01 4.028960000000000008e+01 1.945298703999999998e+04 5.741291839999999866e+03 4.627344000000000079e+01 4.229216000000000264e+01
3.480640000000000356e+01 -2.145600000000000007e-01 4.262592000000000070e+01 1.909395664000000033e+04 5.340159999999999854e+03 4.956336000000000297e+01 4.448543999999999699e+01 2.839193807999999990e+04
-6.635673279999999977e+03 4.977792000000000172e+01 4.441391999999999740e+01 -1.251552319999999963e+04 -8.975497760000000198e+03 8.381404959999999846e+03 2.677232000000000056e+01 3.535472000000000037e+01
-1.974869601599999878e+05 -1.974869601599999878e+05 -1.974869601599999878e+05 2.767823999999999884e+01 8.582400000000000029e-01 3.690431999999999846e+01 1.881927216000000044e+04 5.035913919999999962e+03
4.379408000000000101e+01 4.248288000000000153e+01 2.806673663999999917e+04 -6.676368159999999989e+03 4.408015999999999934e+01 3.959823999999999700e+01 -1.285006991999999991e+04 -9.326112639999999374e+03
8.107006559999999808e+03 2.016863999999999990e+01 3.113504000000000005e+01 -1.974869601599999878e+05 -1.974869601599999878e+05 -1.974869601599999878e+05 2.167056000000000182e+01 5.769280000000000186e+00
3.223167999999999722e+01 1.871437615999999980e+04 4.921958719999999630e+03 3.833471999999999724e+01 3.924063999999999908e+01 2.795337744000000021e+04 -6.466385440000000017e+03 3.864464000000000254e+01
3.390048000000000172e+01 -1.299048752000000059e+04 -9.462811200000000099e+03 8.000584799999999632e+03 1.571055999999999919e+01 2.965696000000000154e+01 -1.974869601599999878e+05 -1.974869601599999878e+05
-1.974869601599999878e+05 1.728399999999999892e+01 8.296319999999999695e+00 2.958543999999999841e+01 1.874427151999999842e+04 4.957265760000000228e+03 3.411504000000000048e+01 3.738112000000000279e+01
9.512159999999999727e+00 6.126879999999999882e+00 2.374464000000000041e+01 1.884511472000000140e+04 5.072341440000000148e+03 2.748751999999999995e+01 3.227935999999999694e+01 2.815668495999999868e+04
-5.680881279999999606e+03 2.355392000000000152e+01 1.923888000000000176e+01 -1.294717023999999947e+04 -9.333479199999999764e+03 8.149608640000000378e+03 7.795679999999999943e+00 1.911967999999999890e+01
-1.974869601599999878e+05 -1.974869601599999878e+05 -1.974869601599999878e+05 4.243520000000000181e+00 5.220959999999999823e+00 1.828528000000000020e+01 1.897528111999999965e+04 5.226610080000000380e+03
2.224271999999999849e+01 2.364928000000000097e+01 2.833412608000000182e+04 -5.296246720000000096e+03 1.795151999999999859e+01 1.547216000000000058e+01 -1.288454255999999987e+04 -9.218761119999999210e+03
8.281205439999999726e+03 1.215840000000000032e+00 8.272479999999999833e+00 -1.974869601599999878e+05 -1.974869601599999878e+05 -1.974869601599999878e+05 4.577280000000000015e+00 3.409120000000000150e+00
1.656879999999999953e+01 1.902477295999999842e+04 5.300871680000000197e+03 2.102687999999999846e+01 2.031167999999999907e+01 2.840979423999999926e+04 -5.073986399999999776e+03 1.840447999999999951e+01
1.666415999999999897e+01 -1.291131487999999990e+04 -9.209701919999999518e+03 8.329076160000000527e+03 -2.264800000000000146e+00 8.820800000000000196e+00 -1.974869601599999878e+05 -1.974869601599999878e+05
-1.974869601599999878e+05 6.961280000000000356e+00 -3.027680000000000149e+00 1.661647999999999925e+01 1.890924432000000161e+04 5.194378399999999601e+03 2.224271999999999849e+01 2.057392000000000110e+01
1.034656000000000020e+01 -6.603679999999999772e+00 1.895279999999999987e+01 1.867177407999999923e+04 4.950399840000000040e+03 2.612864000000000075e+01 2.279103999999999886e+01 2.801276287999999840e+04
-5.275482079999999769e+03 2.374464000000000041e+01 2.183744000000000085e+01 -1.339993951999999990e+04 -9.710461119999999937e+03 7.983062399999999798e+03 -6.198399999999999466e-01 9.631360000000000809e+00
-1.974869601599999878e+05 -1.974869601599999878e+05 -1.974869601599999878e+05 1.401792000000000016e+01 -6.079200000000000159e+00 2.236192000000000135e+01 1.837615808000000106e+04 4.641981759999999667e+03
3.051520000000000010e+01 2.741600000000000037e+01 2.766148047999999835e+04 -5.512141760000000431e+03 2.803584000000000032e+01 2.693919999999999959e+01 -1.375782560000000012e+04 -1.009604927999999927e+04
7.686325920000000224e+03 2.979999999999999982e+00 1.277824000000000026e+01 -1.974869601599999878e+05 -1.974869601599999878e+05 -1.974869601599999878e+05 1.633040000000000092e+01 -6.246080000000000076e+00
2.488896000000000086e+01 1.806735856000000058e+04 4.314134079999999813e+03 3.235088000000000363e+01 3.001455999999999946e+01 2.729012480000000141e+04 -5.723149599999999737e+03 3.056287999999999982e+01
2.958543999999999841e+01 -1.412098032000000057e+04 -1.048476048000000083e+04 7.375142399999999725e+03 6.722879999999999967e+00 1.525760000000000005e+01 -1.974869601599999878e+05 -1.974869601599999878e+05
-1.974869601599999878e+05 1.690256000000000114e+01 -5.244800000000000573e-01 2.631935999999999964e+01 1.784030640000000130e+04 4.075185759999999846e+03 3.180255999999999972e+01 3.344751999999999725e+01
1.547216000000000058e+01 9.702880000000000393e+00 2.460287999999999897e+01 1.777264847999999984e+04 4.013702400000000125e+03 2.913248000000000104e+01 3.325679999999999836e+01 2.693357375999999931e+04
-5.630245119999999588e+03 2.882255999999999929e+01 2.682000000000000028e+01 -1.447140447999999924e+04 -1.085046608000000015e+04 7.055090400000000045e+03 1.244448000000000043e+01 2.016863999999999990e+01
-1.974869601599999878e+05 -1.974869601599999878e+05 -1.974869601599999878e+05 1.194383999999999979e+01 1.361264000000000074e+01 2.002560000000000073e+01 1.782636000000000058e+04 4.075233439999999973e+03
2.522271999999999892e+01 2.717760000000000176e+01 2.700812143999999898e+04 -5.335177440000000388e+03 2.400687999999999889e+01 2.250496000000000052e+01 -1.444313024000000041e+04 -1.079122367999999915e+04
7.100624799999999595e+03 8.892319999999999780e+00 1.466159999999999997e+01 -1.974869601599999878e+05 -1.974869601599999878e+05 -1.974869601599999878e+05 9.011520000000000863e+00 1.411327999999999960e+01
1.971567999999999898e+01 1.794448719999999958e+04 4.193098399999999856e+03 2.336319999999999908e+01 2.596176000000000172e+01 2.717483455999999933e+04 -4.996577919999999722e+03 2.286255999999999844e+01
2.069312000000000040e+01 -1.436047695999999996e+04 -1.065602704000000085e+04 7.219419520000000375e+03 6.055360000000000298e+00 1.246832000000000029e+01 -1.974869601599999878e+05 -1.974869601599999878e+05
-1.974869601599999878e+05 8.796960000000000335e+00 2.262415999999999983e+01 2.314864000000000033e+01 1.809601424000000043e+04 4.345078400000000329e+03 2.465055999999999869e+01 3.127807999999999922e+01
1.137167999999999957e+01 2.379232000000000014e+01 2.581871999999999900e+01 1.818367392000000109e+04 4.429901120000000446e+03 2.739216000000000051e+01 3.518784000000000134e+01 2.749665072000000146e+04
-4.476055360000000292e+03 2.662928000000000139e+01 2.021631999999999962e+01 -1.421977327999999943e+04 -1.042008256000000074e+04 7.441584480000000440e+03 1.358880000000000088e+01 1.766544000000000025e+01
-1.974869601599999878e+05 -1.974869601599999878e+05 -1.974869601599999878e+05 1.413711999999999946e+01 8.677759999999999252e+00 2.724912000000000134e+01 1.812521823999999833e+04 4.359787680000000364e+03
2.968080000000000140e+01 3.216015999999999764e+01 2.743256880000000092e+04 -4.491861280000000079e+03 2.546112000000000108e+01 2.155135999999999896e+01 -1.431806559999999990e+04 -1.050943488000000070e+04
7.372520000000000437e+03 1.544832000000000072e+01 1.747472000000000136e+01 -1.974869601599999878e+05 -1.974869601599999878e+05 -1.974869601599999878e+05 1.625888000000000133e+01 -2.836959999999999926e+00
2.736832000000000065e+01 1.796103215999999884e+04 4.180844640000000254e+03 3.213631999999999778e+01 2.765439999999999898e+01 2.724292160000000149e+04 -4.623362720000000081e+03 2.572335999999999956e+01
2.460287999999999897e+01 -1.449591200000000026e+04 -1.070208591999999953e+04 7.207547199999999975e+03 1.728399999999999892e+01 1.640192000000000050e+01 -1.974869601599999878e+05 -1.974869601599999878e+05
-1.974869601599999878e+05 1.830912000000000006e+01 -8.749280000000000612e+00 2.805968000000000018e+01 1.776327936000000045e+04 3.961182879999999841e+03 3.592687999999999704e+01 2.746368000000000009e+01
1.869056000000000139e+01 -1.449472000000000094e+01 2.932319999999999993e+01 1.757306000000000131e+04 3.738374240000000100e+03 3.814399999999999835e+01 3.003839999999999932e+01 2.678643328000000110e+04
-4.826241119999999682e+03 3.099200000000000088e+01 3.096816000000000102e+01 -1.481629775999999947e+04 -1.106381024000000070e+04 6.847467840000000251e+03 2.083615999999999957e+01 2.052624000000000137e+01
-1.974869601599999878e+05 -1.974869601599999878e+05 -1.974869601599999878e+05 2.040703999999999851e+01 -1.163391999999999982e+01 3.146880000000000166e+01 1.748203888000000006e+04 3.624919679999999971e+03
3.878768000000000171e+01 3.316143999999999892e+01 2.668799792000000161e+04 -4.711499200000000201e+03 3.051520000000000010e+01 3.020527999999999835e+01 -1.481307935999999972e+04 -1.107513423999999941e+04
6.785150080000000344e+03 1.928656000000000148e+01 2.374464000000000041e+01 -1.974869601599999878e+05 -1.974869601599999878e+05 -1.974869601599999878e+05 2.119376000000000104e+01 -3.409120000000000150e+00
3.154032000000000124e+01 1.757582544000000053e+04 3.715773920000000089e+03 3.738112000000000279e+01 3.328063999999999822e+01 2.681404000000000087e+04 -4.340000479999999698e+03 2.958543999999999841e+01
2.817887999999999948e+01 -1.460154703999999947e+04 -1.085804720000000088e+04 6.904731520000000273e+03 1.745088000000000150e+01 2.717760000000000176e+01 -1.974869601599999878e+05 -1.974869601599999878e+05
-1.974869601599999878e+05 1.911967999999999890e+01 2.574720000000000120e+00 2.953775999999999868e+01 1.781577504000000044e+04 3.959609440000000177e+03 3.397200000000000131e+01 3.006223999999999918e+01
1.716479999999999961e+01 7.104320000000000412e+00 2.717760000000000176e+01 1.813496879999999874e+04 4.283738080000000082e+03 3.130191999999999908e+01 2.651007999999999853e+01 2.754661936000000060e+04
-3.198183680000000095e+03 2.553264000000000067e+01 2.291024000000000171e+01 -1.380691215999999986e+04 -9.966049759999999878e+03 7.536872959999999694e+03 1.249216000000000015e+01 2.300560000000000116e+01
-1.974869601599999878e+05 -1.974869601599999878e+05 -1.974869601599999878e+05 1.962031999999999954e+01 1.575824000000000069e+01 2.724912000000000134e+01 1.849175823999999920e+04 4.648895360000000437e+03
3.165952000000000055e+01 2.720144000000000162e+01 2.800835248000000138e+04 -2.617155200000000150e+03 2.827423999999999893e+01 2.465055999999999869e+01 -1.333740719999999965e+04 -9.436611039999999775e+03
7.931424960000000283e+03 1.373184000000000005e+01 1.954879999999999995e+01 -1.974869601599999878e+05 -1.974869601599999878e+05 -1.974869601599999878e+05 2.436448000000000036e+01 2.331551999999999936e+01
3.058671999999999969e+01 1.877640783999999985e+04 4.937073279999999613e+03 3.325679999999999836e+01 3.196943999999999875e+01 2.837522623999999996e+04 -2.195497119999999995e+03 3.370976000000000283e+01
2.872719999999999985e+01 -1.294237839999999960e+04 -9.005703040000000328e+03 8.247829439999999522e+03 1.704560000000000031e+01 2.305328000000000088e+01 -1.974869601599999878e+05 -1.974869601599999878e+05
-1.974869601599999878e+05 2.186128000000000071e+01 1.513840000000000074e+01 2.798816000000000059e+01 1.890068576000000030e+04 5.045974400000000060e+03 3.177871999999999986e+01 2.894175999999999860e+01
1.492384000000000022e+01 1.668800000000000006e-01 2.183744000000000085e+01 1.890588288000000102e+04 5.026449440000000322e+03 2.851264000000000109e+01 2.088383999999999929e+01 2.857295520000000033e+04
-1.973475200000000086e+03 2.610480000000000089e+01 2.388767999999999958e+01 -1.255907888000000094e+04 -8.635682399999999689e+03 8.459123359999999593e+03 9.226079999999999615e+00 1.459008000000000038e+01
-1.974869601599999878e+05 -1.974869601599999878e+05 -1.974869601599999878e+05 9.226079999999999615e+00 -1.258751999999999960e+01 1.594895999999999958e+01 1.886366224000000147e+04 4.957909440000000359e+03
2.393535999999999930e+01 1.540063999999999922e+01 2.854415648000000147e+04 -1.971305759999999964e+03 1.704560000000000031e+01 1.690256000000000114e+01 -1.245167967999999928e+04 -8.551717919999999140e+03
8.463724480000000767e+03 3.146879999999999900e+00 1.056112000000000073e+01 -1.974869601599999878e+05 -1.974869601599999878e+05 -1.974869601599999878e+05 5.793120000000000047e+00 -2.217119999999999891e+01
1.137167999999999957e+01 1.881834240000000136e+04 4.882265120000000024e+03 2.188512000000000057e+01 1.306432000000000038e+01 2.850796735999999873e+04 -1.936833120000000008e+03 1.277824000000000026e+01
1.325503999999999927e+01 -1.232742560000000049e+04 -8.448729119999999966e+03 8.469159999999999854e+03 -1.859520000000000062e+00 7.318880000000000052e+00 -1.974869601599999878e+05 -1.974869601599999878e+05
-1.974869601599999878e+05 6.246080000000000076e+00 -1.866672000000000153e+01 1.220608000000000004e+01 1.886473503999999957e+04 4.909442720000000008e+03 2.383999999999999986e+01 1.368416000000000032e+01
1.068032000000000004e+01 -2.407840000000000202e+00 1.594895999999999958e+01 1.908394383999999991e+04 5.133681760000000395e+03 2.598560000000000159e+01 1.554368000000000016e+01 2.887610464000000138e+04
-1.307838559999999916e+03 1.864288000000000167e+01 1.945344000000000051e+01 -1.163978463999999985e+04 -7.778419840000000477e+03 8.835795360000000073e+03 1.096640000000000059e+00 8.606239999999999668e+00
-1.974869601599999878e+05 -1.974869601599999878e+05 -1.974869601599999878e+05 1.189616000000000007e+01 9.297599999999999199e+00 1.771311999999999998e+01 1.942547567999999956e+04 5.484368159999999989e+03
2.505583999999999989e+01 1.699792000000000058e+01 2.932522639999999956e+04 -7.363222399999999652e+02 2.019247999999999976e+01 2.019247999999999976e+01 -1.108335903999999937e+04 -7.186568000000000211e+03
9.238190720000000510e+03 7.938719999999999999e+00 1.122864000000000040e+01 -1.974869601599999878e+05 -1.974869601599999878e+05 -1.974869601599999878e+05 6.484479999999999578e+00 1.122864000000000040e+01
1.525760000000000005e+01 1.982310304000000178e+04 5.887073440000000119e+03 2.143215999999999966e+01 1.613967999999999847e+01 2.984968256000000110e+04 -1.312153600000000040e+02 1.625888000000000133e+01
1.516224000000000061e+01 -1.048287711999999919e+04 -6.528631680000000415e+03 9.705144800000000032e+03 8.105600000000000804e+00 9.464480000000000004e+00 -1.974869601599999878e+05 -1.974869601599999878e+05
-1.974869601599999878e+05 1.382719999999999949e+00 9.464480000000000004e+00 8.963839999999999364e+00 2.023675087999999960e+04 6.315740480000000389e+03 1.683104000000000156e+01 1.244448000000000043e+01
-1.358880000000000088e+00 5.316320000000000157e+00 3.289919999999999956e+00 2.057332400000000052e+04 6.671671680000000379e+03 1.332656000000000063e+01 9.822079999999999700e+00 3.083704000000000087e+04
8.546639999999999873e+02 5.483200000000000074e+00 2.574720000000000120e+00 -9.335744000000000597e+03 -5.289237759999999980e+03 1.059966928000000007e+04 -2.264800000000000146e+00 -7.628800000000000026e-01
-1.974869601599999878e+05 -1.974869601599999878e+05 -1.974869601599999878e+05 -4.148159999999999847e+00 -1.454239999999999977e+00 1.144320000000000004e+00 2.075944287999999869e+04 6.871999200000000201e+03
1.191999999999999993e+01 8.153280000000000527e+00 3.109835023999999976e+04 1.043071519999999964e+03 4.672640000000000349e+00 1.644959999999999978e+00 -8.949130719999999201e+03 -4.897737280000000283e+03
1.086112255999999979e+04 -3.838239999999999874e+00 -5.101759999999999629e+00 -1.974869601599999878e+05 -1.974869601599999878e+05 -1.974869601599999878e+05 -3.695199999999999818e+00 -8.653919999999999391e+00
-1.311199999999999921e+00 2.083086751999999979e+04 6.959444319999999607e+03 1.063264000000000031e+01 6.222240000000000215e+00 3.121492784000000029e+04 1.082812799999999925e+03 5.530879999999999797e+00
1.001279999999999948e+00 -8.671490079999999580e+03 -4.639216320000000451e+03 1.100668959999999970e+04 -6.126879999999999882e+00 -6.746719999999999828e+00 -1.974869601599999878e+05 -1.974869601599999878e+05
-1.974869601599999878e+05 -2.908479999999999954e+00 -1.404176000000000002e+01 -2.264800000000000146e+00 2.084455168000000049e+04 6.991056160000000091e+03 9.321440000000000836e+00 4.767999999999999794e+00
-2.097920000000000229e+00 -1.854751999999999867e+01 -8.344000000000000306e-01 2.084848528000000078e+04 7.005980000000000473e+03 1.015583999999999953e+01 3.790560000000000151e+00 3.130037039999999979e+04
1.103696640000000116e+03 6.269919999999999938e+00 4.839520000000000266e+00 -8.193855680000000575e+03 -4.215460320000000138e+03 1.119128271999999924e+04 -4.338879999999999626e+00 -6.651360000000000383e+00
-1.974869601599999878e+05 -1.974869601599999878e+05 -1.974869601599999878e+05 3.576000000000000290e-01 -1.313583999999999996e+01 8.344000000000000306e-01 2.093852895999999964e+04 7.116025440000000344e+03
1.253983999999999988e+01 6.889759999999999884e+00 3.144529376000000047e+04 1.280374880000000076e+03 9.202239999999999753e+00 9.249919999999999476e+00 -7.836923200000000179e+03 -3.876336319999999887e+03
1.137394479999999930e+04 2.598559999999999981e+00 -5.816959999999999908e+00 -1.974869601599999878e+05 -1.974869601599999878e+05 -1.974869601599999878e+05 -2.455519999999999925e+00 -1.764159999999999950e+00
-1.072799999999999976e+00 2.118350879999999961e+04 7.406468160000000353e+03 8.391680000000000916e+00 8.320159999999999556e+00 3.177922063999999955e+04 1.676190399999999954e+03 7.080479999999999663e+00
4.958719999999999573e+00 -7.313229919999999765e+03 -3.350139839999999822e+03 1.170660815999999977e+04 -1.072799999999999976e+00 -6.889759999999999884e+00 -1.974869601599999878e+05 -1.974869601599999878e+05
-1.974869601599999878e+05 -6.031520000000000437e+00 5.673919999999999852e+00 -3.432960000000000012e+00 2.155925103999999919e+04 7.840523040000000037e+03 1.907200000000000006e+00 8.534720000000000084e+00
-9.392960000000000420e+00 4.744159999999999933e+00 -4.267360000000000042e+00 2.200784832000000097e+04 8.353726720000000569e+03 -1.525760000000000005e+00 5.554719999999999658e+00 3.286990063999999984e+04
2.825230720000000019e+03 1.191999999999999948e+00 -3.003839999999999844e+00 -5.964005119999999806e+03 -1.915544000000000096e+03 1.271925984000000062e+04 -1.535295999999999950e+01 -9.369120000000000559e+00
-1.974869601599999878e+05 -1.974869601599999878e+05 -1.974869601599999878e+05 -1.439935999999999972e+01 2.264800000000000146e+00 -6.412959999999999994e+00 2.248440992000000188e+04 8.904096960000000763e+03
-4.577280000000000015e+00 2.693919999999999870e+00 3.349536688000000140e+04 3.397939040000000205e+03 -2.693919999999999870e+00 -7.175839999999999996e+00 -5.247088639999999941e+03 -1.139981119999999919e+03
1.329013248000000021e+04 -2.088383999999999929e+01 -7.891040000000000276e+00 -1.974869601599999878e+05 -1.974869601599999878e+05 -1.974869601599999878e+05 -1.952496000000000009e+01 7.867199999999999749e-01
-1.077567999999999948e+01 2.288220416000000114e+04 9.370741120000000592e+03 -7.152000000000000135e+00 6.198399999999999466e-01 3.402175407999999879e+04 3.818905760000000100e+03 -8.844640000000000057e+00
-1.368416000000000032e+01 -4.611061279999999897e+03 -4.652852800000000002e+02 1.378216624000000047e+04 -2.667696000000000112e+01 -1.199151999999999951e+01 -1.974869601599999878e+05 -1.974869601599999878e+05
-1.974869601599999878e+05 -2.417376000000000147e+01 -1.230143999999999949e+01 -1.845215999999999923e+01 2.311333295999999973e+04 9.658227679999999964e+03 -1.075183999999999962e+01 -1.275440000000000040e+01
-2.243344000000000094e+01 -2.360160000000000124e+01 -2.002560000000000073e+01 2.323978032000000167e+04 9.836670079999999871e+03 -1.013199999999999967e+01 -2.267183999999999955e+01 3.454761680000000342e+04
4.094519999999999982e+03 -1.342192000000000007e+01 -1.723631999999999920e+01 -3.723664960000000065e+03 4.192979199999999764e+02 1.435949951999999939e+04 -2.941855999999999938e+01 -3.249392000000000280e+01
-1.974869601599999878e+05 -1.974869601599999878e+05 -1.974869601599999878e+05 -1.842831999999999937e+01 -2.567567999999999984e+01 -1.597279999999999944e+01 2.333638000000000102e+04 9.987505760000000009e+03
-6.579839999999999911e+00 -2.100303999999999860e+01 3.470634352000000217e+04 4.155359679999999571e+03 -7.366559999999999775e+00 -1.175312000000000090e+01 -3.344489759999999933e+03 7.768264000000000351e+02
1.456738431999999921e+04 -2.224271999999999849e+01 -3.006223999999999918e+01 -1.974869601599999878e+05 -1.974869601599999878e+05 -1.974869601599999878e+05 -1.463776000000000010e+01 -2.414992000000000161e+01
-1.275440000000000040e+01 2.343836751999999979e+04 1.014458751999999913e+04 -3.862080000000000179e+00 -1.680720000000000169e+01 3.486943295999999827e+04 4.263497919999999795e+03 -4.076640000000000263e+00
-6.937439999999999607e+00 -2.940664000000000215e+03 1.159959039999999959e+03 1.478168208000000050e+04 -1.554368000000000016e+01 -2.465055999999999869e+01 -1.974869601599999878e+05 -1.974869601599999878e+05
-1.974869601599999878e+05 -1.161007999999999996e+01 -1.678336000000000183e+01 -1.082335999999999920e+01 2.363695472000000154e+04 1.040608848000000035e+04 -3.695199999999999818e+00 -1.339808000000000021e+01
-1.354111999999999938e+01 -4.887199999999999989e+00 -1.096640000000000015e+01 2.400819120000000112e+04 1.086252911999999924e+04 -6.532160000000000188e+00 -1.215840000000000032e+01 3.563920272000000114e+04
5.068598560000000361e+03 -4.887199999999999989e+00 -1.268288000000000082e+01 -1.690446719999999914e+03 2.411225280000000112e+03 1.556830672000000050e+04 -1.528143999999999991e+01 -1.842831999999999937e+01
-1.974869601599999878e+05 -1.974869601599999878e+05 -1.974869601599999878e+05 -2.155135999999999896e+01 9.774399999999999755e-01 -1.759392000000000067e+01 2.450852128000000084e+04 1.145993568000000050e+04
-1.265903999999999918e+01 -1.709328000000000003e+01 3.629849792000000161e+04 5.739122400000000198e+03 -1.130015999999999998e+01 -1.859519999999999840e+01 -8.417427199999999630e+02 3.302531359999999950e+03
1.618240128000000004e+04 -2.105071999999999832e+01 -2.217119999999999891e+01 -1.974869601599999878e+05 -1.974869601599999878e+05 -1.974869601599999878e+05 -2.965696000000000154e+01 2.550879999999999814e+00
-2.605712000000000117e+01 2.507274255999999878e+04 1.211996991999999955e+04 -1.923888000000000176e+01 -2.438832000000000022e+01 3.704349792000000161e+04 6.449077599999999620e+03 -1.857135999999999854e+01
-2.519887999999999906e+01 6.298528000000000304e+01 4.272461760000000140e+03 1.687259312000000136e+04 -2.927552000000000021e+01 -3.139727999999999852e+01 -1.974869601599999878e+05 -1.974869601599999878e+05
-1.974869601599999878e+05 -2.946623999999999910e+01 9.369120000000000559e+00 -2.722528000000000148e+01 2.566569104000000152e+04 1.281667007999999987e+04 -1.966799999999999926e+01 -2.519887999999999906e+01
-2.715375999999999834e+01 1.265903999999999918e+01 -2.519887999999999906e+01 2.619234047999999893e+04 1.345062335999999959e+04 -1.830912000000000006e+01 -2.245728000000000080e+01 3.850708320000000094e+04
7.676456159999999727e+03 -1.449472000000000094e+01 -1.878592000000000084e+01 1.844143199999999979e+03 6.153819199999999910e+03 1.823698015999999916e+04 -2.186128000000000071e+01 -2.960928000000000182e+01
-1.974869601599999878e+05 -1.974869601599999878e+05 -1.974869601599999878e+05 -2.660544000000000153e+01 7.056639999999999802e+00 -2.319632000000000005e+01 2.655930960000000050e+04 1.391514575999999943e+04
-1.714095999999999975e+01 -1.900047999999999959e+01 3.899616079999999783e+04 7.967804799999999886e+03 -1.296895999999999916e+01 -1.571055999999999919e+01 2.540080480000000080e+03 6.859888479999999618e+03
1.872636767999999938e+04 -2.262415999999999983e+01 -2.994303999999999988e+01 -1.974869601599999878e+05 -1.974869601599999878e+05 -1.974869601599999878e+05 -2.896559999999999846e+01 -2.360160000000000036e+00
-2.503200000000000003e+01 2.679937840000000142e+04 1.424330335999999988e+04 -1.890512000000000015e+01 -2.071696000000000026e+01 3.933132736000000295e+04 8.104408000000000357e+03 -1.392256000000000071e+01
-1.623504000000000147e+01 3.120465279999999893e+03 7.433884159999999611e+03 1.909536319999999978e+04 -2.717760000000000176e+01 -3.442495999999999867e+01 -1.974869601599999878e+05 -1.974869601599999878e+05
-1.974869601599999878e+05 -3.397200000000000131e+01 -1.225375999999999976e+01 -3.027680000000000149e+01 2.698201664000000164e+04 1.450351696000000084e+04 -2.345855999999999852e+01 -2.608096000000000103e+01
-3.580767999999999773e+01 -1.473311999999999955e+01 -3.237472000000000349e+01 2.715514271999999983e+04 1.474456320000000051e+04 -2.448367999999999967e+01 -2.548496000000000095e+01 3.984176559999999881e+04
8.283541760000000068e+03 -2.224271999999999849e+01 -2.369696000000000069e+01 4.195005600000000413e+03 8.475811359999999695e+03 1.971587071999999898e+04 -3.280384000000000100e+01 -3.940751999999999811e+01
-1.974869601599999878e+05 -1.974869601599999878e+05 -1.974869601599999878e+05 -3.738112000000000279e+01 -9.941280000000000783e+00 -3.401968000000000103e+01 2.740930096000000049e+04 1.507477103999999963e+04
-2.741600000000000037e+01 -2.605712000000000117e+01 4.018422720000000118e+04 8.504109440000000177e+03 -2.519887999999999906e+01 -2.767823999999999884e+01 4.818493120000000090e+03 9.087760319999999410e+03
2.008972959999999875e+04 -3.387664000000000186e+01 -3.933599999999999852e+01 -1.974869601599999878e+05 -1.974869601599999878e+05 -1.974869601599999878e+05 -4.021808000000000050e+01 -3.266080000000000094e+00
-3.711887999999999721e+01 2.781582064000000173e+04 1.557157279999999992e+04 -3.356672000000000367e+01 -3.094432000000000116e+01 4.070741984000000230e+04 8.923526560000000245e+03 -2.901328000000000173e+01
-3.397200000000000131e+01 5.596583040000000437e+03 9.874623359999999593e+03 2.060948928000000160e+04 -3.630832000000000193e+01 -4.193455999999999761e+01 -1.974869601599999878e+05 -1.974869601599999878e+05
-1.974869601599999878e+05 -4.365104000000000184e+01 -1.907200000000000006e-01 -3.990816000000000230e+01 2.834423424000000159e+04 1.619494111999999950e+04 -3.671359999999999957e+01 -3.397200000000000131e+01
-4.987328000000000117e+01 4.052799999999999736e-01 -4.262592000000000070e+01 2.892104304000000047e+04 1.686646624000000156e+04 -3.938367999999999824e+01 -3.726192000000000348e+01 4.211893856000000233e+04
1.000900943999999981e+04 -3.935983999999999838e+01 -4.522447999999999979e+01 7.382342080000000351e+03 1.175202335999999923e+04 2.193649520000000120e+04 -4.472384000000000270e+01 -4.164847999999999928e+01
-1.974869601599999878e+05 -1.974869601599999878e+05 -1.974869601599999878e+05 -5.020703999999999922e+01 9.369120000000000559e+00 -4.048031999999999897e+01 2.949925839999999880e+04 1.753207904000000053e+04
-3.883536000000000143e+01 -3.652288000000000068e+01 4.285571375999999873e+04 1.049246080000000075e+04 -3.893072000000000088e+01 -4.727472000000000207e+01 8.263349280000000363e+03 1.269449007999999958e+04
2.262392160000000149e+04 -4.901503999999999905e+01 -4.365104000000000184e+01 -1.974869601599999878e+05 -1.974869601599999878e+05 -1.974869601599999878e+05 -4.775151999999999930e+01 7.557280000000000442e+00
-3.804863999999999891e+01 2.997834704000000056e+04 1.808116191999999864e+04 -3.759568000000000154e+01 -3.523552000000000106e+01 4.346270399999999790e+04 1.078302272000000085e+04 -3.530704000000000065e+01
-4.536751999999999896e+01 9.025323360000000321e+03 1.349291552000000047e+04 2.320366272000000026e+04 -5.101760000000000161e+01 -4.675023999999999802e+01 -1.974869601599999878e+05 -1.974869601599999878e+05
-1.974869601599999878e+05 -4.934879999999999711e+01 -6.055360000000000298e+00 -3.874000000000000199e+01 3.028149648000000161e+04 1.843084704000000056e+04 -3.883536000000000143e+01 -3.609376000000000317e+01
-4.858592000000000155e+01 -1.361264000000000074e+01 -3.800095999999999918e+01 3.046394399999999951e+04 1.864605071999999927e+04 -3.909759999999999991e+01 -3.466335999999999729e+01 4.406850224000000162e+04
1.068935535999999956e+04 -3.735728000000000293e+01 -4.517680000000000007e+01 1.005390015999999923e+04 1.450938160000000062e+04 2.389511808000000019e+04 -5.421215999999999724e+01 -4.934879999999999711e+01
-1.974869601599999878e+05 -1.974869601599999878e+05 -1.974869601599999878e+05 -4.369872000000000156e+01 -1.554368000000000016e+01 -3.475871999999999673e+01 3.059074896000000081e+04 1.880034319999999934e+04
-3.595071999999999690e+01 -3.139727999999999852e+01 4.422365295999999944e+04 1.052404880000000048e+04 -3.378128000000000242e+01 -4.233984000000000236e+01 1.044923888000000079e+04 1.488135712000000058e+04
2.412281392000000051e+04 -4.939647999999999683e+01 -4.794223999999999819e+01 -1.974869601599999878e+05 -1.974869601599999878e+05 -1.974869601599999878e+05 -4.179151999999999845e+01 -1.952496000000000009e+01
-3.359056000000000353e+01 3.070279695999999967e+04 1.894293024000000150e+04 -3.266080000000000183e+01 -3.044368000000000052e+01 4.435999392000000080e+04 1.037614544000000024e+04 -3.003839999999999932e+01
-3.969360000000000355e+01 1.083382575999999972e+04 1.524253312000000005e+04 2.433310656000000017e+04 -4.312655999999999779e+01 -4.701248000000000360e+01 -1.974869601599999878e+05 -1.974869601599999878e+05
-1.974869601599999878e+05 -4.288815999999999917e+01 -1.978719999999999857e+01 -3.487792000000000314e+01 3.088464847999999984e+04 1.915975504000000001e+04 -3.275616000000000128e+01 -3.006223999999999918e+01
-3.790559999999999974e+01 3.623680000000000234e+00 -2.958543999999999841e+01 3.121299680000000080e+04 1.953103919999999925e+04 -2.925168000000000035e+01 -1.673567999999999856e+01 4.496743712000000232e+04
1.055091647999999986e+04 -2.288640000000000185e+01 -3.552159999999999940e+01 1.191210895999999957e+04 1.630453360000000066e+04 2.502122432000000117e+04 -3.864464000000000254e+01 -3.504480000000000217e+01
-1.974869601599999878e+05 -1.974869601599999878e+05 -1.974869601599999878e+05 -3.659440000000000026e+01 2.016863999999999990e+01 -2.915632000000000090e+01 3.165394143999999869e+04 2.002045056000000113e+04
-2.937087999999999965e+01 -1.253983999999999988e+01 4.550390864000000147e+04 1.086856063999999969e+04 -2.257648000000000010e+01 -3.475871999999999673e+01 1.261052560000000085e+04 1.703732751999999891e+04
2.554830287999999928e+04 -4.226832000000000278e+01 -3.368592000000000297e+01 -1.974869601599999878e+05 -1.974869601599999878e+05 -1.974869601599999878e+05 -3.845392000000000365e+01 1.697408000000000072e+01
-3.556927999999999912e+01 3.214862143999999898e+04 2.055992592000000150e+04 -3.268464000000000169e+01 -2.167056000000000182e+01 4.610560639999999694e+04 1.120813760000000002e+04 -2.600944000000000145e+01
-3.733344000000000307e+01 1.332748976000000039e+04 1.780831311999999889e+04 2.612658975999999893e+04 -4.601120000000000232e+01 -4.369872000000000156e+01 -1.974869601599999878e+05 -1.974869601599999878e+05
-1.974869601599999878e+05 -3.280384000000000100e+01 1.938192000000000093e+01 -3.242240000000000322e+01 3.266006095999999889e+04 2.112474320000000080e+04 -2.729680000000000106e+01 -2.283871999999999858e+01
-3.685663999999999874e+01 6.079200000000000159e+00 -3.509248000000000189e+01 3.307132480000000214e+04 2.159262703999999940e+04 -2.927552000000000021e+01 -3.156416000000000111e+01 4.720894544000000315e+04
1.165566208000000006e+04 -1.833295999999999992e+01 -3.094432000000000116e+01 1.464195584000000053e+04 1.920671984000000157e+04 2.719943744000000152e+04 -4.167231999999999914e+01 -4.629728000000000065e+01
-1.974869601599999878e+05 -1.974869601599999878e+05 -1.974869601599999878e+05 -4.629728000000000065e+01 -2.016863999999999990e+01 -4.422319999999999851e+01 3.331079759999999806e+04 2.188180624000000171e+04
-3.795327999999999946e+01 -4.410399999999999920e+01 4.748291472000000067e+04 1.155410368000000017e+04 -2.634319999999999951e+01 -3.943135999999999797e+01 1.506420991999999933e+04 1.963119104000000152e+04
2.751243279999999868e+04 -5.018319999999999936e+01 -5.635775999999999897e+01 -1.974869601599999878e+05 -1.974869601599999878e+05 -1.974869601599999878e+05 -4.791839999999999833e+01 -2.741600000000000037e+01
-4.510528000000000048e+01 3.343641055999999662e+04 2.204251167999999961e+04 -3.904992000000000019e+01 -4.624960000000000093e+01 4.761215136000000348e+04 1.132230736000000070e+04 -2.963312000000000168e+01
-4.286431999999999931e+01 1.537017247999999927e+04 1.991984576000000015e+04 2.771347551999999996e+04 -5.311552000000000362e+01 -5.826496000000000208e+01 -1.974869601599999878e+05 -1.974869601599999878e+05
-1.974869601599999878e+05 -4.849056000000000211e+01 -2.803584000000000032e+01 -4.386560000000000059e+01 3.350397312000000238e+04 2.212790655999999944e+04 -3.812015999999999849e+01 -4.529599999999999937e+01
-4.496224000000000132e+01 -3.156416000000000111e+01 -4.105248000000000275e+01 3.355556287999999768e+04 2.219434864000000016e+04 -3.480640000000000356e+01 -4.291199999999999903e+01 4.771890688000000227e+04
1.083497007999999914e+04 -3.349519999999999698e+01 -4.126704000000000150e+01 1.587207600000000093e+04 2.037642943999999989e+04 2.800851935999999841e+04 -5.166127999999999787e+01 -5.285327999999999804e+01
-1.974869601599999878e+05 -1.974869601599999878e+05 -1.974869601599999878e+05 -4.381792000000000087e+01 -2.963312000000000168e+01 -4.050415999999999883e+01 3.368854239999999845e+04 2.235615072000000146e+04
-3.237472000000000349e+01 -4.281663999999999959e+01 4.786118400000000111e+04 1.077372511999999915e+04 -3.471103999999999701e+01 -4.002736000000000161e+01 1.621935327999999936e+04 2.071901023999999961e+04
2.823242464000000109e+04 -4.980176000000000158e+01 -4.951568000000000325e+01 -1.974869601599999878e+05 -1.974869601599999878e+05 -1.974869601599999878e+05 -4.496224000000000132e+01 -1.578208000000000055e+01
-4.024192000000000036e+01 3.398570799999999872e+04 2.270733775999999853e+04 -3.268464000000000169e+01 -3.950287999999999755e+01 4.820083247999999730e+04 1.094148719999999958e+04 -3.468719999999999715e+01
-4.138624000000000080e+01 1.673138880000000063e+04 2.124320416000000114e+04 2.860451935999999841e+04 -5.163743999999999801e+01 -4.641647999999999996e+01 -1.974869601599999878e+05 -1.974869601599999878e+05
-1.974869601599999878e+05 -4.334112000000000364e+01 -2.741600000000000037e+00 -3.912143999999999977e+01 3.440357551999999851e+04 2.319305391999999847e+04 -3.332831999999999795e+01 -3.461567999999999756e+01
-4.317423999999999751e+01 -1.048960000000000115e+00 -3.931215999999999866e+01 3.488242575999999826e+04 2.374073024000000078e+04 -3.454415999999999798e+01 -3.566463999999999857e+01 4.926350048000000243e+04
1.161396592000000055e+04 -3.385280000000000200e+01 -4.088559999999999661e+01 1.800763936000000103e+04 2.261903440000000046e+04 2.966292000000000189e+04 -4.753696000000000055e+01 -4.565359999999999729e+01
-1.974869601599999878e+05 -1.974869601599999878e+05 -1.974869601599999878e+05 -4.133856000000000108e+01 -2.169439999999999813e+00 -3.778640000000000043e+01 3.537643824000000313e+04 2.429970671999999831e+04
-3.318527999999999878e+01 -3.771488000000000085e+01 4.984705599999999686e+04 1.194565184000000045e+04 -3.010991999999999891e+01 -3.876384000000000185e+01 1.866254799999999886e+04 2.333516416000000027e+04
3.023515151999999944e+04 -4.396096000000000004e+01 -4.477152000000000243e+01 -1.974869601599999878e+05 -1.974869601599999878e+05 -1.974869601599999878e+05 -3.764336000000000126e+01 -8.749280000000000612e+00
-3.561695999999999884e+01 3.577149087999999756e+04 2.475338191999999981e+04 -2.887023999999999901e+01 -3.645136000000000109e+01 5.031262735999999859e+04 1.211508272000000034e+04 -2.612864000000000075e+01
-3.442495999999999867e+01 1.921418175999999949e+04 2.392570479999999952e+04 3.070899536000000080e+04 -3.735728000000000293e+01 -4.315039999999999765e+01 -1.974869601599999878e+05 -1.974869601599999878e+05
-1.974869601599999878e+05 -3.361440000000000339e+01 -1.518608000000000047e+01 -3.089664000000000144e+01 3.599704112000000168e+04 2.503083183999999892e+04 -2.410223999999999833e+01 -3.158800000000000097e+01
-3.249392000000000280e+01 -1.520992000000000033e+01 -2.925168000000000035e+01 3.610463104000000021e+04 2.518488592000000062e+04 -2.255264000000000024e+01 -3.044368000000000052e+01 5.068450751999999920e+04
1.185901728000000003e+04 -2.603328000000000131e+01 -2.906096000000000146e+01 1.987249952000000121e+04 2.458061344000000099e+04 3.121695423999999912e+04 -3.003839999999999932e+01 -3.664207999999999998e+01
-1.974869601599999878e+05 -1.974869601599999878e+05 -1.974869601599999878e+05 -3.144496000000000180e+01 -1.230143999999999949e+01 -3.039600000000000080e+01 3.616342048000000068e+04 2.528825616000000082e+04
-2.362544000000000111e+01 -3.070591999999999899e+01 5.073378480000000127e+04 1.163780592000000070e+04 -2.679616000000000042e+01 -2.724912000000000134e+01 2.010174495999999999e+04 2.478804527999999846e+04
3.136650256000000081e+04 -2.898944000000000187e+01 -3.618912000000000262e+01 -1.974869601599999878e+05 -1.974869601599999878e+05 -1.974869601599999878e+05 -2.543728000000000122e+01 -8.558559999999999945e+00
-2.672464000000000084e+01 3.621655984000000171e+04 2.538771663999999873e+04 -2.085999999999999943e+01 -2.505583999999999989e+01 5.077660143999999855e+04 1.146329711999999927e+04 -2.143215999999999966e+01
-2.209967999999999932e+01 2.033733183999999892e+04 2.500000672000000122e+04 3.151307087999999931e+04 -2.441216000000000008e+01 -3.216015999999999764e+01 -1.974869601599999878e+05 -1.974869601599999878e+05
-1.974869601599999878e+05 -2.188512000000000057e+01 8.820799999999999752e-01 -2.188512000000000057e+01 3.635473647999999957e+04 2.558396751999999833e+04 -1.733167999999999864e+01 -1.814224000000000103e+01
-2.209967999999999932e+01 1.323119999999999941e+01 -2.188512000000000057e+01 3.664327199999999721e+04 2.594283104000000094e+04 -1.752240000000000109e+01 -1.699792000000000058e+01 5.126300895999999921e+04
1.166834496000000036e+04 -1.721247999999999934e+01 -2.174208000000000141e+01 2.118925423999999839e+04 2.583903168000000005e+04 3.212423312000000078e+04 -2.505583999999999989e+01 -2.712991999999999848e+01
-1.974869601599999878e+05 -1.974869601599999878e+05 -1.974869601599999878e+05 -2.646239999999999881e+01 1.451856000000000080e+01 -2.815503999999999962e+01 3.704228207999999722e+04 2.641338495999999941e+04
-2.145599999999999952e+01 -2.436448000000000036e+01 5.174197839999999997e+04 1.201574143999999978e+04 -2.362544000000000111e+01 -2.696303999999999945e+01 2.179169104000000152e+04 2.647944559999999910e+04
3.261590927999999985e+04 -3.065823999999999927e+01 -3.158800000000000097e+01 -1.974869601599999878e+05 -1.974869601599999878e+05 -1.974869601599999878e+05 -3.137343999999999866e+01 1.096640000000000015e+01
-3.459183999999999770e+01 3.749817440000000352e+04 2.694527920000000086e+04 -2.641471999999999909e+01 -3.435343999999999909e+01 5.229818944000000192e+04 1.240280767999999989e+04 -2.889407999999999888e+01
-3.323295999999999850e+01 2.243212879999999859e+04 2.718143823999999950e+04 3.316990320000000065e+04 -3.676127999999999929e+01 -3.659440000000000026e+01 -1.974869601599999878e+05 -1.974869601599999878e+05
-1.974869601599999878e+05 -3.349519999999999698e+01 1.292127999999999943e+01 -3.707119999999999749e+01 3.797299567999999999e+04 2.750745023999999830e+04 -2.958543999999999841e+01 -3.812015999999999849e+01
-3.618912000000000262e+01 1.270672000000000068e+01 -3.702351999999999776e+01 3.836025263999999879e+04 2.798262912000000142e+04 -3.330447999999999809e+01 -3.466335999999999729e+01 5.334130864000000292e+04
1.297241680000000088e+04 -3.282768000000000086e+01 -3.738112000000000279e+01 2.362317520000000150e+04 2.847182591999999931e+04 3.421421439999999711e+04 -4.369872000000000156e+01 -3.931215999999999866e+01
-1.974869601599999878e+05 -1.974869601599999878e+05 -1.974869601599999878e+05 -3.668975999999999971e+01 3.671359999999999957e+00 -3.609376000000000317e+01 3.858177391999999963e+04 2.827645711999999912e+04
-3.487792000000000314e+01 -3.223167999999999722e+01 5.360202287999999680e+04 1.293935072000000036e+04 -3.275616000000000128e+01 -3.640368000000000137e+01 2.400199279999999999e+04 2.885507776000000013e+04
3.452294239999999991e+04 -4.236368000000000222e+01 -3.928831999999999880e+01 -1.974869601599999878e+05 -1.974869601599999878e+05 -1.974869601599999878e+05 -3.437727999999999895e+01 -3.289919999999999956e+00
-3.423423999999999978e+01 3.869196239999999671e+04 2.844665088000000105e+04 -3.242240000000000322e+01 -3.089664000000000144e+01 5.372742128000000230e+04 1.277218463999999949e+04 -3.053903999999999996e+01
-3.301839999999999975e+01 2.427293439999999828e+04 2.911159616000000096e+04 3.472117199999999866e+04 -3.893072000000000088e+01 -3.890688000000000102e+01 -1.974869601599999878e+05 -1.974869601599999878e+05
-1.974869601599999878e+05 -3.492560000000000286e+01 -1.621119999999999894e+00 -3.173104000000000013e+01 3.875256367999999929e+04 2.855912800000000061e+04 -3.084896000000000171e+01 -2.620016000000000034e+01
-3.521168000000000120e+01 -2.741600000000000037e+00 -3.187407999999999930e+01 3.880033903999999893e+04 2.865248544000000038e+04 -3.130191999999999908e+01 -2.715375999999999834e+01 5.384209167999999772e+04
1.243680351999999948e+04 -3.041984000000000066e+01 -3.902608000000000033e+01 2.474868544000000111e+04 2.955435264000000097e+04 3.502768288000000030e+04 -3.819167999999999807e+01 -3.494944000000000273e+01
-1.974869601599999878e+05 -1.974869601599999878e+05 -1.974869601599999878e+05 -3.571231999999999829e+01 -3.814400000000000013e+00 -3.540240000000000009e+01 3.893582175999999890e+04 2.884895088000000032e+04
-3.216015999999999764e+01 -3.325679999999999836e+01 5.399934032000000298e+04 1.245983295999999973e+04 -3.113504000000000005e+01 -3.814399999999999835e+01 2.510900319999999920e+04 2.990825744000000122e+04
3.526913440000000264e+04 -4.007504000000000133e+01 -3.885920000000000130e+01 -1.974869601599999878e+05 -1.974869601599999878e+05 -1.974869601599999878e+05 -4.005120000000000147e+01 1.644959999999999978e+00
-3.909759999999999991e+01 3.924202272000000085e+04 2.923706608000000051e+04 -3.516400000000000148e+01 -3.959823999999999700e+01 5.436549887999999919e+04 1.272374176000000080e+04 -3.447263999999999839e+01
-4.102864000000000289e+01 2.564685743999999977e+04 3.046327648000000045e+04 3.566854976000000170e+04 -4.236368000000000222e+01 -4.324575999999999709e+01 -1.974869601599999878e+05 -1.974869601599999878e+05
-1.974869601599999878e+05 -4.264976000000000056e+01 1.006048000000000009e+01 -4.081407999999999703e+01 3.968129856000000291e+04 2.976481216000000131e+04 -3.785792000000000002e+01 -4.319807999999999737e+01
-4.798991999999999791e+01 1.611583999999999861e+01 -4.453311999999999671e+01 4.018975807999999961e+04 3.035983471999999892e+04 -4.107632000000000261e+01 -4.505760000000000076e+01 5.553008288000000175e+04
1.363776735999999983e+04 -4.210143999999999664e+01 -5.120832000000000050e+01 2.704397680000000037e+04 3.197532848000000013e+04 3.682631552000000374e+04 -5.209040000000000248e+01 -4.779919999999999902e+01
-1.974869601599999878e+05 -1.974869601599999878e+05 -1.974869601599999878e+05 -5.371152000000000015e+01 1.535295999999999950e+01 -4.913423999999999836e+01 4.072823215999999957e+04 3.099078415999999925e+04
-4.644031999999999982e+01 -4.787071999999999861e+01 5.619891408000000229e+04 1.410522207999999955e+04 -4.651183999999999941e+01 -5.845568000000000097e+01 2.779062176000000181e+04 3.279447088000000076e+04
3.746863663999999699e+04 -6.057744000000000284e+01 -5.299631999999999721e+01 -1.974869601599999878e+05 -1.974869601599999878e+05 -1.974869601599999878e+05 -5.440288000000000324e+01 6.126879999999999882e+00
-5.063615999999999673e+01 4.119037056000000302e+04 3.154194111999999950e+04 -4.953952000000000311e+01 -4.789455999999999847e+01 5.677457856000000174e+04 1.442551247999999941e+04 -4.651183999999999941e+01
-5.876559999999999917e+01 2.846252832000000126e+04 3.351887311999999656e+04 3.803788816000000224e+04 -6.064896000000000242e+01 -5.628623999999999938e+01 -1.974869601599999878e+05 -1.974869601599999878e+05
-1.974869601599999878e+05 -5.554720000000000368e+01 -1.037040000000000006e+01 -5.211424000000000234e+01 4.149669071999999869e+04 3.191932832000000053e+04 -5.194736000000000331e+01 -4.860976000000000141e+01
-5.499887999999999977e+01 -2.052624000000000137e+01 -5.223344000000000165e+01 4.170176239999999962e+04 3.218788592000000062e+04 -5.197120000000000317e+01 -4.915807999999999822e+01 5.740672000000000116e+04
1.448737728000000061e+04 -4.682175999999999760e+01 -5.752591999999999928e+01 2.942227904000000126e+04 3.450232080000000133e+04 3.878663104000000021e+04 -6.007679999999999865e+01 -5.387839999999999918e+01
-1.974869601599999878e+05 -1.974869601599999878e+05 -1.974869601599999878e+05 -5.278175999999999846e+01 -2.310096000000000060e+01 -4.987328000000000117e+01 4.186082287999999971e+04 3.240640336000000025e+04
-4.951568000000000325e+01 -4.791839999999999833e+01 5.759703472000000329e+04 1.440400879999999961e+04 -4.491456000000000159e+01 -5.585712000000000188e+01 2.980889231999999902e+04 3.488068544000000111e+04
3.905678592000000208e+04 -5.733520000000000039e+01 -5.125600000000000023e+01 -1.974869601599999878e+05 -1.974869601599999878e+05 -1.974869601599999878e+05 -5.230496000000000123e+01 -2.307712000000000074e+01
-4.870512000000000086e+01 4.199413616000000184e+04 3.259342815999999948e+04 -4.951568000000000325e+01 -4.455696000000000367e+01 5.775714416000000347e+04 1.432471695999999974e+04 -4.410399999999999920e+01
-5.521343999999999852e+01 3.017824543999999878e+04 3.523768944000000192e+04 3.930863167999999860e+04 -5.762127999999999872e+01 -5.139903999999999940e+01 -1.974869601599999878e+05 -1.974869601599999878e+05
-1.974869601599999878e+05 -5.349696000000000140e+01 -2.052624000000000137e+01 -5.066000000000000369e+01 4.218869440000000031e+04 3.283955232000000251e+04 -5.120832000000000050e+01 -4.377024000000000115e+01
-5.840800000000000125e+01 -1.907199999999999918e+01 -5.633391999999999911e+01 4.252359872000000178e+04 3.323779952000000048e+04 -5.600016000000000105e+01 -5.027855999999999881e+01 5.839433967999999732e+04
1.458533583999999973e+04 -4.648799999999999955e+01 -5.809808000000000305e+01 3.121178096000000005e+04 3.626695760000000155e+04 4.007003360000000248e+04 -5.995759999999999934e+01 -5.380687999999999960e+01
-1.974869601599999878e+05 -1.974869601599999878e+05 -1.974869601599999878e+05 -6.367663999999999902e+01 -1.849983999999999895e+01 -5.955232000000000170e+01 4.295379151999999885e+04 3.373588863999999739e+04
-5.886095999999999862e+01 -5.542799999999999727e+01 5.891014192000000185e+04 1.488939120000000003e+04 -5.206656000000000262e+01 -6.281839999999999691e+01 3.185503183999999965e+04 3.694835248000000138e+04
4.060640976000000228e+04 -6.238927999999999940e+01 -5.619087999999999994e+01 -1.974869601599999878e+05 -1.974869601599999878e+05 -1.974869601599999878e+05 -6.675199999999999534e+01 -2.314864000000000033e+01
-6.086352000000000118e+01 4.341812320000000182e+04 3.425595823999999993e+04 -5.924240000000000350e+01 -6.017215999999999809e+01 5.946682976000000053e+04 1.518038224000000082e+04 -5.585712000000000188e+01
-6.567919999999999447e+01 3.249532656000000134e+04 3.764595855999999912e+04 4.117289583999999741e+04 -6.505935999999999808e+01 -5.948080000000000211e+01 -1.974869601599999878e+05 -1.974869601599999878e+05
-1.974869601599999878e+05 -6.772943999999999676e+01 -2.743984000000000023e+01 -6.134031999999999840e+01 4.387864048000000184e+04 3.476639648000000307e+04 -5.864639999999999986e+01 -6.098272000000000048e+01
-6.215088000000000079e+01 -2.467439999999999856e+01 -5.511807999999999907e+01 4.422284240000000136e+04 3.515448784000000160e+04 -5.302015999999999707e+01 -5.261487999999999943e+01 6.038676767999999720e+04
1.539346415999999954e+04 -5.242416000000000054e+01 -6.243695999999999913e+01 3.354173567999999796e+04 3.877006223999999929e+04 4.212837920000000304e+04 -6.343824000000000041e+01 -5.495120000000000005e+01
-1.974869601599999878e+05 -1.974869601599999878e+05 -1.974869601599999878e+05 -5.807424000000000319e+01 -3.034832000000000107e+01 -5.240032000000000068e+01 4.435942175999999745e+04 3.531536015999999654e+04
-4.942031999999999670e+01 -4.872896000000000072e+01 6.051233295999999973e+04 1.510359360000000015e+04 -4.934879999999999711e+01 -5.716832000000000136e+01 3.376487808000000223e+04 3.898838895999999659e+04
4.233404688000000169e+04 -6.105424000000000007e+01 -5.487968000000000046e+01 -1.974869601599999878e+05 -1.974869601599999878e+05 -1.974869601599999878e+05 -5.867023999999999972e+01 -3.747648000000000224e+01
-5.309167999999999665e+01 4.434521312000000034e+04 3.530696848000000318e+04 -4.827600000000000335e+01 -5.347312000000000154e+01 6.044753583999999682e+04 1.462266928000000007e+04 -5.392607999999999890e+01
-5.781199999999999761e+01 3.381730223999999725e+04 3.901053631999999925e+04 4.238272815999999875e+04 -6.386735999999999791e+01 -5.728752000000000066e+01 -1.974869601599999878e+05 -1.974869601599999878e+05
-1.974869601599999878e+05 -5.745439999999999969e+01 -3.876384000000000185e+01 -5.166127999999999787e+01 4.425292848000000231e+04 3.521322959999999875e+04 -4.486688000000000187e+01 -5.542799999999999727e+01
-5.590480000000000160e+01 -4.024192000000000036e+01 -5.013551999999999964e+01 4.411649216000000160e+04 3.507336031999999977e+04 -4.262592000000000070e+01 -5.170895999999999759e+01 6.006688255999999819e+04
1.354140608000000066e+04 -5.661999999999999744e+01 -5.607168000000000063e+01 3.369450239999999758e+04 3.879592863999999827e+04 4.225968991999999707e+04 -6.281839999999999691e+01 -5.523727999999999838e+01
-1.974869601599999878e+05 -1.974869601599999878e+05 -1.974869601599999878e+05 -5.228112000000000137e+01 -3.213631999999999778e+01 -4.579664000000000357e+01 4.403560304000000178e+04 3.499435455999999976e+04
-3.940751999999999811e+01 -4.427087999999999823e+01 5.991101664000000164e+04 1.313324143999999978e+04 -5.454592000000000240e+01 -5.364000000000000057e+01 3.366937503999999899e+04 3.872750783999999840e+04
4.222297632000000158e+04 -5.931392000000000309e+01 -4.832368000000000308e+01 -1.974869601599999878e+05 -1.974869601599999878e+05 -1.974869601599999878e+05 -4.982560000000000144e+01 -2.143215999999999966e+01
-4.360336000000000212e+01 4.408299695999999676e+04 3.505877023999999801e+04 -3.785792000000000002e+01 -3.924063999999999908e+01 5.990744064000000071e+04 1.292273423999999977e+04 -5.144671999999999912e+01
-4.934879999999999711e+01 3.375896575999999914e+04 3.879392607999999746e+04 4.230109999999999854e+04 -5.683456000000000330e+01 -4.288815999999999917e+01 -1.974869601599999878e+05 -1.974869601599999878e+05
-1.974869601599999878e+05 -4.706016000000000332e+01 -1.327888000000000090e+01 -3.926447999999999894e+01 4.421969552000000112e+04 3.521275280000000203e+04 -3.709503999999999735e+01 -3.275616000000000128e+01
-4.174383999999999872e+01 -3.266080000000000094e+00 -3.254160000000000252e+01 4.438171216000000277e+04 3.538232671999999729e+04 -3.342367999999999739e+01 -2.646239999999999881e+01 6.016341071999999986e+04
1.272741311999999925e+04 -4.033727999999999980e+01 -3.962207999999999686e+01 3.403643951999999990e+04 3.909872048000000359e+04 4.265126191999999719e+04 -4.806143999999999750e+01 -3.332831999999999795e+01
-1.974869601599999878e+05 -1.974869601599999878e+05 -1.974869601599999878e+05 -3.840623999999999683e+01 2.789280000000000204e+00 -3.051520000000000010e+01 4.452346480000000156e+04 3.553247103999999672e+04
-3.251776000000000266e+01 -2.772591999999999857e+01 6.028334975999999733e+04 1.257843696000000091e+04 -3.616528000000000276e+01 -3.702351999999999776e+01 3.412133376000000135e+04 3.920518991999999707e+04
4.281354080000000249e+04 -4.729856000000000193e+01 -2.913248000000000104e+01 -1.974869601599999878e+05 -1.974869601599999878e+05 -1.974869601599999878e+05 -3.809631999999999863e+01 -2.360160000000000036e+00
-3.106352000000000046e+01 4.454532607999999891e+04 3.555733615999999893e+04 -3.199327999999999861e+01 -2.970464000000000127e+01 6.025371663999999873e+04 1.224684640000000036e+04 -3.490176000000000300e+01
-3.602224000000000359e+01 3.405982656000000134e+04 3.914563760000000184e+04 4.284689295999999740e+04 -4.691711999999999705e+01 -3.041984000000000066e+01 -1.974869601599999878e+05 -1.974869601599999878e+05
-1.974869601599999878e+05 -3.554543999999999926e+01 -1.428016000000000041e+01 -2.951391999999999882e+01 4.437417872000000352e+04 3.537724880000000121e+04 -2.682000000000000028e+01 -2.789280000000000115e+01
-3.247008000000000294e+01 -2.219503999999999877e+01 -2.753519999999999968e+01 4.406640432000000146e+04 3.504918656000000192e+04 -2.221887999999999863e+01 -2.546112000000000108e+01 5.953405855999999767e+04
1.093223727999999937e+04 -3.185023999999999944e+01 -2.808352000000000004e+01 3.336880032000000210e+04 3.836471072000000277e+04 4.236940159999999742e+04 -3.966975999999999658e+01 -3.437727999999999895e+01
-1.974869601599999878e+05 -1.974869601599999878e+05 -1.974869601599999878e+05 -3.316143999999999892e+01 -2.798816000000000059e+01 -2.906096000000000146e+01 4.368591791999999987e+04 3.463861407999999938e+04
-2.209967999999999932e+01 -2.643855999999999895e+01 5.899494079999999667e+04 1.014961775999999918e+04 -3.523552000000000106e+01 -3.082512000000000185e+01 3.286348767999999836e+04 3.779119183999999950e+04
4.197830640000000130e+04 -4.171999999999999886e+01 -3.571231999999999829e+01 -1.974869601599999878e+05 -1.974869601599999878e+05 -1.974869601599999878e+05 -3.161184000000000083e+01 -3.018143999999999849e+01
-2.779744000000000170e+01 4.326404527999999846e+04 3.418000400000000081e+04 -2.088383999999999929e+01 -2.748751999999999995e+01 5.840873904000000039e+04 9.387953600000000733e+03 -3.456799999999999784e+01
-3.151648000000000138e+01 3.231953039999999964e+04 3.717819391999999789e+04 4.155042607999999746e+04 -4.233984000000000236e+01 -3.530704000000000065e+01 -1.974869601599999878e+05 -1.974869601599999878e+05
-1.974869601599999878e+05 -2.796432000000000073e+01 -2.300560000000000116e+01 -2.207583999999999946e+01 4.289757680000000255e+04 3.378163760000000184e+04 -1.709328000000000003e+01 -2.152751999999999910e+01
-2.560416000000000025e+01 -1.108559999999999945e+01 -1.745088000000000150e+01 4.267348079999999754e+04 3.354040063999999984e+04 -1.425632000000000055e+01 -1.237296000000000085e+01 5.753919888000000356e+04
8.366576479999999719e+03 -2.522271999999999892e+01 -2.498432000000000031e+01 3.148982688000000053e+04 3.624662208000000101e+04 4.092600880000000325e+04 -3.485408000000000328e+01 -1.859519999999999840e+01
-1.974869601599999878e+05 -1.974869601599999878e+05 -1.974869601599999878e+05 -2.348239999999999839e+01 -6.269919999999999938e+00 -1.599663999999999930e+01 4.255423311999999714e+04 3.340923296000000119e+04
-1.261135999999999946e+01 -1.106175999999999959e+01 5.731691472000000067e+04 8.103525920000000042e+03 -2.186128000000000071e+01 -2.322015999999999991e+01 3.121523775999999998e+04 3.595980303999999887e+04
4.077519696000000113e+04 -3.282768000000000086e+01 -1.573440000000000083e+01 -1.974869601599999878e+05 -1.974869601599999878e+05 -1.974869601599999878e+05 -2.031167999999999907e+01 -5.101759999999999629e+00
-1.451856000000000080e+01 4.247846959999999672e+04 3.332829615999999805e+04 -1.051343999999999923e+01 -1.237296000000000085e+01 5.715418288000000030e+04 7.872778559999999743e+03 -1.995408000000000115e+01
-2.076463999999999999e+01 3.094424847999999838e+04 3.569536976000000141e+04 4.066314895999999862e+04 -3.113504000000000005e+01 -1.592511999999999972e+01 -1.974869601599999878e+05 -1.974869601599999878e+05
-1.974869601599999878e+05 -1.814224000000000103e+01 -5.483200000000000296e-01 -1.189616000000000007e+01 4.240139487999999983e+04 3.325737215999999898e+04 -9.679040000000000532e+00 -1.122864000000000040e+01
-1.485232000000000063e+01 -1.191999999999999948e+00 -1.013199999999999967e+01 4.221847056000000157e+04 3.307177775999999722e+04 -8.701600000000000890e+00 -8.606239999999999668e+00 5.668656128000000172e+04
7.196294719999999870e+03 -1.361264000000000074e+01 -1.494768000000000008e+01 3.023095567999999912e+04 3.496739151999999740e+04 4.031105599999999686e+04 -2.770207999999999871e+01 -1.559135999999999989e+01
-1.974869601599999878e+05 -1.974869601599999878e+05 -1.974869601599999878e+05 -1.265903999999999918e+01 -1.301664000000000065e+01 -1.099024000000000001e+01 4.185047632000000158e+04 3.268297119999999995e+04
-7.461920000000000108e+00 -8.010239999999999583e+00 5.615998335999999836e+04 6.558407839999999851e+03 -8.939999999999999503e+00 -1.170543999999999940e+01 2.963042608000000109e+04 3.432092223999999987e+04
3.990074575999999797e+04 -2.538960000000000150e+01 -1.697408000000000072e+01 -1.974869601599999878e+05 -1.974869601599999878e+05 -1.974869601599999878e+05 -9.559839999999999449e+00 -2.419760000000000133e+01
-9.655200000000000671e+00 4.135925312000000122e+04 3.216240095999999903e+04 -3.266080000000000094e+00 -6.699040000000000106e+00 5.547312911999999778e+04 5.791618080000000191e+03 -5.125600000000000378e+00
-9.202239999999999753e+00 2.889834735999999975e+04 3.351965984000000026e+04 3.935674079999999958e+04 -2.140831999999999979e+01 -1.559135999999999989e+01 -1.974869601599999878e+05 -1.974869601599999878e+05
-1.974869601599999878e+05 -2.979999999999999982e+00 -2.639087999999999923e+01 -3.051520000000000010e+00 4.081627328000000125e+04 3.158635503999999855e+04 4.028959999999999653e+00 -2.193280000000000118e+00
3.862080000000000179e+00 -2.374464000000000041e+01 6.389120000000000132e+00 4.025741599999999744e+04 3.099533759999999893e+04 1.177696000000000076e+01 6.842080000000000162e+00 5.393921583999999712e+04
4.262758880000000318e+03 2.979999999999999982e+00 4.553440000000000154e+00 2.731477535999999964e+04 3.177938752000000022e+04 3.813844527999999991e+04 -7.366559999999999775e+00 1.215840000000000032e+00
-1.974869601599999878e+05 -1.974869601599999878e+05 -1.974869601599999878e+05 5.936160000000000103e+00 -2.274335999999999913e+01 9.321440000000000836e+00 3.977456064000000333e+04 3.049228975999999966e+04
1.413711999999999946e+01 1.003664000000000023e+01 5.325550847999999678e+04 3.685878560000000107e+03 3.099200000000000177e+00 6.889759999999999884e+00 2.660894447999999829e+04 3.100005791999999929e+04
3.758795584000000235e+04 -5.959999999999999964e+00 1.382719999999999949e+00 -1.974869601599999878e+05 -1.974869601599999878e+05 -1.974869601599999878e+05 5.554719999999999658e+00 -1.938192000000000093e+01
6.746719999999999828e+00 3.944242175999999745e+04 3.015650335999999879e+04 1.287359999999999971e+01 6.985120000000000218e+00 5.275787232000000222e+04 3.345777120000000195e+03 3.409120000000000150e+00
3.528319999999999901e+00 2.605831200000000172e+04 3.039592847999999867e+04 3.717909984000000259e+04 -3.146879999999999900e+00 -2.240959999999999841e+00 -1.974869601599999878e+05 -1.974869601599999878e+05
-1.974869601599999878e+05 7.652639999999999887e+00 -1.518608000000000047e+01 6.675200000000000244e+00 3.922037599999999657e+04 2.993116767999999865e+04 1.392256000000000071e+01 6.937439999999999607e+00
7.056639999999999802e+00 -1.399408000000000030e+01 7.652639999999999887e+00 3.904627247999999963e+04 2.974957839999999851e+04 1.430400000000000027e+01 4.791839999999999655e+00 5.211884111999999732e+04
3.030659999999999854e+03 7.676479999999999748e+00 6.579839999999999911e+00 2.518648319999999876e+04 2.950149936000000162e+04 3.663550016000000323e+04 -7.318880000000000052e+00 -8.582400000000000029e-01
-1.974869601599999878e+05 -1.974869601599999878e+05 -1.974869601599999878e+05 9.559839999999999449e+00 -6.198400000000000354e+00 1.099024000000000001e+01 3.888914304000000266e+04 2.959068479999999909e+04
1.840447999999999951e+01 5.483200000000000074e+00 5.185223840000000200e+04 2.882279840000000149e+03 1.206304000000000087e+01 1.079951999999999934e+01 2.476139215999999942e+04 2.907488256000000183e+04
3.639481152000000293e+04 -5.483200000000000074e+00 2.670080000000000009e+00 -1.974869601599999878e+05 -1.974869601599999878e+05 -1.974869601599999878e+05 1.590127999999999986e+01 -1.597280000000000033e+00
1.671183999999999870e+01 3.864747695999999996e+04 2.934167599999999948e+04 2.364928000000000097e+01 1.222991999999999990e+01 5.147590015999999741e+04 2.588499519999999848e+03 1.840447999999999951e+01
1.795151999999999859e+01 2.423593472000000111e+04 2.852632416000000012e+04 3.605947808000000077e+04 8.105599999999999472e-01 8.963839999999999364e+00 -1.974869601599999878e+05 -1.974869601599999878e+05
-1.974869601599999878e+05 1.723631999999999920e+01 -1.165775999999999968e+01 1.890512000000000015e+01 3.823795343999999750e+04 2.890840783999999985e+04 2.436448000000000036e+01 1.797535999999999845e+01
1.807072000000000145e+01 -1.950112000000000023e+01 2.059776000000000096e+01 3.771216223999999784e+04 2.834761952000000019e+04 2.531807999999999836e+01 2.071696000000000026e+01 5.015997983999999997e+04
1.432497920000000022e+03 1.683104000000000156e+01 1.799919999999999831e+01 2.274669759999999951e+04 2.691075888000000123e+04 3.493978480000000127e+04 5.650079999999999991e+00 1.504303999999999952e+01
-1.974869601599999878e+05 -1.974869601599999878e+05 -1.974869601599999878e+05 2.109840000000000160e+01 -1.962031999999999954e+01 2.689151999999999987e+01 3.713330320000000211e+04 2.772618224000000191e+04
2.898944000000000187e+01 2.507967999999999975e+01 4.936775280000000203e+04 7.747523200000000543e+02 1.697408000000000072e+01 2.140831999999999979e+01 2.190288079999999900e+04 2.598254848000000129e+04
3.426482671999999729e+04 4.267360000000000042e+00 2.024015999999999948e+01 -1.974869601599999878e+05 -1.974869601599999878e+05 -1.974869601599999878e+05 2.469823999999999842e+01 -2.095535999999999888e+01
3.237472000000000349e+01 3.653661183999999776e+04 2.707818720000000030e+04 3.292304000000000030e+01 3.173104000000000013e+01 4.856086415999999736e+04 1.567479999999999905e+02 1.911967999999999890e+01
2.372080000000000055e+01 2.105579792000000089e+04 2.504895023999999830e+04 3.357620831999999791e+04 8.558559999999999945e+00 2.553264000000000067e+01 -1.974869601599999878e+05 -1.974869601599999878e+05
-1.974869601599999878e+05 3.099200000000000088e+01 -1.501919999999999966e+01 3.735728000000000293e+01 3.602345584000000235e+04 2.651522943999999916e+04 3.564079999999999870e+01 3.938367999999999824e+01
3.306607999999999947e+01 -5.507039999999999935e+00 3.921679999999999922e+01 3.567029007999999885e+04 2.612835392000000138e+04 3.599839999999999662e+01 4.205375999999999692e+01 4.734132895999999892e+04
-5.069337600000000066e+02 2.541344000000000136e+01 2.705839999999999890e+01 1.973618240000000151e+04 2.359864384000000064e+04 3.251923807999999917e+04 1.845215999999999923e+01 3.063439999999999941e+01
-1.974869601599999878e+05 -1.974869601599999878e+05 -1.974869601599999878e+05 2.660544000000000153e+01 -3.528319999999999901e+00 3.528320000000000078e+01 3.543806463999999687e+04 2.587157328000000052e+04
3.256544000000000239e+01 3.733344000000000307e+01 4.697865103999999701e+04 -5.728036799999999857e+02 2.121760000000000090e+01 2.343471999999999866e+01 1.926224320000000080e+04 2.310484591999999975e+04
3.218216431999999986e+04 1.518608000000000047e+01 2.484128000000000114e+01 -1.974869601599999878e+05 -1.974869601599999878e+05 -1.974869601599999878e+05 1.935808000000000106e+01 -1.954879999999999951e+00
2.929936000000000007e+01 3.527721616000000358e+04 2.568543056000000070e+04 2.825039999999999907e+01 3.392432000000000158e+01 4.671057024000000092e+04 -5.813622400000000425e+02 1.768928000000000011e+01
1.904815999999999931e+01 1.883982224000000133e+04 2.268495200000000114e+04 3.191441728000000148e+04 1.263519999999999932e+01 2.128912000000000049e+01 -1.974869601599999878e+05 -1.974869601599999878e+05
-1.974869601599999878e+05 1.895279999999999987e+01 4.386560000000000237e+00 2.624784000000000006e+01 3.514805103999999847e+04 2.553235392000000138e+04 2.741600000000000037e+01 3.390048000000000172e+01
2.307712000000000074e+01 4.458079999999999821e+00 2.727296000000000120e+01 3.494452896000000328e+04 2.529750607999999920e+04 2.789280000000000115e+01 3.449647999999999826e+01 4.616706592000000092e+04
-7.018496000000000095e+02 2.012096000000000018e+01 2.109840000000000160e+01 1.799221487999999954e+04 2.182490016000000105e+04 3.137661072000000058e+04 1.749856000000000122e+01 1.838063999999999965e+01
-1.974869601599999878e+05 -1.974869601599999878e+05 -1.974869601599999878e+05 2.932319999999999993e+01 -1.096640000000000059e+00 3.025296000000000163e+01 3.460118527999999787e+04 2.490722144000000117e+04
3.001455999999999946e+01 3.630832000000000193e+01 4.568654688000000169e+04 -1.000540960000000041e+03 2.608096000000000103e+01 2.763055999999999912e+01 1.741748015999999916e+04 2.120877920000000086e+04
3.094756223999999929e+04 2.164671999999999841e+01 1.966799999999999926e+01 -1.974869601599999878e+05 -1.974869601599999878e+05 -1.974869601599999878e+05 3.440111999999999881e+01 -3.695199999999999818e+00
3.313759999999999906e+01 3.417878816000000370e+04 2.442896719999999914e+04 3.304223999999999961e+01 3.702351999999999776e+01 4.511317104000000108e+04 -1.374375999999999976e+03 3.034832000000000107e+01
3.146880000000000166e+01 1.678424207999999999e+04 2.051865887999999904e+04 3.044594480000000112e+04 2.209967999999999932e+01 2.329167999999999950e+01 -1.974869601599999878e+05 -1.974869601599999878e+05
-1.974869601599999878e+05 3.933599999999999852e+01 -5.959999999999999742e-01 3.778640000000000043e+01 3.375121775999999954e+04 2.394449072000000160e+04 3.804863999999999891e+01 3.995584000000000202e+01
3.659440000000000026e+01 -1.811840000000000117e+00 3.416272000000000020e+01 3.335504464000000007e+04 2.349694239999999991e+04 3.556927999999999912e+01 3.685663999999999874e+01 4.401855743999999686e+04
-1.894779359999999997e+03 3.556927999999999912e+01 3.459183999999999770e+01 1.566590768000000025e+04 1.930196064000000115e+04 2.951811583999999857e+04 2.572335999999999956e+01 2.841728000000000165e+01
-1.974869601599999878e+05 -1.974869601599999878e+05 -1.974869601599999878e+05 2.679616000000000042e+01 -4.768000000000000016e-02 2.541344000000000136e+01 3.307187311999999656e+04 2.317810624000000098e+04
2.608096000000000103e+01 2.999071999999999960e+01 4.363470960000000196e+04 -1.909464799999999968e+03 2.739216000000000051e+01 2.288640000000000185e+01 1.529593471999999929e+04 1.889372448000000077e+04
2.919110255999999936e+04 2.038319999999999865e+01 2.121760000000000090e+01 -1.974869601599999878e+05 -1.974869601599999878e+05 -1.974869601599999878e+05 2.298176000000000130e+01 1.363648000000000060e+01
2.414992000000000161e+01 3.295481872000000294e+04 2.304188448000000062e+04 2.353008000000000166e+01 3.001455999999999946e+01 4.345304879999999685e+04 -1.720985760000000028e+03 2.591407999999999845e+01
2.012096000000000018e+01 1.509248415999999997e+04 1.867451568000000043e+04 2.902176703999999881e+04 1.792767999999999873e+01 2.059776000000000096e+01 -1.974869601599999878e+05 -1.974869601599999878e+05
-1.974869601599999878e+05 1.902431999999999945e+01 1.709328000000000003e+01 2.052624000000000137e+01 3.293450703999999678e+04 2.300219087999999829e+04 2.076463999999999999e+01 2.677232000000000056e+01
1.580592000000000041e+01 1.423248000000000069e+01 1.652111999999999981e+01 3.296025424000000203e+04 2.299918704000000071e+04 1.652111999999999981e+01 2.543728000000000122e+01 4.339054032000000007e+04
-1.188733919999999898e+03 2.231424000000000163e+01 1.652111999999999981e+01 1.484461967999999979e+04 1.846994464000000153e+04 2.892557263999999850e+04 5.483200000000000296e-01 1.954879999999999995e+01
-1.974869601599999878e+05 -1.974869601599999878e+05 -1.974869601599999878e+05 1.535295999999999950e+01 1.520992000000000033e+01 1.537679999999999936e+01 3.299787376000000222e+04 2.301163151999999900e+04
1.544832000000000072e+01 2.486512000000000100e+01 4.339661952000000019e+04 -9.877388799999999947e+02 2.162287999999999855e+01 1.742704000000000164e+01 1.471342815999999948e+04 1.836769487999999910e+04
2.889479520000000048e+04 -9.059200000000000585e-01 1.869056000000000139e+01 -1.974869601599999878e+05 -1.974869601599999878e+05 -1.974869601599999878e+05 1.134783999999999970e+01 8.105600000000000804e+00
1.029888000000000048e+01 3.293045423999999912e+04 2.291808336000000054e+04 1.146704000000000079e+01 1.723631999999999920e+01 4.326654847999999765e+04 -9.841151999999999589e+02 1.795151999999999859e+01
1.370800000000000018e+01 1.445731503999999950e+04 1.811630208000000130e+04 2.874834607999999935e+04 -3.385279999999999845e+00 1.149088000000000065e+01 -1.974869601599999878e+05 -1.974869601599999878e+05
-1.974869601599999878e+05 7.390399999999999636e+00 -5.435520000000000351e+00 5.101759999999999629e+00 3.268542671999999948e+04 2.263605616000000009e+04 7.390399999999999636e+00 9.178399999999999892e+00
6.007679999999999687e+00 -1.776079999999999970e+01 4.815680000000000405e+00 3.231349887999999919e+04 2.221749727999999959e+04 7.295040000000000191e+00 6.150719999999999743e+00 4.241076400000000285e+04
-1.661314239999999927e+03 1.218224000000000018e+01 9.488319999999999865e+00 1.344127808000000005e+04 1.702450159999999960e+04 2.797716976000000068e+04 -8.129440000000000666e+00 -3.814400000000000013e-01
-1.974869601599999878e+05 -1.974869601599999878e+05 -1.974869601599999878e+05 4.982560000000000322e+00 -2.846496000000000137e+01 5.721600000000000463e+00 3.186978879999999845e+04 2.171692880000000150e+04
7.986399999999999721e+00 7.700319999999999609e+00 4.182024719999999797e+04 -2.140569759999999860e+03 1.263519999999999932e+01 1.034656000000000020e+01 1.279170960000000014e+04 1.631983887999999934e+04
2.745595583999999872e+04 -7.056639999999999802e+00 -6.198399999999999466e-01 -1.974869601599999878e+05 -1.974869601599999878e+05 -1.974869601599999878e+05 5.959999999999999964e+00 -3.256544000000000239e+01
5.816959999999999908e+00 3.139542048000000068e+04 2.118029040000000168e+04 1.041807999999999979e+01 1.025120000000000076e+01 4.119087120000000141e+04 -2.609979359999999815e+03 1.301664000000000065e+01
1.079951999999999934e+01 1.211994607999999971e+04 1.559412543999999980e+04 2.691288063999999940e+04 -3.576000000000000068e+00 1.120479999999999920e+00 -1.974869601599999878e+05 -1.974869601599999878e+05
-1.974869601599999878e+05 7.652639999999999887e+00 -2.796432000000000073e+01 6.508320000000000327e+00 3.099457472000000053e+04 2.072089359999999942e+04 1.206304000000000087e+01 1.130015999999999998e+01
1.075183999999999962e+01 -1.416095999999999933e+01 9.154560000000000031e+00 3.074892736000000150e+04 2.043552880000000005e+04 1.354111999999999938e+01 1.175312000000000090e+01 4.028917087999999785e+04
-3.047371839999999793e+03 1.366032000000000046e+01 1.315967999999999982e+01 1.109549359999999979e+04 1.449359951999999976e+04 2.610263056000000142e+04 2.097920000000000229e+00 7.390399999999999636e+00
-1.974869601599999878e+05 -1.974869601599999878e+05 -1.974869601599999878e+05 1.439935999999999972e+01 -7.152000000000000579e-01 1.234911999999999921e+01 3.061661535999999978e+04 2.027720736000000034e+04
1.652111999999999981e+01 1.382719999999999949e+01 4.007444400000000314e+04 -3.028037600000000111e+03 1.530527999999999977e+01 1.420864000000000082e+01 1.074642832000000089e+04 1.414563088000000062e+04
2.587936895999999979e+04 4.696480000000000210e+00 1.130015999999999998e+01 -1.974869601599999878e+05 -1.974869601599999878e+05 -1.974869601599999878e+05 1.757008000000000081e+01 7.938719999999999999e+00
1.671183999999999870e+01 3.053863472000000183e+04 2.017860512000000017e+04 1.993024000000000129e+01 1.840447999999999951e+01 3.993018815999999788e+04 -2.984529599999999846e+03 1.633040000000000092e+01
1.506687999999999938e+01 1.042003487999999925e+04 1.384317280000000028e+04 2.570860304000000178e+04 6.532160000000000188e+00 1.559135999999999989e+01 -1.974869601599999878e+05 -1.974869601599999878e+05
-1.974869601599999878e+05 2.066928000000000054e+01 1.547216000000000058e+01 2.186128000000000071e+01 3.046847360000000117e+04 2.008801311999999962e+04 2.631935999999999964e+01 2.484128000000000114e+01
2.522271999999999892e+01 1.430400000000000027e+01 2.834575999999999851e+01 3.029496607999999833e+04 1.988322752000000037e+04 3.425807999999999964e+01 3.194559999999999889e+01 3.953573152000000118e+04
-3.117294559999999819e+03 2.441216000000000008e+01 2.965696000000000154e+01 9.644543519999999262e+03 1.308751632000000063e+04 2.527709904000000097e+04 1.642576000000000036e+01 3.020527999999999835e+01
-1.974869601599999878e+05 -1.974869601599999878e+05 -1.974869601599999878e+05 2.853648000000000096e+01 3.480640000000000178e+00 3.287536000000000058e+01 2.994456576000000132e+04 1.949172704000000158e+04
3.709503999999999735e+01 3.754800000000000182e+01 3.905947983999999997e+04 -3.495921440000000075e+03 2.693919999999999959e+01 3.146880000000000166e+01 9.026896800000000439e+03 1.243966431999999986e+04
2.483748944000000120e+04 1.964415999999999940e+01 3.590303999999999718e+01 -1.974869601599999878e+05 -1.974869601599999878e+05 -1.974869601599999878e+05 3.204095999999999833e+01 -5.030240000000000045e+00
3.404352000000000089e+01 2.947925663999999961e+04 1.898014447999999902e+04 3.900224000000000046e+01 3.866848000000000241e+01 3.844080799999999726e+04 -4.006431199999999990e+03 3.084896000000000171e+01
3.413888000000000034e+01 8.292767840000000433e+03 1.165680639999999948e+04 2.428244656000000032e+04 2.105071999999999832e+01 3.242240000000000322e+01 -1.974869601599999878e+05 -1.974869601599999878e+05
-1.974869601599999878e+05 3.394816000000000145e+01 -1.225375999999999976e+01 3.287536000000000058e+01 2.896366895999999906e+04 1.841640000000000146e+04 3.900224000000000046e+01 3.330447999999999809e+01
3.299455999999999989e+01 -1.942960000000000065e+01 3.201711999999999847e+01 2.843125024000000121e+04 1.783508543999999893e+04 3.864464000000000254e+01 2.822655999999999921e+01 3.707167680000000109e+04
-5.027879839999999604e+03 3.185023999999999944e+01 3.654672000000000054e+01 6.732511360000000423e+03 9.982070240000000922e+03 2.306415104000000065e+04 1.768928000000000011e+01 2.012096000000000018e+01
-1.974869601599999878e+05 -1.974869601599999878e+05 -1.974869601599999878e+05 3.370976000000000283e+01 -1.399408000000000030e+01 3.351903999999999684e+01 2.798820767999999953e+04 1.735618751999999949e+04
4.055183999999999855e+01 2.915632000000000090e+01 3.648654783999999927e+04 -5.353343520000000353e+03 3.101584000000000074e+01 3.592687999999999704e+01 6.058816799999999603e+03 9.254831040000000939e+03
2.253414015999999901e+04 1.823760000000000048e+01 2.257648000000000010e+01 -1.974869601599999878e+05 -1.974869601599999878e+05 -1.974869601599999878e+05 3.509248000000000189e+01 -9.536000000000000032e-01
3.447263999999999839e+01 2.769743119999999908e+04 1.704323983999999837e+04 4.119552000000000191e+01 3.208863999999999805e+01 3.609287791999999899e+04 -5.450205439999999726e+03 3.154032000000000124e+01
3.678511999999999915e+01 5.547901759999999740e+03 8.715546399999999267e+03 2.215620463999999993e+04 2.124144000000000077e+01 2.500816000000000017e+01 -1.974869601599999878e+05 -1.974869601599999878e+05
-1.974869601599999878e+05 3.685663999999999874e+01 8.558559999999999945e+00 3.673743999999999943e+01 2.751581808000000092e+04 1.683816816000000108e+04 4.257824000000000098e+01 3.521168000000000120e+01
3.776256000000000057e+01 1.571055999999999919e+01 3.919295999999999935e+01 2.739509231999999975e+04 1.669665392000000065e+04 4.300735999999999848e+01 3.874000000000000199e+01 3.568185248000000138e+04
-5.305186719999999696e+03 3.428191999999999950e+01 3.659440000000000026e+01 4.764686239999999998e+03 7.960891200000000026e+03 2.170176656000000003e+04 2.562800000000000011e+01 2.515119999999999933e+01
-1.974869601599999878e+05 -1.974869601599999878e+05 -1.974869601599999878e+05 3.838239999999999696e+01 2.202815999999999974e+01 4.126704000000000150e+01 2.729370079999999871e+04 1.658606016000000091e+04
4.484304000000000201e+01 4.067103999999999786e+01 3.553881248000000051e+04 -5.239221440000000257e+03 3.518784000000000134e+01 3.597455999999999676e+01 4.390970400000000154e+03 7.614567519999999604e+03
2.151581455999999889e+04 2.522271999999999892e+01 2.662928000000000139e+01 -1.974869601599999878e+05 -1.974869601599999878e+05 -1.974869601599999878e+05 3.919295999999999935e+01 2.205199999999999960e+01
4.284047999999999945e+01 2.710312384000000020e+04 1.638921327999999994e+04 4.722704000000000235e+01 4.241136000000000195e+01 3.528656143999999767e+04 -5.332984159999999974e+03 3.714271999999999707e+01
3.637984000000000151e+01 3.923086560000000190e+03 7.150879520000000412e+03 2.123426415999999881e+04 2.486512000000000100e+01 2.722528000000000148e+01 -1.974869601599999878e+05 -1.974869601599999878e+05
-1.974869601599999878e+05 4.086175999999999675e+01 1.737935999999999837e+01 4.470000000000000284e+01 2.674735952000000179e+04 1.601473456000000078e+04 4.901503999999999905e+01 4.634496000000000038e+01
4.033727999999999980e+01 1.139551999999999943e+01 4.465232000000000312e+01 2.628367151999999987e+04 1.552122271999999975e+04 4.982560000000000144e+01 4.653567999999999927e+01 3.423421616000000358e+04
-6.095864160000000084e+03 3.733344000000000307e+01 3.993200000000000216e+01 2.560272959999999784e+03 5.711086559999999736e+03 2.023574959999999919e+04 2.529423999999999850e+01 3.044368000000000052e+01
-1.974869601599999878e+05 -1.974869601599999878e+05 -1.974869601599999878e+05 3.966975999999999658e+01 4.267360000000000042e+00 4.593968000000000274e+01 2.576550911999999880e+04 1.496079199999999946e+04
5.118448000000000064e+01 4.825216000000000349e+01 3.357637520000000222e+04 -6.568158400000000256e+03 3.545007999999999981e+01 4.098096000000000316e+01 1.780967200000000048e+03 4.878736799999999675e+03
1.962933151999999973e+04 2.412608000000000175e+01 3.614144000000000290e+01 -1.974869601599999878e+05 -1.974869601599999878e+05 -1.974869601599999878e+05 4.088559999999999661e+01 -3.170720000000000205e+00
4.815679999999999694e+01 2.522972896000000037e+04 1.437506703999999991e+04 5.275791999999999859e+01 5.011167999999999978e+01 3.290251376000000164e+04 -7.003858240000000478e+03 3.685663999999999874e+01
4.443775999999999726e+01 1.003950079999999957e+03 4.047078399999999874e+03 1.901723951999999917e+04 2.677232000000000056e+01 3.850160000000000338e+01 -1.974869601599999878e+05 -1.974869601599999878e+05
-1.974869601599999878e+05 4.062335999999999814e+01 -6.484479999999999578e+00 4.484304000000000201e+01 2.477931984000000011e+04 1.388713376000000062e+04 4.989712000000000103e+01 4.672639999999999816e+01
3.964591999999999672e+01 5.483200000000000296e-01 4.076639999999999731e+01 2.449490864000000147e+04 1.358486640000000079e+04 4.617808000000000135e+01 4.462848000000000326e+01 3.197079887999999846e+04
-7.308008960000000116e+03 3.757184000000000168e+01 4.038495999999999952e+01 -1.628033599999999979e+02 2.814931840000000193e+03 1.812076016000000163e+04 3.034832000000000107e+01 3.244624000000000308e+01
-1.974869601599999878e+05 -1.974869601599999878e+05 -1.974869601599999878e+05 3.931215999999999866e+01 1.130015999999999998e+01 4.028960000000000008e+01 2.433546672000000035e+04 1.341164495999999963e+04
4.551055999999999813e+01 4.725088000000000221e+01 3.176188896000000022e+04 -7.192289600000000064e+03 4.100480000000000302e+01 4.312655999999999779e+01 -5.441718399999999747e+02 2.445745600000000195e+03
1.788066751999999906e+04 3.170720000000000027e+01 3.394816000000000145e+01 -1.974869601599999878e+05 -1.974869601599999878e+05 -1.974869601599999878e+05 3.823935999999999780e+01 1.714095999999999975e+01
3.828703999999999752e+01 2.423064224000000104e+04 1.328939343999999983e+04 4.481920000000000215e+01 4.491456000000000159e+01 3.163026831999999922e+04 -7.038831519999999728e+03 4.224448000000000292e+01
4.264976000000000056e+01 -8.868718400000000202e+02 2.137470560000000205e+03 1.770177216000000044e+04 3.056287999999999982e+01 3.056287999999999982e+01 -1.974869601599999878e+05 -1.974869601599999878e+05
-1.974869601599999878e+05 3.459183999999999770e+01 1.604431999999999903e+01 3.192175999999999902e+01 2.414360239999999976e+04 1.319129183999999987e+04 4.048031999999999897e+01 3.521168000000000120e+01
3.154032000000000124e+01 6.556000000000000050e+00 2.703455999999999904e+01 2.396470704000000114e+04 1.299315760000000046e+04 3.769104000000000099e+01 2.863184000000000040e+01 3.129858239999999932e+04
-6.951148000000000138e+03 3.270848000000000155e+01 3.628448000000000206e+01 -1.653804640000000063e+03 1.409444639999999936e+03 1.726776496000000043e+04 2.076463999999999999e+01 2.076463999999999999e+01
-1.974869601599999878e+05 -1.974869601599999878e+05 -1.974869601599999878e+05 2.946623999999999910e+01 -6.913599999999999746e+00 2.548496000000000095e+01 2.361163664000000063e+04 1.260385039999999935e+04
3.752416000000000196e+01 2.591407999999999845e+01 3.086076080000000002e+04 -7.224831199999999626e+03 3.113504000000000005e+01 3.716655999999999693e+01 -2.254310399999999845e+03 7.867915199999999913e+02
1.683399615999999878e+04 1.916735999999999862e+01 1.766544000000000025e+01 -1.974869601599999878e+05 -1.974869601599999878e+05 -1.974869601599999878e+05 2.820271999999999935e+01 -1.418479999999999919e+01
2.569951999999999970e+01 2.315758000000000175e+04 1.210855055999999968e+04 3.812015999999999849e+01 2.572335999999999956e+01 3.029739775999999983e+04 -7.628394720000000234e+03 3.006223999999999918e+01
3.671359999999999957e+01 -2.956159999999999854e+03 4.267360000000000042e+01 1.629711936000000060e+04 1.783231999999999928e+01 1.480464000000000091e+01 -1.974869601599999878e+05 -1.974869601599999878e+05
-1.974869601599999878e+05 3.106352000000000046e+01 -1.475695999999999941e+01 2.937087999999999965e+01 2.266633295999999973e+04 1.157072016000000076e+04 4.119552000000000191e+01 2.803584000000000032e+01
3.530704000000000065e+01 -1.602047999999999917e+01 3.509248000000000189e+01 2.215999520000000120e+04 1.101462831999999980e+04 4.465232000000000312e+01 3.258928000000000225e+01 2.905349808000000121e+04
-8.441338719999999739e+03 3.494944000000000273e+01 3.997968000000000188e+01 -4.406204160000000229e+03 -1.509191199999999981e+03 1.514316799999999967e+04 2.653391999999999840e+01 2.493664000000000058e+01
-1.974869601599999878e+05 -1.974869601599999878e+05 -1.974869601599999878e+05 3.733344000000000307e+01 -1.175312000000000090e+01 3.812015999999999849e+01 2.173688288000000102e+04 1.054688752000000022e+04
4.782303999999999888e+01 3.747648000000000224e+01 2.852591888000000108e+04 -8.662025600000000850e+03 3.795327999999999946e+01 4.243520000000000181e+01 -5.019321280000000115e+03 -2.164838879999999790e+03
1.464817807999999968e+04 3.013375999999999877e+01 2.920400000000000063e+01 -1.974869601599999878e+05 -1.974869601599999878e+05 -1.974869601599999878e+05 3.976512000000000313e+01 1.001279999999999948e+00
4.007504000000000133e+01 2.148341600000000108e+04 1.026118895999999950e+04 5.011167999999999978e+01 4.059951999999999828e+01 2.820617680000000109e+04 -8.651416800000000876e+03 4.133856000000000108e+01
4.479536000000000229e+01 -5.460456640000000334e+03 -2.623520480000000134e+03 1.431251087999999982e+04 3.387664000000000186e+01 3.187407999999999930e+01 -1.974869601599999878e+05 -1.974869601599999878e+05
-1.974869601599999878e+05 3.840623999999999683e+01 9.273759999999999337e+00 3.869232000000000227e+01 2.134531088000000091e+04 1.009001776000000064e+04 4.739392000000000138e+01 3.735728000000000293e+01
3.616528000000000276e+01 1.420864000000000082e+01 3.769104000000000099e+01 2.126044048000000112e+04 9.965787519999999859e+03 4.467616000000000298e+01 3.423423999999999978e+01 2.794145743999999831e+04
-8.320207679999999527e+03 3.654672000000000054e+01 3.635600000000000165e+01 -6.080439680000000408e+03 -3.203094720000000052e+03 1.395567375999999967e+04 2.722528000000000148e+01 2.736832000000000065e+01
-1.974869601599999878e+05 -1.974869601599999878e+05 -1.974869601599999878e+05 3.435343999999999909e+01 1.818992000000000075e+01 3.716655999999999693e+01 2.119991071999999986e+04 9.873812799999999697e+03
4.291199999999999903e+01 3.316143999999999892e+01 2.786967520000000150e+04 -8.162982880000000478e+03 3.330447999999999809e+01 3.409120000000000061e+01 -6.360416640000000370e+03 -3.453700800000000072e+03
1.382367167999999947e+04 2.667696000000000112e+01 2.889407999999999888e+01 -1.974869601599999878e+05 -1.974869601599999878e+05 -1.974869601599999878e+05 3.216015999999999764e+01 1.680720000000000169e+01
3.566463999999999857e+01 2.105036240000000180e+04 9.692938720000000103e+03 4.231600000000000250e+01 3.328063999999999822e+01 2.768009951999999976e+04 -8.172804960000000392e+03 3.192175999999999902e+01
3.244624000000000308e+01 -6.741546720000000278e+03 -3.823936000000000149e+03 1.359161311999999998e+04 2.796432000000000073e+01 2.848880000000000123e+01 -1.974869601599999878e+05 -1.974869601599999878e+05
-1.974869601599999878e+05 3.468719999999999715e+01 1.218224000000000018e+01 3.695199999999999818e+01 2.073612735999999859e+04 9.331929599999999482e+03 4.474768000000000256e+01 3.649904000000000082e+01
3.711887999999999721e+01 6.436799999999999855e+00 3.781024000000000029e+01 2.030879536000000007e+04 8.840873279999999795e+03 4.729856000000000193e+01 3.990816000000000230e+01 2.676042383999999947e+04
-8.790451680000000124e+03 3.645136000000000109e+01 3.754800000000000182e+01 -7.928421119999999974e+03 -5.075273760000000038e+03 1.270040240000000085e+04 2.679616000000000042e+01 2.972848000000000113e+01
-1.974869601599999878e+05 -1.974869601599999878e+05 -1.974869601599999878e+05 4.114784000000000219e+01 7.509599999999999831e+00 4.300735999999999848e+01 1.983645344000000114e+04 8.299395360000000437e+03
5.158975999999999829e+01 4.737008000000000152e+01 2.617503264000000127e+04 -9.193609920000000784e+03 3.814399999999999835e+01 4.200607999999999720e+01 -8.613940319999999701e+03 -5.811381440000000111e+03
1.215267840000000069e+04 2.949007999999999896e+01 3.263696000000000197e+01 -1.974869601599999878e+05 -1.974869601599999878e+05 -1.974869601599999878e+05 4.441391999999999740e+01 1.270672000000000068e+01
4.956336000000000297e+01 1.935061808000000019e+04 7.739918239999999969e+03 5.480816000000000088e+01 5.492736000000000018e+01 2.557679167999999845e+04 -9.560149919999999838e+03 4.281663999999999959e+01
4.756080000000000041e+01 -9.292545920000000478e+03 -6.539192799999999806e+03 1.160104464000000007e+04 3.468719999999999715e+01 3.959823999999999700e+01 -1.974869601599999878e+05 -1.974869601599999878e+05
-1.974869601599999878e+05 4.298351999999999862e+01 1.327888000000000090e+01 4.803759999999999764e+01 1.894269183999999950e+04 7.264572479999999814e+03 5.189968000000000359e+01 5.337776000000000209e+01
4.007504000000000133e+01 1.268288000000000082e+01 4.155311999999999983e+01 1.870026287999999840e+04 6.975178719999999885e+03 4.629728000000000065e+01 4.500992000000000104e+01 2.477111888000000181e+04
-9.754350560000000769e+03 4.033727999999999980e+01 4.126704000000000150e+01 -1.027425328000000081e+04 -7.583623199999999997e+03 1.080857920000000013e+04 3.583151999999999759e+01 2.996687999999999974e+01
-1.974869601599999878e+05 -1.974869601599999878e+05 -1.974869601599999878e+05 3.406736000000000075e+01 1.113327999999999918e+01 3.611760000000000304e+01 1.857159839999999895e+04 6.808060319999999592e+03
4.281663999999999959e+01 3.730960000000000321e+01 2.461603968000000168e+04 -9.602084479999999530e+03 3.702351999999999776e+01 3.907376000000000005e+01 -1.057442272000000048e+04 -7.877713440000000446e+03
1.060770335999999952e+04 3.454415999999999798e+01 2.519887999999999906e+01 -1.974869601599999878e+05 -1.974869601599999878e+05 -1.974869601599999878e+05 2.894175999999999860e+01 9.512159999999999727e+00
3.392432000000000158e+01 1.848944575999999870e+04 6.682900319999999738e+03 4.040879999999999939e+01 3.308991999999999933e+01 2.452747407999999996e+04 -9.417443680000000313e+03 3.299455999999999989e+01
3.678511999999999915e+01 -1.084014336000000003e+04 -8.117734559999999874e+03 1.046316143999999986e+04 3.514016000000000162e+01 2.355392000000000152e+01 -1.974869601599999878e+05 -1.974869601599999878e+05
-1.974869601599999878e+05 2.870335999999999999e+01 1.072799999999999976e+01 3.387664000000000186e+01 1.842760480000000098e+04 6.570375519999999597e+03 3.971744000000000341e+01 3.239856000000000336e+01
3.018143999999999849e+01 7.533439999999999692e+00 3.523552000000000106e+01 1.827850944000000163e+04 6.368116960000000290e+03 4.050415999999999883e+01 3.323295999999999850e+01 2.427970495999999912e+04
-9.254950240000000122e+03 3.032448000000000121e+01 3.320911999999999864e+01 -1.145452399999999943e+04 -8.700407999999999447e+03 1.012258320000000094e+04 3.361440000000000339e+01 2.293408000000000158e+01
-1.974869601599999878e+05 -1.974869601599999878e+05 -1.974869601599999878e+05 3.080127999999999844e+01 -3.123040000000000038e+00 3.621296000000000248e+01 1.794706192000000010e+04 5.977522399999999834e+03
4.186303999999999803e+01 3.559311999999999898e+01 2.387838239999999860e+04 -9.505031839999999647e+03 2.951391999999999882e+01 3.459183999999999770e+01 -1.198322367999999915e+04 -9.257215039999999135e+03
9.729342399999999543e+03 2.789280000000000115e+01 2.190896000000000043e+01 -1.974869601599999878e+05 -1.974869601599999878e+05 -1.974869601599999878e+05 3.883536000000000143e+01 -2.240959999999999841e+00
4.431855999999999796e+01 1.750092016000000149e+04 5.465868319999999585e+03 4.858592000000000155e+01 4.956336000000000297e+01 2.333747664000000077e+04 -9.883420319999999265e+03 3.790559999999999974e+01
4.245904000000000167e+01 -1.262254096000000027e+04 -9.944832159999999931e+03 9.221478880000000572e+03 3.266080000000000183e+01 3.235088000000000363e+01 -1.974076921600000060e+05 -1.974869601599999878e+05
-1.974849814400000032e+05 4.953952000000000311e+01 7.390399999999999636e+00 5.309167999999999665e+01 1.700948240000000078e+04 4.907726239999999962e+03 5.564256000000000313e+01 6.086352000000000118e+01
5.256719999999999970e+01 8.439360000000000639e+00 5.268639999999999901e+01 1.649315567999999985e+04 4.320880799999999908e+03 5.697760000000000247e+01 5.671535999999999689e+01 2.210840543999999863e+04
-1.067614799999999923e+04 5.213808000000000220e+01 5.313936000000000348e+01 -1.399894335999999930e+04 -1.144393903999999930e+04 8.082093759999999747e+03 4.033727999999999980e+01 3.854928000000000310e+01
-1.944573252799999900e+05 -1.964910918400000082e+05 -1.946811828800000076e+05 5.554720000000000368e+01 8.844640000000000057e+00 5.411679999999999779e+01 1.605044687999999951e+04 3.814900639999999839e+03
5.833648000000000167e+01 5.316320000000000334e+01 2.157214847999999984e+04 -1.091509632000000056e+04 5.518959999999999866e+01 5.623855999999999966e+01 -1.460352576000000045e+04 -1.210199455999999918e+04
7.575660640000000058e+03 4.408015999999999934e+01 3.668975999999999971e+01 -1.920355627199999872e+05 -1.944783521600000095e+05 -1.922743679999999877e+05 5.585712000000000188e+01 1.201535999999999937e+01
5.354464000000000112e+01 1.575947968000000037e+04 3.472653600000000097e+03 5.857488000000000028e+01 5.101760000000000161e+01 2.122055616000000009e+04 -1.093445440000000053e+04 5.716832000000000136e+01
5.759743999999999886e+01 -1.505016815999999926e+04 -1.257953360000000066e+04 7.213221120000000155e+03 4.636880000000000024e+01 3.690431999999999846e+01 -1.894639419200000120e+05 -1.920479833600000129e+05
-1.897071337599999970e+05 5.170895999999999759e+01 1.459008000000000038e+01 4.846672000000000224e+01 1.558134720000000016e+04 3.249797280000000228e+03 5.399759999999999849e+01 4.727472000000000207e+01
4.710784000000000304e+01 1.490000000000000036e+01 4.460464000000000340e+01 1.545227743999999984e+04 3.080390240000000176e+03 4.801375999999999777e+01 4.388944000000000045e+01 2.086646064000000115e+04
-1.069233535999999913e+04 4.787071999999999861e+01 4.777535999999999916e+01 -1.572369584000000032e+04 -1.323508591999999953e+04 6.765601279999999861e+03 3.626064000000000220e+01 3.139727999999999852e+01
-1.842398111999999965e+05 -1.868549638400000113e+05 -1.844790694399999920e+05 4.343648000000000309e+01 1.242064000000000057e+01 4.052799999999999869e+01 1.533016896000000088e+04 2.923022399999999834e+03
4.486688000000000187e+01 4.200607999999999720e+01 2.072623375999999917e+04 -1.059420991999999933e+04 4.565359999999999729e+01 4.369872000000000156e+01 -1.605466655999999966e+04 -1.354862960000000021e+04
6.571376800000000003e+03 3.554543999999999926e+01 2.982384000000000057e+01 -1.816510255999999936e+05 -1.842435302399999928e+05 -1.818877806400000118e+05 4.160079999999999956e+01 6.341440000000000410e+00
3.769104000000000099e+01 1.511296271999999954e+04 2.669412479999999960e+03 4.279279999999999973e+01 4.067103999999999786e+01 2.046065615999999864e+04 -1.066146255999999994e+04 4.286431999999999931e+01
4.076639999999999731e+01 -1.649229743999999846e+04 -1.399303103999999985e+04 6.272613919999999780e+03 3.449647999999999826e+01 2.760671999999999926e+01 -1.790967364799999923e+05 -1.816616105600000010e+05
-1.793325855999999912e+05 4.233984000000000236e+01 -5.650079999999999991e+00 3.802479999999999905e+01 1.471552607999999964e+04 2.219599360000000161e+03 4.279279999999999973e+01 4.033727999999999980e+01
4.839520000000000266e+01 -8.630079999999999529e+00 4.300735999999999848e+01 1.419939007999999922e+04 1.641002559999999903e+03 4.763231999999999999e+01 4.489072000000000173e+01 1.934384751999999935e+04
-1.140696320000000014e+04 4.810911999999999722e+01 4.784687999999999874e+01 -1.781529824000000008e+04 -1.542943872000000010e+04 5.213331199999999626e+03 3.566463999999999857e+01 2.963312000000000168e+01
-1.741148916800000006e+05 -1.766175433600000106e+05 -1.743453767999999982e+05 5.569024000000000285e+01 -2.455519999999999925e+00 5.027855999999999881e+01 1.363378607999999986e+04 1.013343039999999974e+03
5.352080000000000126e+01 5.240032000000000068e+01 1.865074720000000161e+04 -1.187675424000000021e+04 5.652463999999999800e+01 5.597632000000000119e+01 -1.858368528000000151e+04 -1.627838112000000001e+04
4.568196960000000217e+03 4.141008000000000067e+01 3.404352000000000089e+01 -1.716800171200000041e+05 -1.741512715200000093e+05 -1.719082851200000150e+05 5.833648000000000167e+01 -3.528319999999999901e+00
5.321088000000000306e+01 1.305197088000000076e+04 3.729529600000000187e+02 5.611936000000000035e+01 5.485584000000000060e+01 1.793867023999999947e+04 -1.232189472000000023e+04 6.110191999999999979e+01
5.893247999999999820e+01 -1.935736479999999938e+04 -1.713452319999999963e+04 3.906970719999999801e+03 4.369872000000000156e+01 3.428191999999999950e+01 -1.692797820800000045e+05 -1.717191147200000123e+05
-1.695030198399999936e+05 5.661999999999999744e+01 -2.836959999999999926e+00 5.294863999999999749e+01 1.255063952000000063e+04 -1.756054399999999873e+02 5.514191999999999894e+01 5.404527999999999821e+01
5.137519999999999953e+01 1.358880000000000088e+00 4.872896000000000072e+01 1.220450655999999981e+04 -5.526112000000000535e+02 5.132751999999999981e+01 5.073152000000000328e+01 1.690317984000000069e+04
-1.266650192000000061e+04 5.645311999999999841e+01 5.533263999999999783e+01 -2.054133072000000175e+04 -1.843790367999999944e+04 2.890671519999999873e+03 3.852544000000000324e+01 3.249392000000000280e+01
-1.645532875200000126e+05 -1.669308507199999876e+05 -1.647681812799999898e+05 4.570127999999999702e+01 2.550879999999999814e+00 4.377024000000000115e+01 1.196615423999999985e+04 -8.146843199999999570e+02
4.729856000000000193e+01 4.582048000000000343e+01 1.662069968000000154e+04 -1.258887888000000021e+04 4.818063999999999680e+01 4.870512000000000086e+01 -2.095726719999999841e+04 -1.886933615999999893e+04
2.565899199999999837e+03 3.187407999999999930e+01 3.082512000000000185e+01 -1.622208295999999973e+05 -1.645683305600000022e+05 -1.624344359999999870e+05 4.005120000000000147e+01 1.358880000000000088e+00
3.962207999999999686e+01 1.177724608000000080e+04 -1.031652160000000094e+03 4.458080000000000354e+01 4.198223999999999734e+01 1.640675951999999961e+04 -1.247470911999999953e+04 4.057567999999999842e+01
4.143392000000000053e+01 -2.133873103999999876e+04 -1.924686639999999898e+04 2.296268799999999828e+03 2.646239999999999881e+01 2.786896000000000129e+01 -1.599136659199999995e+05 -1.622321535999999905e+05
-1.601253889600000111e+05 3.423423999999999978e+01 -2.455519999999999925e+00 3.540240000000000009e+01 1.160760064000000057e+04 -1.231121439999999893e+03 4.217296000000000333e+01 3.759568000000000154e+01
3.204095999999999833e+01 -8.868479999999999919e+00 3.347135999999999711e+01 1.134814991999999984e+04 -1.522493920000000116e+03 4.291199999999999903e+01 3.659440000000000026e+01 1.590433151999999973e+04
-1.243954512000000068e+04 2.968080000000000140e+01 3.397200000000000131e+01 -2.217854272000000128e+04 -2.010443888000000152e+04 1.694022719999999936e+03 2.190896000000000043e+01 2.357776000000000138e+01
-1.553958428800000111e+05 -1.576574721600000048e+05 -1.555989120000000112e+05 3.235088000000000363e+01 -1.909583999999999904e+01 3.390048000000000172e+01 1.092181919999999991e+04 -1.984775360000000092e+03
4.458080000000000354e+01 3.761952000000000140e+01 1.538843391999999949e+04 -1.273325391999999920e+04 2.672464000000000084e+01 3.201711999999999847e+01 -2.280820479999999952e+04 -2.079038720000000103e+04
1.176265599999999949e+03 2.014480000000000004e+01 2.312480000000000047e+01 -1.531934321599999967e+05 -1.554255713600000017e+05 -1.533932590400000045e+05 3.194559999999999889e+01 -2.353008000000000166e+01
3.573615999999999815e+01 1.038758863999999994e+04 -2.563777439999999842e+03 4.481920000000000215e+01 4.038495999999999952e+01 1.473638608000000022e+04 -1.315064464000000044e+04 2.558032000000000039e+01
3.113504000000000005e+01 -2.353491951999999947e+04 -2.159739503999999943e+04 5.487014400000000478e+02 1.757008000000000081e+01 2.469823999999999842e+01 -1.510279019200000039e+05 -1.532307656000000134e+05
-1.512240335999999952e+05 3.647520000000000095e+01 -2.000176000000000087e+01 4.048031999999999897e+01 9.812043359999999666e+03 -3.192700479999999970e+03 4.992096000000000089e+01 4.701248000000000360e+01
4.176767999999999859e+01 -1.995408000000000115e+01 4.586816000000000315e+01 9.216520160000000033e+03 -3.846417120000000068e+03 5.583328000000000202e+01 5.237648000000000081e+01 1.330994352000000072e+04
-1.396938176000000021e+04 3.661824000000000012e+01 4.343648000000000309e+01 -2.504384848000000056e+04 -2.328226320000000123e+04 -7.922985599999999522e+02 2.541344000000000136e+01 3.418656000000000006e+01
-1.467871235199999937e+05 -1.489340824000000139e+05 -1.469785587200000009e+05 4.250672000000000139e+01 -1.664031999999999911e+01 4.841904000000000252e+01 8.700837120000000141e+03 -4.413380000000000109e+03
5.678688000000000358e+01 5.542799999999999727e+01 1.268965056000000004e+04 -1.420456336000000010e+04 4.038495999999999952e+01 4.596352000000000260e+01 -2.569069919999999911e+04 -2.400647471999999834e+04
-1.387440319999999929e+03 2.920400000000000063e+01 3.893072000000000088e+01 -1.447015288000000000e+05 -1.468216676800000132e+05 -1.448912236799999955e+05 4.348416000000000281e+01 -3.766719999999999846e+00
5.104144000000000148e+01 8.356444480000000112e+03 -4.788859999999999673e+03 5.735904000000000025e+01 5.871791999999999945e+01 1.227819599999999991e+04 -1.419521808000000055e+04 4.355568000000000239e+01
4.829984000000000322e+01 -2.616440000000000146e+04 -2.452864224000000104e+04 -1.821733600000000024e+03 3.311375999999999920e+01 4.284047999999999945e+01 -1.426340286400000041e+05 -1.447285872000000090e+05
-1.428226030399999872e+05 4.353184000000000253e+01 5.340160000000000018e+00 5.340160000000000196e+01 8.127747360000000299e+03 -5.040586559999999736e+03 5.800272000000000361e+01 5.976688000000000045e+01
4.098096000000000316e+01 6.436799999999999855e+00 5.206656000000000262e+01 7.961129600000000210e+03 -5.228922559999999976e+03 5.545183999999999713e+01 5.707296000000000191e+01 1.182914575999999943e+04
-1.385168368000000009e+04 4.059951999999999828e+01 4.567743999999999716e+01 -2.684891791999999987e+04 -2.523216064000000188e+04 -2.382092799999999897e+03 2.946623999999999910e+01 4.076639999999999731e+01
-1.385550046399999992e+05 -1.405962569599999988e+05 -1.387382388799999899e+05 4.045647999999999911e+01 7.748000000000000220e+00 4.999248000000000047e+01 7.823763520000000426e+03 -5.382595199999999750e+03
5.266255999999999915e+01 5.678688000000000358e+01 1.167754720000000088e+04 -1.367779471999999987e+04 3.997968000000000188e+01 4.307887999999999806e+01 -2.715073231999999916e+04 -2.553821856000000116e+04
-2.610241599999999835e+03 2.753519999999999968e+01 3.750032000000000210e+01 -1.365546379200000083e+05 -1.385685457600000082e+05 -1.367354881600000081e+05 4.560591999999999757e+01 1.249216000000000015e+01
5.416447999999999752e+01 7.591538080000000264e+03 -5.636824959999999919e+03 5.497503999999999991e+01 6.274687999999999732e+01 1.141211263999999937e+04 -1.366618463999999949e+04 4.732240000000000180e+01
4.689327999999999719e+01 -2.754785903999999937e+04 -2.596290432000000146e+04 -2.930031359999999950e+03 3.170720000000000027e+01 4.245904000000000167e+01 -1.345864075200000079e+05 -1.365739244799999869e+05
-1.347636579199999978e+05 5.185199999999999676e+01 1.044191999999999965e+01 5.960000000000000142e+01 7.184136319999999614e+03 -6.085827519999999822e+03 5.967152000000000100e+01 6.718112000000000705e+01
5.926624000000000336e+01 1.478080000000000060e+00 6.362895999999999930e+01 6.665473280000000159e+03 -6.659036479999999756e+03 6.477327999999999975e+01 7.075712000000000046e+01 1.031544880000000012e+04
-1.422423135999999977e+04 5.907551999999999737e+01 6.157871999999999701e+01 -2.877035039999999935e+04 -2.731127088000000003e+04 -4.002926719999999932e+03 4.293583999999999889e+01 5.504655999999999949e+01
-1.307494310399999958e+05 -1.326871223999999929e+05 -1.309235107200000057e+05 6.513088000000000477e+01 -6.365280000000000271e+00 6.601296000000000674e+01 6.100107680000000073e+03 -7.286576799999999821e+03
6.877840000000000487e+01 7.283119999999999550e+01 9.638178239999999278e+03 -1.459532480000000032e+04 6.298528000000000304e+01 6.725263999999999953e+01 -2.946788495999999941e+04 -2.809079119999999966e+04
-4.641218880000000354e+03 4.782303999999999888e+01 5.747823999999999955e+01 -1.288734137599999958e+05 -1.307875035199999984e+05 -1.290454193599999999e+05 6.641823999999999728e+01 -9.869759999999999422e+00
6.629904000000000508e+01 5.525492159999999785e+03 -7.925178880000000390e+03 7.068559999999999377e+01 7.159152000000000271e+01 8.950465759999999136e+03 -1.493034831999999915e+04 6.603679999999999950e+01
7.180607999999999436e+01 -3.015531135999999969e+04 -2.886165759999999864e+04 -5.285876320000000305e+03 4.899119999999999919e+01 5.361616000000000071e+01 -1.270227622399999964e+05 -1.289124159999999974e+05
-1.271921454400000075e+05 6.677584000000000231e+01 -5.578560000000000407e+00 6.675199999999999534e+01 5.046093600000000151e+03 -8.457955200000000332e+03 7.125776000000000465e+01 6.796783999999999537e+01
6.613215999999999894e+01 3.337600000000000122e+00 6.463024000000000058e+01 4.736936480000000302e+03 -8.807378080000000409e+03 6.884991999999999734e+01 6.238927999999999940e+01 8.008761919999999918e+03
-1.503796207999999933e+04 6.474944000000000699e+01 7.109087999999999852e+01 -3.112629072000000087e+04 -2.996022864000000118e+04 -6.226912640000000465e+03 4.891967999999999961e+01 5.039775999999999812e+01
-1.233741217599999945e+05 -1.252144028799999942e+05 -1.235350179199999984e+05 6.629904000000000508e+01 1.644960000000000022e+01 6.429648000000000252e+01 4.545334399999999732e+03 -9.042416639999999461e+03
6.982735999999999876e+01 6.489248000000000616e+01 7.788861759999999776e+03 -1.483801599999999962e+04 6.651359999999999673e+01 6.949360000000000070e+01 -3.141656655999999930e+04 -3.027002943999999843e+04
-6.491631999999999607e+03 5.151823999999999870e+01 5.287711999999999790e+01 -1.215709356799999950e+05 -1.233901660799999954e+05 -1.217301153599999961e+05 6.906448000000000320e+01 2.925168000000000035e+01
6.689503999999999451e+01 4.412736319999999978e+03 -9.224888000000000829e+03 7.337951999999999941e+01 7.144848000000000354e+01 7.652067839999999705e+03 -1.459868624000000091e+04 7.213984000000000663e+01
7.104319999999999879e+01 -3.166393040000000110e+04 -3.051362656000000061e+04 -6.690695999999999913e+03 5.557104000000000354e+01 6.067280000000000229e+01 -1.197888241600000038e+05 -1.215843099199999997e+05
-1.199451907199999987e+05 6.703807999999999367e+01 3.194559999999999889e+01 6.403423999999999694e+01 4.296611679999999978e+03 -9.385831840000000739e+03 7.035183999999999571e+01 6.982735999999999876e+01
6.036287999999999698e+01 2.088383999999999929e+01 5.878943999999999903e+01 4.091492319999999836e+03 -9.636771679999999833e+03 6.589376000000000033e+01 6.370047999999999888e+01 7.308533440000000155e+03
-1.434870000000000073e+04 6.663280000000000314e+01 6.279455999999999705e+01 -3.224457744000000093e+04 -3.110931664000000092e+04 -7.163300159999999778e+03 5.094608000000000203e+01 5.790735999999999706e+01
-1.163001500800000067e+05 -1.180481704000000027e+05 -1.164495315200000041e+05 5.909935999999999723e+01 1.740320000000000089e+00 5.540415999999999741e+01 3.728266079999999874e+03 -1.005180224000000089e+04
6.465407999999999333e+01 5.845568000000000097e+01 6.878626720000000205e+03 -1.453393679999999949e+04 6.637055999999999756e+01 6.417727999999999611e+01 -3.274054479999999967e+04 -3.165386992000000100e+04
-7.603672639999999774e+03 5.075536000000000314e+01 4.772767999999999944e+01 -1.146031950400000060e+05 -1.163299500799999951e+05 -1.147519089600000007e+05 6.100656000000000034e+01 -1.039423999999999992e+01
5.380687999999999960e+01 3.259500160000000051e+03 -1.057752191999999923e+04 6.517856000000000449e+01 5.380687999999999960e+01 6.315549759999999878e+03 -1.484733743999999933e+04 6.660895999999999617e+01
6.494016000000000588e+01 -3.333361248000000342e+04 -3.231850528000000122e+04 -8.148750399999999900e+03 5.101760000000000161e+01 3.909759999999999991e+01 -1.129341328000000067e+05 -1.146404092800000071e+05
-1.130827752000000037e+05 5.893247999999999820e+01 -1.518608000000000047e+01 5.099376000000000175e+01 2.738500799999999799e+03 -1.116265087999999923e+04 6.453488000000000113e+01 5.051695999999999742e+01
5.731136000000000053e+01 -2.159903999999999868e+01 4.856208000000000169e+01 2.204937759999999798e+03 -1.177052319999999963e+04 6.243695999999999913e+01 5.077920000000000300e+01 5.048859040000000277e+03
-1.549187567999999919e+04 6.179328000000000287e+01 6.310448000000000235e+01 -3.457810816000000341e+04 -3.372058335999999690e+04 -9.327352319999999963e+03 4.653567999999999927e+01 3.633216000000000179e+01
-1.096647628799999948e+05 -1.113270307199999952e+05 -1.098091617600000027e+05 5.902783999999999764e+01 -2.171824000000000154e+01 5.046927999999999770e+01 1.762586559999999963e+03 -1.228146207999999933e+04
6.348592000000000013e+01 5.271023999999999887e+01 4.522352640000000065e+03 -1.562423536000000058e+04 6.343824000000000041e+01 6.396271999999999736e+01 -3.507407551999999851e+04 -3.428859520000000339e+04
-9.821007200000000012e+03 4.636880000000000024e+01 3.933599999999999852e+01 -1.080548953599999950e+05 -1.096966369600000035e+05 -1.081969579200000007e+05 6.267535999999999774e+01 -1.194383999999999979e+01
5.254335999999999984e+01 1.493623679999999922e+03 -1.259317007999999987e+04 6.570304000000000144e+01 5.461744000000000199e+01 4.207736160000000382e+03 -1.551209200000000055e+04 6.701424000000000092e+01
6.503552000000000533e+01 -3.538788143999999738e+04 -3.465472991999999795e+04 -1.015181104000000050e+04 5.125600000000000023e+01 4.236368000000000222e+01 -1.064563995200000063e+05 -1.080779009599999990e+05
-1.065976276800000051e+05 6.455871999999999389e+01 -1.954879999999999951e+00 5.380687999999999960e+01 1.353420640000000049e+03 -1.276207647999999972e+04 6.656127999999999645e+01 5.659615999999999758e+01
6.465407999999999333e+01 6.293759999999999799e+00 5.695376000000000261e+01 1.282091359999999895e+03 -1.286499375999999938e+04 6.732416000000000622e+01 5.929008000000000322e+01 3.994797280000000228e+03
-1.494806143999999949e+04 7.042336000000000240e+01 7.039951999999999543e+01 -3.572919872000000032e+04 -3.500687056000000302e+04 -1.048344928000000073e+04 5.304399999999999693e+01 4.744160000000000110e+01
-1.033005318399999960e+05 -1.048830787200000050e+05 -1.034386846400000068e+05 6.491631999999999891e+01 1.253983999999999988e+01 5.938544000000000267e+01 1.238440319999999929e+03 -1.293560784000000058e+04
6.818240000000000123e+01 6.227008000000000010e+01 3.965068800000000010e+03 -1.465702272000000085e+04 7.051872000000000185e+01 7.035183999999999571e+01 -3.585321439999999711e+04 -3.512309055999999691e+04
-1.058586592000000019e+04 5.342544000000000182e+01 4.727472000000000207e+01 -1.017469744000000064e+05 -1.033105923199999961e+05 -1.018816465599999938e+05 6.401040000000000418e+01 1.265903999999999918e+01
5.931392000000000309e+01 1.105627680000000055e+03 -1.309733840000000055e+04 6.992271999999999821e+01 6.410576000000000363e+01 3.826486879999999928e+03 -1.452161152000000038e+04 6.908831999999999596e+01
6.906448000000000320e+01 -3.606148064000000159e+04 -3.534878384000000369e+04 -1.077510784000000058e+04 5.466512000000000171e+01 4.877664000000000044e+01 -1.002223825599999982e+05 -1.017629948799999984e+05
-1.003541939200000052e+05 6.253231999999999857e+01 6.746719999999999828e+00 5.819344000000000250e+01 8.107984000000000151e+02 -1.343979999999999927e+04 7.070944000000000074e+01 6.446335999999999444e+01
5.795503999999999678e+01 -3.099199999999999733e-01 5.502271999999999963e+01 4.151259200000000078e+02 -1.389068591999999990e+04 6.684735999999999478e+01 6.167408000000000357e+01 3.022172959999999875e+03
-1.481594016000000011e+04 6.100656000000000034e+01 6.122111999999999910e+01 -3.686331519999999728e+04 -3.626679071999999724e+04 -1.155875247999999920e+04 5.077920000000000300e+01 4.572511999999999688e+01
-9.725563760000000184e+04 -9.875762911999999778e+04 -9.738592320000000473e+04 5.423599999999999710e+01 -2.550879999999999814e+00 5.449824000000000268e+01 -1.108559999999999945e+01 -1.437206320000000051e+04
6.389119999999999777e+01 6.160255999999999688e+01 2.520031039999999848e+03 -1.503073855999999978e+04 5.814576000000000278e+01 5.805040000000000333e+01 -3.732862432000000263e+04 -3.680483567999999650e+04
-1.203529024000000027e+04 5.213808000000000220e+01 4.520063999999999993e+01 -9.580766752000000270e+04 -9.729027711999999883e+04 -9.593471087999999872e+04 5.650079999999999814e+01 -1.048960000000000115e+00
5.874175999999999931e+01 -4.349369599999999991e+02 -1.484783807999999954e+04 6.610832000000000619e+01 6.620368000000000563e+01 2.025041120000000092e+03 -1.519351807999999983e+04 6.052976000000000312e+01
6.017215999999999809e+01 -3.776911600000000180e+04 -3.731577455999999802e+04 -1.250546271999999954e+04 5.404527999999999821e+01 4.744160000000000110e+01 -9.437752976000000490e+04 -9.584209248000000662e+04
-9.450271360000000277e+04 6.196016000000000190e+01 7.676479999999999748e+00 6.582223999999999364e+01 -7.553704000000000178e+02 -1.521263775999999962e+04 7.097168000000000632e+01 7.156767999999999574e+01
6.370047999999999888e+01 2.012096000000000018e+01 6.734799999999999898e+01 -9.087331199999999853e+02 -1.539928111999999965e+04 7.211599999999999966e+01 7.318880000000000052e+01 1.495006399999999985e+03
-1.491842832000000089e+04 6.572687999999999420e+01 6.627519999999999811e+01 -3.819892736000000150e+04 -3.783553424000000086e+04 -1.305871759999999995e+04 5.735904000000000025e+01 5.418831999999999738e+01
-9.154719727999999304e+04 -9.297559471999999369e+04 -9.166818528000000515e+04 6.246079999999999899e+01 2.503200000000000003e+01 6.486863999999999919e+01 -9.458519999999999754e+02 -1.546465040000000045e+04
6.894527999999999679e+01 6.989888000000000545e+01 1.489690080000000080e+03 -1.452809599999999955e+04 6.124495999999999896e+01 6.248463999999999885e+01 -3.820712832000000344e+04 -3.784371136000000115e+04
-1.312592256000000089e+04 5.406911999999999807e+01 5.516575999999999880e+01 -9.014554832000000170e+04 -9.155465919999999460e+04 -9.026441456000000471e+04 6.007679999999999865e+01 2.620016000000000034e+01
6.381967999999999819e+01 -9.165288000000000466e+02 -1.546727280000000064e+04 6.665663999999999589e+01 6.734799999999999898e+01 1.575180319999999938e+03 -1.410100239999999940e+04 5.859872000000000014e+01
6.060128000000000270e+01 -3.816126015999999800e+04 -3.777931951999999728e+04 -1.312337168000000020e+04 5.251951999999999998e+01 5.733520000000000039e+01 -8.875820335999999952e+04 -9.014957727999999770e+04
-8.887547232000000076e+04 5.538031999999999755e+01 2.743984000000000023e+01 5.983840000000000003e+01 -8.600756800000000339e+02 -1.543482655999999952e+04 6.539311999999999614e+01 6.434416000000000224e+01
5.054079999999999728e+01 2.343471999999999866e+01 5.616704000000000008e+01 -8.811740800000000036e+02 -1.547914511999999922e+04 6.389119999999999777e+01 6.103040000000000020e+01 1.704726879999999937e+03
-1.344866848000000027e+04 4.794223999999999819e+01 5.185199999999999676e+01 -3.812497568000000319e+04 -3.771721631999999954e+04 -1.316599760000000060e+04 4.539135999999999882e+01 5.464128000000000185e+01
-8.603696271999999590e+04 -8.739109855999999854e+04 -8.614982128000000375e+04 5.163743999999999801e+01 1.544832000000000072e+01 5.723984000000000094e+01 -1.055444480000000112e+03 -1.568409759999999915e+04
6.453488000000000113e+01 6.269919999999999760e+01 1.530861760000000004e+03 -1.342480464000000029e+04 4.770383999999999958e+01 5.449824000000000268e+01 -3.829545552000000316e+04 -3.791642336000000068e+04
-1.338146351999999933e+04 4.748928000000000083e+01 5.311552000000000362e+01 -8.471400960000000487e+04 -8.605267328000000271e+04 -8.482610528000000340e+04 5.569024000000000285e+01 1.177696000000000076e+01
5.957616000000000156e+01 -1.332417599999999993e+03 -1.599151440000000002e+04 6.744335999999999842e+01 6.508320000000000505e+01 1.231502880000000005e+03 -1.351985471999999936e+04 5.096992000000000189e+01
5.762127999999999872e+01 -3.855342816000000312e+04 -3.822441232000000309e+04 -1.369684288000000015e+04 4.980176000000000158e+01 5.318704000000000320e+01 -8.341351376000000164e+04 -8.473510800000000745e+04
-8.352503728000000410e+04 5.526111999999999824e+01 9.535999999999999588e+00 5.974304000000000059e+01 -1.649322720000000118e+03 -1.634684959999999955e+04 6.820623999999999398e+01 6.286608000000000374e+01
5.619087999999999994e+01 5.936160000000000103e+00 6.057744000000000284e+01 -1.965345759999999927e+03 -1.671036191999999937e+04 6.775328000000000372e+01 6.174560000000000315e+01 5.453876800000000458e+02
-1.368916640000000007e+04 5.294863999999999749e+01 5.750207999999999942e+01 -3.908269999999999709e+04 -3.886229920000000129e+04 -1.437735568000000058e+04 4.717936000000000263e+01 5.244800000000000040e+01
-8.086785472000000300e+04 -8.215521472000000358e+04 -8.097396656000000075e+04 5.805040000000000333e+01 8.773120000000000474e+00 6.072048000000000201e+01 -2.181336159999999836e+03 -1.696571215999999913e+04
6.520239999999999725e+01 6.224624000000000024e+01 3.293019199999999955e+02 -1.357866799999999967e+04 5.554720000000000368e+01 5.812192000000000291e+01 -3.920878975999999966e+04 -3.902555552000000171e+04
-1.460223840000000018e+04 4.763231999999999999e+01 5.349696000000000140e+01 -7.961491968000000634e+04 -8.088470960000000196e+04 -7.971879055999999400e+04 5.783583999999999747e+01 2.062160000000000082e+01
5.895631999999999806e+01 -2.217906719999999950e+03 -1.701670592000000033e+04 6.234159999999999968e+01 6.260383999999999816e+01 3.337599999999999909e+02 -1.322602671999999984e+04 5.690608000000000288e+01
5.578560000000000230e+01 -3.914611439999999857e+04 -3.897515776000000187e+04 -1.465034751999999935e+04 4.880048000000000030e+01 5.464128000000000185e+01 -7.836429712000000291e+04 -7.961692223999999987e+04
-7.846728591999999480e+04 6.124495999999999896e+01 3.239856000000000336e+01 6.110191999999999979e+01 -2.119519040000000132e+03 -1.691984400000000096e+04 6.398655999999999722e+01 6.577455999999999392e+01
6.002911999999999892e+01 3.802479999999999905e+01 6.138799999999999812e+01 -1.952424479999999903e+03 -1.675289247999999861e+04 6.291376000000000346e+01 6.558383999999999503e+01 7.877928000000000566e+02
-1.215961584000000039e+04 6.248463999999999885e+01 5.998143999999999920e+01 -3.869687344000000303e+04 -3.845766288000000350e+04 -1.437811856000000080e+04 4.598736000000000246e+01 5.893247999999999820e+01
-7.588355439999999362e+04 -7.710132544000000053e+04 -7.598210895999999775e+04 5.235264000000000095e+01 4.021808000000000050e+01 5.702528000000000219e+01 -1.750785759999999982e+03 -1.654119327999999950e+04
5.757359999999999900e+01 6.279455999999999705e+01 1.102313920000000053e+03 -1.162469391999999971e+04 5.766895999999999844e+01 5.380687999999999960e+01 -3.842259423999999854e+04 -3.813074496000000363e+04
-1.417128271999999924e+04 3.759568000000000154e+01 5.642927999999999855e+01 -7.466363775999999780e+04 -7.586634192000000621e+04 -7.476169168000000354e+04 4.796607999999999805e+01 3.833471999999999724e+01
5.454592000000000240e+01 -1.619880319999999983e+03 -1.640289744000000064e+04 5.325856000000000279e+01 6.229391999999999996e+01 1.325790079999999989e+03 -1.124146592000000055e+04 5.256719999999999970e+01
4.927727999999999753e+01 -3.822193295999999827e+04 -3.790068895999999950e+04 -1.403751648000000023e+04 3.330447999999999809e+01 5.673919999999999675e+01 -7.346701279999999679e+04 -7.465467392000000109e+04
-7.356363632000000507e+04 4.579664000000000357e+01 3.294688000000000017e+01 5.352080000000000126e+01 -1.645126880000000028e+03 -1.642943135999999868e+04 5.130367999999999995e+01 6.234159999999999968e+01
4.295967999999999876e+01 2.562800000000000011e+01 5.192352000000000345e+01 -1.764088480000000118e+03 -1.655394768000000113e+04 4.980176000000000158e+01 5.957616000000000156e+01 1.279182880000000068e+03
-1.102514176000000043e+04 4.887199999999999989e+01 4.746544000000000096e+01 -3.817384767999999895e+04 -3.785772927999999956e+04 -1.413549887999999919e+04 3.323295999999999850e+01 5.254335999999999984e+01
-7.113746335999999428e+04 -7.229687407999999414e+04 -7.123198896000000241e+04 4.160079999999999956e+01 1.671183999999999870e+01 4.868128000000000100e+01 -1.906913919999999962e+03 -1.670313839999999982e+04
4.803759999999999764e+01 5.511807999999999907e+01 1.161937760000000026e+03 -1.098432768000000033e+04 4.503376000000000090e+01 4.646415999999999968e+01 -3.819814063999999780e+04 -3.789234496000000217e+04
-1.423910751999999957e+04 3.390048000000000172e+01 4.815679999999999694e+01 -6.999865039999999863e+04 -7.114268432000000030e+04 -7.009136415999999736e+04 4.560591999999999757e+01 1.895279999999999987e+01
5.182815999999999690e+01 -2.039106719999999996e+03 -1.683680928000000131e+04 5.006400000000000006e+01 6.281839999999999691e+01 1.060593920000000026e+03 -1.089430783999999949e+04 4.503376000000000090e+01
4.672639999999999816e+01 -3.819208527999999933e+04 -3.789072383999999875e+04 -1.432290511999999944e+04 3.573615999999999815e+01 5.316320000000000334e+01 -6.887349775999999838e+04 -7.000282240000000456e+04
-6.896416128000000026e+04 5.011167999999999978e+01 3.127807999999999922e+01 5.652463999999999800e+01 -2.061945439999999962e+03 -1.685349727999999959e+04 5.261487999999999943e+01 7.123391999999999769e+01
4.684559999999999746e+01 3.528320000000000078e+01 4.942031999999999670e+01 -1.912921599999999899e+03 -1.668480544000000009e+04 4.784687999999999874e+01 5.971920000000000073e+01 1.334324800000000096e+03
-1.012537248000000000e+04 4.670255999999999830e+01 4.379408000000000101e+01 -3.771676335999999719e+04 -3.736788880000000063e+04 -1.407704320000000007e+04 3.602224000000000359e+01 5.588096000000000174e+01
-6.663814015999999538e+04 -6.774133616000000620e+04 -6.672575216000000364e+04 3.897840000000000060e+01 3.006223999999999918e+01 3.888304000000000116e+01 -1.643291200000000117e+03 -1.639100128000000041e+04
4.081407999999999703e+01 4.367488000000000170e+01 1.733215680000000020e+03 -9.498690399999999499e+03 3.888304000000000116e+01 3.609376000000000317e+01 -3.727407839999999851e+04 -3.685535263999999734e+04
-1.373191151999999965e+04 2.770207999999999871e+01 4.162463999999999942e+01 -6.552695775999999751e+04 -6.661468159999999625e+04 -6.561333007999999973e+04 3.111120000000000019e+01 2.276719999999999899e+01
3.118271999999999977e+01 -1.310580159999999978e+03 -1.603661967999999979e+04 3.587919999999999732e+01 3.163568000000000069e+01 2.216500160000000051e+03 -8.839252160000000003e+03 3.187407999999999930e+01
2.994303999999999988e+01 -3.678004207999999926e+04 -3.626793503999999666e+04 -1.331268512000000010e+04 2.150367999999999924e+01 2.913248000000000104e+01 -6.442171151999999711e+04 -6.549460687999999936e+04
-6.450660575999999855e+04 2.579487999999999914e+01 2.031167999999999907e+01 2.641471999999999909e+01 -9.434918400000000247e+02 -1.563999359999999979e+04 3.108736000000000033e+01 2.324399999999999977e+01
2.507967999999999975e+01 1.714095999999999975e+01 2.419760000000000133e+01 -6.487340799999999490e+02 -1.531741455999999926e+04 2.891791999999999874e+01 2.000176000000000087e+01 3.166834080000000085e+03
-7.734744959999999992e+03 2.403071999999999875e+01 2.424528000000000105e+01 -3.582329520000000048e+04 -3.514111359999999695e+04 -1.248944224000000031e+04 1.702176000000000045e+01 1.935808000000000106e+01
-6.225880367999999726e+04 -6.330666704000000027e+04 -6.234221983999999793e+04 2.717760000000000176e+01 1.239680000000000071e+01 2.400687999999999889e+01 -5.161359999999999673e+02 -1.516881984000000011e+04
3.163568000000000069e+01 2.035935999999999879e+01 3.389714239999999791e+03 -7.509552319999999781e+03 2.522271999999999892e+01 2.510351999999999961e+01 -3.554102960000000166e+04 -3.481607903999999689e+04
-1.227526368000000002e+04 1.880976000000000070e+01 2.024015999999999948e+01 -6.121177472000000125e+04 -6.224581087999999727e+04 -6.129461871999999858e+04 3.044368000000000052e+01 1.079951999999999934e+01
2.724912000000000134e+01 -4.877902399999999830e+02 -1.513518159999999989e+04 3.487792000000000314e+01 2.455519999999999925e+01 3.477898400000000038e+03 -7.427256639999999607e+03 2.741600000000000037e+01
2.875103999999999971e+01 -3.536041775999999663e+04 -3.461124575999999797e+04 -1.216374015999999938e+04 2.400687999999999889e+01 2.472208000000000183e+01 -6.018443759999999747e+04 -6.120340688000000227e+04
-6.026477840000000288e+04 3.247008000000000294e+01 9.369120000000000559e+00 2.822655999999999921e+01 -5.009260800000000131e+02 -1.515303775999999925e+04 3.509248000000000189e+01 2.679616000000000042e+01
3.301839999999999975e+01 7.509599999999999831e+00 2.810735999999999990e+01 -5.259580799999999954e+02 -1.519444784000000072e+04 3.561695999999999884e+01 2.782128000000000156e+01 3.539214879999999994e+03
-7.309963840000000346e+03 2.994303999999999988e+01 3.254160000000000252e+01 -3.505414527999999700e+04 -3.427200256000000081e+04 -1.203142815999999948e+04 2.558032000000000039e+01 2.600944000000000145e+01
-5.817033903999999893e+04 -5.916279824000000372e+04 -5.824824816000000283e+04 3.318527999999999878e+01 1.115712000000000081e+01 2.977616000000000085e+01 -4.630681599999999776e+02 -1.514459840000000077e+04
3.704735999999999763e+01 3.101584000000000074e+01 3.670811679999999797e+03 -7.088728640000000269e+03 3.194559999999999889e+01 3.487792000000000314e+01 -3.478341823999999906e+04 -3.397314431999999942e+04
-1.187475167999999940e+04 2.572335999999999956e+01 2.925168000000000035e+01 -5.717461376000000018e+04 -5.815400864000000001e+04 -5.725097327999999834e+04 3.099200000000000088e+01 1.907199999999999918e+01
2.732064000000000092e+01 -2.333459200000000067e+02 -1.490131120000000010e+04 3.390048000000000172e+01 2.958543999999999841e+01 4.006407360000000153e+03 -6.650001119999999901e+03 3.010991999999999891e+01
3.308991999999999933e+01 -3.434082863999999972e+04 -3.347994239999999991e+04 -1.156125568000000021e+04 2.033551999999999893e+01 3.015759999999999863e+01 -5.618313199999999779e+04 -5.715008239999999932e+04
-5.625686912000000302e+04 2.789280000000000115e+01 2.395919999999999916e+01 2.443599999999999994e+01 1.149326400000000064e+02 -1.453033696000000054e+04 2.968080000000000140e+01 2.720144000000000162e+01
2.324399999999999977e+01 2.610480000000000089e+01 2.140831999999999979e+01 5.172803199999999606e+02 -1.411072911999999997e+04 2.522271999999999892e+01 2.534192000000000178e+01 5.054056160000000091e+03
-5.506110239999999976e+03 2.684384000000000015e+01 2.407839999999999847e+01 -3.320540095999999903e+04 -3.216819408000000112e+04 -1.062467743999999948e+04 1.768928000000000011e+01 2.569951999999999970e+01
-5.421745247999999992e+04 -5.516187408000000141e+04 -5.429011680000000342e+04 1.644960000000000022e+01 2.672464000000000084e+01 1.582976000000000028e+01 9.313096000000000458e+02 -1.367922511999999915e+04
1.804688000000000159e+01 2.043087999999999838e+01 5.628814720000000307e+03 -4.969662559999999758e+03 1.971567999999999898e+01 1.840447999999999951e+01 -3.261955679999999847e+04 -3.148770511999999871e+04
-1.011893568000000050e+04 1.318351999999999968e+01 1.728399999999999892e+01 -5.325119344000000274e+04 -5.418212159999999858e+04 -5.332216511999999784e+04 1.659263999999999939e+01 2.677232000000000056e+01
1.594895999999999958e+01 1.255390560000000050e+03 -1.334284272000000055e+04 1.733167999999999864e+01 1.790383999999999887e+01 6.087329440000000432e+03 -4.607127679999999600e+03 2.064544000000000068e+01
1.840447999999999951e+01 -3.212716544000000067e+04 -3.092541488000000027e+04 -9.712702080000000933e+03 1.196767999999999965e+01 1.513840000000000074e+01 -5.230245679999999993e+04 -5.322110736000000179e+04
-5.237152128000000084e+04 1.809456000000000131e+01 1.962031999999999954e+01 1.680720000000000169e+01 1.406536160000000109e+03 -1.319515392000000065e+04 1.733167999999999864e+01 1.635424000000000078e+01
1.897663999999999973e+01 1.490000000000000036e+01 1.635424000000000078e+01 1.447421759999999949e+03 -1.316723727999999937e+04 1.647344000000000008e+01 1.695024000000000086e+01 6.431722080000000460e+03
-4.520397759999999835e+03 1.954879999999999995e+01 1.654495999999999967e+01 -3.158282672000000093e+04 -3.033029695999999967e+04 -9.354839840000000549e+03 4.481919999999999682e+00 1.237296000000000085e+01
-5.046370143999999709e+04 -5.136032383999999729e+04 -5.053126400000000285e+04 2.374464000000000041e+01 1.792767999999999873e+01 1.997792000000000101e+01 1.450830879999999979e+03 -1.317810831999999937e+04
1.959647999999999968e+01 2.093151999999999902e+01 6.487865279999999984e+03 -4.575253600000000006e+03 2.267183999999999955e+01 1.790383999999999887e+01 -3.139813824000000022e+04 -3.013790815999999904e+04
-9.275500319999999192e+03 6.055360000000000298e+00 1.518608000000000047e+01 -4.956986832000000140e+04 -5.045354559999999765e+04 -4.963683488000000216e+04 2.469823999999999842e+01 1.654495999999999967e+01
2.102687999999999846e+01 1.440508160000000089e+03 -1.320552432000000044e+04 2.043087999999999838e+01 2.081231999999999971e+01 6.529060800000000199e+03 -4.610489120000000185e+03 2.100303999999999860e+01
1.609199999999999875e+01 -3.120954000000000087e+04 -2.994559087999999974e+04 -9.213087199999999939e+03 9.917439999999999145e+00 1.616351999999999833e+01 -4.869031536000000051e+04 -4.956126208000000042e+04
-4.875561312000000180e+04 2.250496000000000052e+01 1.752240000000000109e+01 1.940576000000000079e+01 1.512886400000000094e+03 -1.314387407999999959e+04 1.952496000000000009e+01 1.859519999999999840e+01
1.847599999999999909e+01 2.212351999999999919e+01 1.640192000000000050e+01 1.744086720000000014e+03 -1.290990832000000046e+04 1.666415999999999897e+01 1.613967999999999847e+01 7.011153280000000450e+03
-4.146920320000000174e+03 1.466159999999999997e+01 1.161007999999999996e+01 -3.044398991999999998e+04 -2.913147871999999916e+04 -8.763822400000000926e+03 6.269919999999999938e+00 1.144320000000000093e+01
-4.694038784000000305e+04 -4.779064143999999942e+04 -4.700303936000000249e+04 1.032272000000000034e+01 2.109840000000000160e+01 8.320159999999999556e+00 2.085785440000000108e+03 -1.255695712000000094e+04
9.273759999999999337e+00 9.488319999999999865e+00 7.494223200000000361e+03 -3.683160800000000108e+03 9.726720000000000255e+00 6.341440000000000410e+00 -2.988079376000000047e+04 -2.850024320000000080e+04
-8.351891040000000430e+03 -3.051520000000000010e+00 4.624959999999999738e+00 -4.606903583999999682e+04 -4.690779856000000291e+04 -4.613082912000000215e+04 3.051520000000000010e+00 1.895279999999999987e+01
1.597280000000000033e+00 2.477548159999999825e+03 -1.215627823999999964e+04 1.954879999999999951e+00 3.242239999999999789e+00 8.038490399999999681e+03 -3.201974240000000009e+03 3.289919999999999956e+00
2.312479999999999869e+00 -2.928949023999999918e+04 -2.782428384000000005e+04 -7.893471679999999651e+03 -1.211072000000000060e+01 1.072799999999999976e+00 -4.520481199999999808e+04 -4.603236991999999736e+04
-4.526500800000000163e+04 -8.582400000000000029e-01 1.809456000000000131e+01 -1.859520000000000062e+00 2.883948640000000069e+03 -1.173638431999999921e+04 -1.835679999999999978e+00 -3.337600000000000011e-01
-2.384000000000000008e-02 1.354111999999999938e+01 -1.907200000000000006e+00 3.198469759999999951e+03 -1.140639104000000043e+04 -2.360160000000000036e+00 -2.384000000000000008e-02 9.036885759999999209e+03
-2.472017280000000028e+03 7.152000000000000579e-01 -2.527039999999999953e+00 -2.820379279999999926e+04 -2.660136335999999937e+04 -7.056306239999999889e+03 -1.017967999999999940e+01 8.105599999999999472e-01
-4.350590207999999984e+04 -4.431221856000000116e+04 -4.356359487999999692e+04 6.055360000000000298e+00 9.154560000000000031e+00 4.505760000000000431e+00 3.342940160000000105e+03 -1.126087168000000020e+04
1.716480000000000006e+00 7.938719999999999999e+00 9.266727199999999357e+03 -2.437806880000000092e+03 6.603679999999999772e+00 2.145600000000000007e-01 -2.787968799999999828e+04 -2.625639856000000145e+04
-6.854357600000000275e+03 -3.742879999999999985e+00 7.795679999999999943e+00 -4.268911983999999939e+04 -4.348508976000000257e+04 -4.274466704000000027e+04 7.581120000000000303e+00 3.862080000000000179e+00
7.247360000000000468e+00 3.365969599999999900e+03 -1.124482735999999932e+04 3.671359999999999957e+00 1.213456000000000046e+01 9.349785760000000664e+03 -2.550641599999999926e+03 7.771840000000000082e+00
4.291200000000000014e-01 -2.767089728000000105e+04 -2.605039712000000145e+04 -6.775208800000000338e+03 -1.907200000000000006e+00 9.154560000000000031e+00 -4.189088511999999901e+04 -4.267593632000000071e+04
-4.194695679999999993e+04 6.770559999999999690e+00 -1.430400000000000116e+00 9.416800000000000281e+00 3.330686400000000049e+03 -1.129031408000000010e+04 4.624959999999999738e+00 1.346959999999999980e+01
1.132399999999999984e+01 -2.407840000000000202e+00 1.525760000000000005e+01 3.286749279999999999e+03 -1.133904304000000047e+04 1.196767999999999965e+01 1.854751999999999867e+01 9.363016960000000836e+03
-2.816433759999999893e+03 9.679040000000000532e+00 7.247360000000000468e+00 -2.735437359999999899e+04 -2.574956016000000091e+04 -6.736707199999999830e+03 6.198399999999999466e-01 1.296895999999999916e+01
-4.033112928000000102e+04 -4.109553504000000248e+04 -4.038615200000000186e+04 1.308816000000000024e+01 1.788000000000000034e+00 1.728399999999999892e+01 3.320554399999999987e+03 -1.128988495999999941e+04
1.537679999999999936e+01 2.224271999999999849e+01 9.458901439999999639e+03 -2.791950080000000071e+03 9.512159999999999727e+00 7.104320000000000412e+00 -2.710681903999999849e+04 -2.550284000000000015e+04
-6.647497919999999795e+03 1.430400000000000005e-01 1.995408000000000115e+01 -3.956360048000000097e+04 -4.031720672000000195e+04 -3.961685904000000301e+04 6.436799999999999855e+00 7.271200000000000330e+00
1.284975999999999985e+01 3.504336960000000090e+03 -1.107134367999999995e+04 1.058496000000000059e+01 1.821376000000000062e+01 9.737376480000000811e+03 -2.558866399999999885e+03 3.719040000000000123e+00
6.436800000000000299e-01 -2.670928703999999925e+04 -2.508504400000000169e+04 -6.413198400000000220e+03 -3.218399999999999928e+00 2.033551999999999893e+01 -3.879483200000000215e+04 -3.953787711999999738e+04
-3.884396624000000156e+04 -1.120479999999999920e+00 5.983839999999999826e+00 5.006400000000000183e+00 3.796686880000000201e+03 -1.073786975999999959e+04 5.912320000000000242e+00 8.272479999999999833e+00
-4.195840000000000458e+00 6.222240000000000215e+00 1.549600000000000088e+00 4.133569919999999911e+03 -1.036110239999999976e+04 3.099200000000000177e+00 4.744159999999999933e+00 1.061781151999999929e+04
-1.826620799999999917e+03 -3.051520000000000010e+00 -5.745440000000000325e+00 -2.571196447999999873e+04 -2.396766319999999905e+04 -5.672561120000000301e+03 -8.343999999999999417e+00 5.721600000000000463e+00
-3.726804688000000169e+04 -3.799187696000000142e+04 -3.731665664000000106e+04 -5.793120000000000047e+00 9.273759999999999337e+00 6.913599999999999746e-01 4.477819520000000011e+03 -9.973058720000000903e+03
-8.582400000000000029e-01 2.979999999999999982e+00 1.108762639999999919e+04 -1.490786720000000059e+03 -3.790560000000000151e+00 -7.938719999999999999e+00 -2.521521039999999994e+04 -2.340623119999999835e+04
-5.279391840000000229e+03 -1.246832000000000029e+01 6.770559999999999690e+00 -3.651639551999999821e+04 -3.723071343999999954e+04 -3.656448079999999754e+04 -6.150719999999999743e+00 5.244799999999999685e+00
-4.052799999999999736e-01 4.719366399999999885e+03 -9.691222239999999147e+03 -2.455519999999999925e+00 -7.152000000000000024e-02 1.142489088000000083e+04 -1.333204320000000052e+03 -5.316320000000000157e+00
-8.296319999999999695e+00 -2.483913439999999900e+04 -2.298783919999999853e+04 -4.996387200000000121e+03 -1.506687999999999938e+01 4.243520000000000181e+00 -3.578262415999999939e+04 -3.648917023999999947e+04
-3.583032800000000134e+04 -1.931040000000000090e+00 -1.573439999999999950e+00 3.361439999999999984e+00 4.791792319999999563e+03 -9.585038880000000063e+03 1.478080000000000060e+00 2.097920000000000229e+00
4.052800000000000402e+00 -3.361439999999999984e+00 8.939999999999999503e+00 4.743683200000000397e+03 -9.598723040000000765e+03 6.436799999999999855e+00 6.913599999999999746e+00 1.152299248000000080e+04
-1.625053599999999960e+03 1.883359999999999923e+00 -5.721600000000000019e-01 -2.455105184000000008e+04 -2.271158127999999851e+04 -4.881788319999999658e+03 -7.318880000000000052e+00 4.601119999999999877e+00
-3.437003263999999763e+04 -3.505850800000000163e+04 -3.441482800000000134e+04 5.721600000000000463e+00 -3.814400000000000013e+00 1.220608000000000004e+01 4.636760800000000017e+03 -9.673556800000000294e+03
9.750560000000000116e+00 1.253983999999999988e+01 1.141807264000000032e+04 -1.879998559999999998e+03 4.624959999999999738e+00 1.811840000000000117e+00 -2.452318288000000030e+04 -2.270931648000000132e+04
-4.942055839999999989e+03 -3.838239999999999874e+00 8.510880000000000223e+00 -3.368401279999999679e+04 -3.436280911999999807e+04 -3.372990479999999661e+04 6.889759999999999884e+00 -6.031520000000000437e+00
1.401792000000000016e+01 4.506952000000000226e+03 -9.775520479999999225e+03 1.289743999999999957e+01 1.599663999999999930e+01 1.128065888000000086e+04 -2.121330879999999979e+03 7.748000000000000220e+00
7.390399999999999636e+00 -2.451789040000000023e+04 -2.272767327999999907e+04 -5.023064159999999902e+03 -6.436800000000000299e-01 1.163391999999999982e+01 -3.300976991999999882e+04 -3.367881567999999970e+04
-3.305561424000000261e+04 7.128160000000000274e+00 -2.193280000000000118e+00 1.232527999999999935e+01 4.449402240000000347e+03 -9.801172319999999672e+03 1.358880000000000088e+01 1.449472000000000094e+01
4.028959999999999653e+00 4.648799999999999599e+00 7.843359999999999665e+00 4.549959359999999833e+03 -9.652744479999999385e+03 9.535999999999999588e+00 9.345280000000000697e+00 1.137039264000000003e+04
-2.087287359999999808e+03 1.788000000000000034e+00 4.219680000000000319e+00 -2.418272383999999875e+04 -2.240383072000000175e+04 -4.884124639999999999e+03 -2.240959999999999841e+00 4.434239999999999959e+00
-3.167461072000000058e+04 -3.232475135999999839e+04 -3.171642608000000109e+04 2.574720000000000120e+00 5.363999999999999879e+00 3.671359999999999957e+00 4.753362240000000384e+03 -9.394533439999999246e+03
6.937439999999999607e+00 3.051520000000000010e+00 1.163840192000000025e+04 -1.843618719999999939e+03 -1.048960000000000115e+00 2.741600000000000037e+00 -2.386145599999999831e+04 -2.205135631999999896e+04
-4.640265279999999620e+03 5.483200000000000296e-01 7.390400000000000302e-01 -3.100988000000000102e+04 -3.165193888000000152e+04 -3.105047952000000078e+04 7.628800000000000026e-01 5.077919999999999767e+00
9.297600000000000309e-01 5.002895520000000033e+03 -9.086878240000000005e+03 6.508320000000000327e+00 0.000000000000000000e+00 1.196479536000000007e+04 -1.582666079999999965e+03 -8.105599999999999472e-01
2.002559999999999896e+00 -2.352283264000000054e+04 -2.166445695999999953e+04 -4.351562880000000405e+03 2.622399999999999842e+00 7.152000000000000579e-01 -3.034946431999999913e+04 -3.098232096000000092e+04
-3.038813279999999941e+04 -2.050240000000000062e+00 3.289919999999999956e+00 -6.198399999999999466e-01 5.259628480000000309e+03 -8.767374560000000201e+03 4.720320000000000071e+00 -2.384000000000000008e-01
-2.979999999999999982e+00 -6.293759999999999799e+00 -9.297600000000000309e-01 5.408247040000000197e+03 -8.564925279999999475e+03 3.838239999999999874e+00 -4.529600000000000293e-01 1.249528304000000026e+04
-1.314561439999999948e+03 -3.003839999999999844e+00 -2.217119999999999980e+00 -2.298967487999999867e+04 -2.105663232000000062e+04 -3.889019200000000183e+03 -4.791839999999999655e+00 -3.599839999999999929e+00
-2.905769392000000153e+04 -2.967567439999999988e+04 -2.909617167999999947e+04 2.860800000000000010e-01 -1.621120000000000161e+01 2.074079999999999924e+00 5.376325280000000021e+03 -8.561921440000000075e+03
6.818240000000000300e+00 2.074079999999999924e+00 1.246808159999999953e+04 -1.511384479999999940e+03 -2.002559999999999896e+00 -7.390400000000000302e-01 -2.296028015999999843e+04 -2.103906223999999929e+04
-3.889138399999999820e+03 -5.268640000000000434e+00 -6.198399999999999466e-01 -2.843992799999999988e+04 -2.905087568000000101e+04 -2.847821503999999914e+04 9.226079999999999615e+00 -1.644960000000000022e+01
8.939999999999999503e+00 5.223534719999999652e+03 -8.692707679999999527e+03 1.234911999999999921e+01 8.916159999999999641e+00 1.228911471999999958e+04 -1.845978880000000117e+03 4.148159999999999847e+00
5.602400000000000269e+00 -2.305363760000000184e+04 -2.116465135999999984e+04 -4.007742400000000089e+03 -1.907200000000000006e-01 6.103040000000000020e+00 -2.783908847999999853e+04 -2.844173983999999837e+04
-2.787735167999999976e+04 1.621120000000000161e+01 -1.528143999999999991e+01 1.528143999999999991e+01 5.015912159999999858e+03 -8.889983679999999367e+03 1.642576000000000036e+01 1.559135999999999989e+01
1.919119999999999848e+01 -1.418479999999999919e+01 1.926272000000000162e+01 4.790695679999999811e+03 -9.116988160000000789e+03 1.866672000000000153e+01 1.907199999999999918e+01 1.175640992000000006e+04
-2.555004320000000007e+03 1.456624000000000052e+01 1.575824000000000069e+01 -2.335459375999999975e+04 -2.154125184000000081e+04 -4.378049119999999675e+03 6.579839999999999911e+00 1.778463999999999956e+01
-2.666630352000000130e+04 -2.725331583999999930e+04 -2.670368463999999949e+04 2.448367999999999967e+01 -2.479359999999999786e+00 2.355392000000000152e+01 4.654187839999999596e+03 -9.237499359999999797e+03
2.276719999999999899e+01 2.414992000000000161e+01 1.158085216000000037e+04 -2.750516160000000127e+03 1.759392000000000067e+01 1.978719999999999857e+01 -2.341951008000000002e+04 -2.163956799999999930e+04
-4.500634399999999914e+03 1.211072000000000060e+01 2.243344000000000094e+01 -2.608775440000000162e+04 -2.666885440000000017e+04 -2.612358592000000135e+04 2.794048000000000087e+01 9.869759999999999422e+00
2.789280000000000115e+01 4.673736640000000079e+03 -9.182881919999999809e+03 2.574719999999999942e+01 2.982384000000000057e+01 1.159372575999999935e+04 -2.721335999999999785e+03 2.186128000000000071e+01
2.386383999999999972e+01 -2.333082528000000093e+04 -2.156063376000000062e+04 -4.476770559999999932e+03 1.680720000000000169e+01 2.672464000000000084e+01 -2.550968207999999868e+04 -2.608317712000000029e+04
-2.554470304000000033e+04 2.543728000000000122e+01 1.492384000000000022e+01 2.743984000000000023e+01 4.784282720000000154e+03 -9.039937280000000101e+03 2.422144000000000119e+01 2.958543999999999841e+01
2.317248000000000019e+01 2.043087999999999838e+01 2.498432000000000031e+01 4.932305279999999584e+03 -8.868623040000000401e+03 2.214735999999999905e+01 2.746368000000000009e+01 1.190657807999999932e+04
-2.410963040000000092e+03 2.200431999999999988e+01 2.057392000000000110e+01 -2.297150879999999961e+04 -2.115015664000000106e+04 -4.191024320000000444e+03 1.306432000000000038e+01 2.322015999999999991e+01
-2.436064175999999861e+04 -2.491985664000000179e+04 -2.439444687999999951e+04 2.131296000000000035e+01 2.312480000000000047e+01 2.417376000000000147e+01 5.089983040000000074e+03 -8.692874560000000201e+03
1.981103999999999843e+01 2.705839999999999890e+01 1.209534319999999934e+04 -2.288401600000000144e+03 2.004944000000000059e+01 1.749856000000000122e+01 -2.279132607999999891e+04 -2.094169968000000154e+04
-4.025813119999999799e+03 1.130015999999999998e+01 2.004944000000000059e+01 -2.379818463999999949e+04 -2.434879328000000169e+04 -2.383098847999999998e+04 2.028783999999999921e+01 1.869056000000000139e+01
2.417376000000000147e+01 5.144934239999999591e+03 -8.625335839999999735e+03 1.838063999999999965e+01 2.856032000000000082e+01 1.214824416000000019e+04 -2.344234879999999976e+03 1.935808000000000106e+01
1.659263999999999939e+01 -2.272626671999999962e+04 -2.087530528000000049e+04 -3.977346399999999903e+03 1.137167999999999957e+01 1.849983999999999895e+01 -2.324855343999999968e+04 -2.379134256000000096e+04
-2.328111888000000181e+04 1.842831999999999937e+01 4.791839999999999655e+00 2.305328000000000088e+01 5.019631199999999808e+03 -8.751234879999999976e+03 1.723631999999999920e+01 2.569951999999999970e+01
1.647344000000000008e+01 -8.725440000000000751e+00 2.093151999999999902e+01 4.782923840000000382e+03 -8.992400320000000647e+03 1.673567999999999856e+01 2.245728000000000080e+01 1.165806991999999991e+04
-3.078077760000000126e+03 1.213456000000000046e+01 1.301664000000000065e+01 -2.306596287999999913e+04 -2.130590336000000025e+04 -4.376427999999999884e+03 1.103791999999999973e+01 1.430400000000000027e+01
-2.220138144000000102e+04 -2.272831696000000011e+04 -2.223170592000000033e+04 1.838063999999999965e+01 -1.134783999999999970e+01 2.150367999999999924e+01 4.490216320000000451e+03 -9.296908639999999650e+03
1.761776000000000053e+01 2.429296000000000078e+01 1.127162351999999919e+04 -3.540716800000000148e+03 1.428016000000000041e+01 1.547216000000000058e+01 -2.334598751999999877e+04 -2.165482560000000012e+04
-4.696766080000000329e+03 1.091872000000000043e+01 1.523376000000000019e+01 -2.169566352000000188e+04 -2.221501791999999841e+04 -2.172369935999999871e+04 2.219503999999999877e+01 -1.020351999999999926e+01
2.372080000000000055e+01 4.168090240000000449e+03 -9.645377920000000813e+03 1.883360000000000056e+01 2.620016000000000034e+01 1.085273087999999916e+04 -3.980803199999999833e+03 1.823760000000000048e+01
1.895279999999999987e+01 -2.364236639999999898e+04 -2.201886240000000180e+04 -5.040729599999999664e+03 1.108559999999999945e+01 1.554368000000000016e+01 -2.120110271999999895e+04 -2.171466400000000067e+04
-2.122866175999999905e+04 2.479360000000000142e+01 -6.603679999999999772e+00 2.353008000000000166e+01 3.921823040000000219e+03 -9.918655839999999444e+03 2.014480000000000004e+01 2.622400000000000020e+01
2.438832000000000022e+01 -2.860800000000000010e-01 2.183744000000000085e+01 3.828990080000000034e+03 -1.002879664000000048e+04 2.035935999999999879e+01 2.474592000000000169e+01 1.037647919999999976e+04
-4.332705439999999726e+03 2.207583999999999946e+01 2.081231999999999971e+01 -2.389850335999999879e+04 -2.237779743999999846e+04 -5.444030880000000252e+03 1.459008000000000038e+01 1.287359999999999971e+01
-2.020945407999999952e+04 -2.071080928000000131e+04 -2.023768063999999868e+04 2.262415999999999983e+01 4.291199999999999903e+00 2.293408000000000158e+01 3.837787040000000161e+03 -1.003149056000000019e+04
1.978719999999999857e+01 2.512735999999999947e+01 1.035964816000000064e+04 -4.275799359999999979e+03 2.279103999999999886e+01 2.240960000000000107e+01 -2.386882256000000052e+04 -2.236900047999999879e+04
-5.484844960000000356e+03 1.816608000000000089e+01 1.292127999999999943e+01 -1.971169872000000032e+04 -2.020614031999999861e+04 -1.974083120000000054e+04 2.345855999999999852e+01 8.343999999999999417e+00
2.577103999999999928e+01 3.891546240000000125e+03 -9.985765439999999217e+03 2.140831999999999979e+01 2.901328000000000173e+01 1.040301311999999962e+04 -4.198176319999999578e+03 2.488896000000000086e+01
2.376848000000000027e+01 -2.381873472000000038e+04 -2.232003312000000005e+04 -5.484678079999999682e+03 2.226655999999999835e+01 1.754624000000000095e+01 -1.921794847999999911e+04 -1.970633471999999892e+04
-1.924858288000000175e+04 2.310096000000000060e+01 8.129440000000000666e+00 2.424528000000000105e+01 3.959919359999999870e+03 -9.921039839999999458e+03 2.171824000000000154e+01 2.815503999999999962e+01
1.907199999999999918e+01 -2.717760000000000176e+00 2.002560000000000073e+01 3.915052479999999832e+03 -9.980234560000000783e+03 1.902431999999999945e+01 2.116992000000000118e+01 1.036379631999999947e+04
-4.296349439999999959e+03 1.988256000000000157e+01 1.902431999999999945e+01 -2.386214735999999903e+04 -2.239934879999999976e+04 -5.617443040000000110e+03 1.990640000000000143e+01 1.265903999999999918e+01
-1.826406239999999889e+04 -1.874021872000000076e+04 -1.829126383999999962e+04 1.697408000000000072e+01 -1.752240000000000109e+01 1.807072000000000145e+01 3.674196960000000217e+03 -1.026059295999999995e+04
1.861904000000000181e+01 1.804688000000000159e+01 1.003096608000000015e+04 -4.689137279999999919e+03 1.726015999999999906e+01 1.864288000000000167e+01 -2.413649808000000121e+04 -2.273875888000000123e+04
-5.940713440000000446e+03 1.783231999999999928e+01 8.415520000000000778e+00 -1.781391551999999865e+04 -1.828346816000000035e+04 -1.783968655999999828e+04 1.809456000000000131e+01 -2.596176000000000172e+01
2.016863999999999990e+01 3.314451360000000022e+03 -1.067369247999999970e+04 2.224271999999999849e+01 2.047856000000000165e+01 9.547443199999999706e+03 -5.216263520000000426e+03 1.833295999999999992e+01
2.186128000000000071e+01 -2.453193216000000029e+04 -2.322585775999999896e+04 -6.391933119999999690e+03 2.033551999999999893e+01 9.059200000000000585e+00 -1.737638000000000102e+04 -1.783928127999999924e+04
-1.740153120000000126e+04 2.319632000000000005e+01 -2.295792000000000144e+01 2.591407999999999845e+01 2.905213920000000144e+03 -1.113614079999999922e+04 2.748751999999999995e+01 2.877487999999999957e+01
2.915632000000000090e+01 -1.523376000000000019e+01 3.330447999999999809e+01 2.485868320000000040e+03 -1.160774367999999959e+04 3.125423999999999936e+01 3.952671999999999741e+01 8.452233599999999569e+03
-6.244435040000000299e+03 2.217119999999999891e+01 2.906096000000000146e+01 -2.540604959999999846e+04 -2.429808559999999852e+04 -7.399340000000000146e+03 2.319632000000000005e+01 2.398303999999999903e+01
-1.653067984000000069e+04 -1.698223328000000038e+04 -1.655614096000000063e+04 3.320911999999999864e+01 -4.863360000000000127e+00 3.945519999999999783e+01 2.171275680000000193e+03 -1.196424704000000020e+04
3.399584000000000117e+01 4.644031999999999982e+01 8.032887999999999920e+03 -6.521980319999999665e+03 2.441216000000000008e+01 3.199327999999999861e+01 -2.570095040000000154e+04 -2.468193344000000070e+04
-7.797587199999999939e+03 2.152751999999999910e+01 3.106352000000000046e+01 -1.611066671999999926e+04 -1.655640320000000065e+04 -1.613612783999999920e+04 3.187407999999999930e+01 2.336320000000000174e+00
3.776256000000000057e+01 2.042039040000000114e+03 -1.210955184000000008e+04 3.323295999999999850e+01 4.119552000000000191e+01 7.844528159999999843e+03 -6.518523519999999735e+03 2.567567999999999984e+01
3.182639999999999958e+01 -2.579452240000000165e+04 -2.483729871999999887e+04 -8.013672959999999875e+03 1.835679999999999978e+01 2.915632000000000090e+01 -1.568564719999999943e+04 -1.612396944000000076e+04
-1.570858128000000033e+04 3.275616000000000128e+01 9.988960000000000505e+00 3.680895999999999901e+01 2.035721440000000030e+03 -1.212845695999999953e+04 3.390048000000000172e+01 3.697583999999999804e+01
4.157695999999999970e+01 2.093151999999999902e+01 4.264976000000000056e+01 2.074842880000000150e+03 -1.210845520000000033e+04 4.110016000000000247e+01 4.284047999999999945e+01 7.852133120000000417e+03
-6.162496960000000399e+03 3.792943999999999960e+01 4.005120000000000147e+01 -2.571902112000000125e+04 -2.479665151999999944e+04 -8.125172639999999774e+03 3.125423999999999936e+01 3.010991999999999891e+01
-1.482786016000000018e+04 -1.525473919999999998e+04 -1.484795728000000054e+04 4.298351999999999862e+01 2.116992000000000118e+01 4.260208000000000084e+01 2.107885119999999915e+03 -1.208535424000000057e+04
4.117168000000000205e+01 4.157695999999999970e+01 7.883053600000000188e+03 -6.020029120000000148e+03 4.026576000000000022e+01 4.017040000000000077e+01 -2.568957872000000134e+04 -2.478103631999999925e+04
-8.167536320000000160e+03 3.232703999999999667e+01 3.018143999999999849e+01 -1.440517696000000069e+04 -1.482733568000000014e+04 -1.442544095999999990e+04 3.962207999999999686e+01 1.237296000000000085e+01
3.916911999999999949e+01 2.026900640000000067e+03 -1.218004672000000028e+04 3.823935999999999780e+01 3.826319999999999766e+01 7.763329120000000330e+03 -6.086113599999999678e+03 3.699967999999999790e+01
3.611760000000000304e+01 -2.579909967999999935e+04 -2.493211040000000139e+04 -8.343666240000000471e+03 2.698687999999999931e+01 2.877487999999999957e+01 -1.400049295999999958e+04 -1.441812207999999919e+04
-1.402154368000000068e+04 4.245904000000000167e+01 3.194560000000000066e+00 4.069487999999999772e+01 1.755768319999999903e+03 -1.247959632000000056e+04 4.157695999999999970e+01 4.067103999999999786e+01
4.601120000000000232e+01 -1.811840000000000117e+00 4.355568000000000239e+01 1.354278880000000072e+03 -1.291889600000000064e+04 4.448543999999999699e+01 4.386560000000000059e+01 6.867803359999999884e+03
-6.920036799999999857e+03 4.171999999999999886e+01 4.315039999999999765e+01 -2.655337343999999939e+04 -2.587612672000000020e+04 -9.233661120000000665e+03 3.196943999999999875e+01 3.151648000000000138e+01
-1.323863808000000063e+04 -1.364542000000000007e+04 -1.325947423999999955e+04 4.920575999999999794e+01 -2.956160000000000121e+00 4.727472000000000207e+01 8.930463999999999487e+02 -1.341758112000000074e+04
4.858592000000000155e+01 4.670255999999999830e+01 6.258715199999999641e+03 -7.454696479999999610e+03 4.489072000000000173e+01 4.825216000000000349e+01 -2.706426464000000124e+04 -2.650543119999999908e+04
-9.811399680000000444e+03 3.490176000000000300e+01 3.251776000000000266e+01 -1.287455359999999928e+04 -1.327632912000000033e+04 -1.289515135999999984e+04 5.335392000000000223e+01 -3.456799999999999873e+00
5.256719999999999970e+01 4.049462399999999889e+02 -1.394725823999999920e+04 5.495120000000000005e+01 5.139903999999999940e+01 5.617991359999999986e+03 -7.960199840000000222e+03 5.070768000000000342e+01
5.402143999999999835e+01 -2.759201071999999840e+04 -2.715166208000000188e+04 -1.040778111999999965e+04 3.893072000000000088e+01 3.552159999999999940e+01 -1.251959984000000077e+04 -1.291601136000000042e+04
-1.253821888000000035e+04 5.886095999999999862e+01 -2.622400000000000286e-01 5.917087999999999681e+01 3.623680000000000234e+00 -1.438867967999999928e+04 6.060128000000000270e+01 5.740671999999999997e+01
6.021983999999999781e+01 6.126879999999999882e+00 5.995759999999999934e+01 -2.261223999999999990e+02 -1.463890431999999964e+04 5.898015999999999792e+01 5.802656000000000347e+01 4.763923359999999775e+03
-8.364144800000000032e+03 5.797888000000000375e+01 5.733520000000000039e+01 -2.825690831999999864e+04 -2.801321584000000075e+04 -1.125605600000000049e+04 4.415167999999999893e+01 4.450927999999999685e+01
-1.180501967999999943e+04 -1.218967807999999968e+04 -1.182247055999999975e+04 5.232880000000000109e+01 4.577280000000000015e+00 5.263871999999999929e+01 -3.393623999999999796e+02 -1.476139423999999963e+04
5.108912000000000120e+01 5.082688000000000272e+01 4.591202559999999721e+03 -8.282325919999999314e+03 5.063615999999999673e+01 4.746544000000000096e+01 -2.840168864000000031e+04 -2.820882303999999931e+04
-1.147207024000000092e+04 3.926447999999999894e+01 3.776256000000000057e+01 -1.144031536000000051e+04 -1.181870384000000013e+04 -1.145686031999999977e+04 4.427087999999999823e+01 5.721600000000000019e-01
4.601120000000000232e+01 -3.843484799999999950e+02 -1.480797760000000017e+04 4.489072000000000173e+01 4.517680000000000007e+01 4.511934559999999692e+03 -8.135471520000000055e+03 4.200607999999999720e+01
4.017040000000000077e+01 -2.849375872000000163e+04 -2.832716479999999865e+04 -1.160636095999999998e+04 3.411504000000000048e+01 3.382896000000000214e+01 -1.107480047999999988e+04 -1.144732431999999972e+04
-1.109115472000000045e+04 3.878768000000000171e+01 -5.244800000000000573e-01 4.064719999999999800e+01 -3.846345600000000218e+02 -1.479825087999999960e+04 4.083791999999999689e+01 4.112400000000000233e+01
3.447263999999999839e+01 -4.672640000000000349e+00 3.723808000000000362e+01 -4.620668800000000260e+02 -1.486621872000000076e+04 3.943135999999999797e+01 3.685663999999999874e+01 4.361599519999999757e+03
-7.956027839999999742e+03 3.132575999999999894e+01 3.323295999999999850e+01 -2.869849664000000121e+04 -2.858599567999999999e+04 -1.186452432000000044e+04 2.846496000000000137e+01 2.641471999999999909e+01
-1.036577504000000044e+04 -1.072931120000000010e+04 -1.038127103999999963e+04 3.380512000000000228e+01 -1.048959999999999937e+01 3.661824000000000012e+01 -6.967955200000000104e+02 -1.509813423999999941e+04
4.014656000000000091e+01 3.606992000000000331e+01 4.052823840000000018e+03 -8.131561759999999595e+03 2.932319999999999993e+01 3.211247999999999791e+01 -2.897706704000000173e+04 -2.892876719999999841e+04
-1.216781680000000051e+04 2.653391999999999840e+01 2.252880000000000038e+01 -1.002817679999999928e+04 -1.038663503999999921e+04 -1.004274303999999938e+04 3.406736000000000075e+01 -1.644960000000000022e+01
3.721423999999999666e+01 -1.015274080000000026e+03 -1.541580224000000089e+04 4.012272000000000105e+01 3.668975999999999971e+01 3.646852480000000014e+03 -8.397663839999999254e+03 2.953775999999999868e+01
3.206479999999999819e+01 -2.933485775999999896e+04 -2.935824480000000040e+04 -1.254694432000000052e+04 2.598560000000000159e+01 2.255264000000000024e+01 -9.701330400000000736e+03 -1.005463919999999962e+04
-9.714418560000000070e+03 3.635600000000000165e+01 -1.873824000000000112e+01 3.995584000000000202e+01 -1.354159679999999980e+03 -1.575070656000000054e+04 4.143392000000000053e+01 3.878768000000000171e+01
4.040879999999999939e+01 -1.490000000000000036e+01 4.415167999999999893e+01 -1.690112959999999930e+03 -1.607960319999999956e+04 4.520063999999999993e+01 4.453311999999999671e+01 2.801581439999999930e+03
-8.862448480000000927e+03 4.069487999999999772e+01 4.138624000000000080e+01 -3.004805519999999888e+04 -3.020151327999999921e+04 -1.330088431999999921e+04 3.266080000000000183e+01 2.996687999999999974e+01
-9.063753440000000410e+03 -9.407550080000000889e+03 -9.074791359999999258e+03 3.974128000000000327e+01 -9.988960000000000505e+00 4.460464000000000340e+01 -1.924841599999999971e+03 -1.629461615999999958e+04
4.503376000000000090e+01 4.672639999999999816e+01 2.505631679999999960e+03 -8.893964959999999337e+03 3.990816000000000230e+01 4.164847999999999928e+01 -3.026611967999999979e+04 -3.046992784000000029e+04
-1.355961983999999939e+04 3.342367999999999739e+01 3.273232000000000141e+01 -8.741961119999999937e+03 -9.081943359999999302e+03 -8.755049279999999271e+03 4.009888000000000119e+01 4.005119999999999791e+00
4.486688000000000187e+01 -1.981342399999999998e+03 -1.631156639999999970e+04 4.527215999999999951e+01 4.865744000000000113e+01 2.426315999999999804e+03 -8.688559520000000703e+03 3.800095999999999918e+01
3.821551999999999794e+01 -3.030567023999999947e+04 -3.053184031999999934e+04 -1.364377504000000044e+04 4.105248000000000275e+01 3.699967999999999790e+01 -8.416521280000000843e+03 -8.751401760000000650e+03
-8.430086240000000544e+03 4.043263999999999925e+01 1.544832000000000072e+01 4.255440000000000111e+01 -1.926605759999999918e+03 -1.621515744000000086e+04 4.553439999999999799e+01 4.696479999999999677e+01
3.380512000000000228e+01 1.263519999999999932e+01 3.387664000000000186e+01 -1.830125279999999975e+03 -1.608289312000000064e+04 3.790559999999999974e+01 3.533088000000000051e+01 2.626309760000000097e+03
-8.021897759999999835e+03 3.497328000000000259e+01 3.530704000000000065e+01 -3.015790992000000188e+04 -3.034324207999999999e+04 -1.352107056000000011e+04 3.230319999999999681e+01 2.102687999999999846e+01
-7.756820800000000418e+03 -8.082308320000000094e+03 -7.770218880000000354e+03 2.939471999999999952e+01 1.258751999999999960e+01 2.872719999999999985e+01 -1.714978080000000091e+03 -1.592902975999999944e+04
3.092048000000000130e+01 2.801200000000000045e+01 2.774332319999999982e+03 -7.723516319999999723e+03 3.003839999999999932e+01 3.266080000000000183e+01 -3.007163295999999900e+04 -3.022666447999999946e+04
-1.342249215999999979e+04 2.431680000000000064e+01 1.294511999999999929e+01 -7.428853920000000471e+03 -7.750288639999999759e+03 -7.442824160000000120e+03 2.887023999999999901e+01 1.146704000000000079e+01
2.927552000000000021e+01 -1.688420319999999947e+03 -1.586535311999999976e+04 3.108736000000000033e+01 2.794048000000000087e+01 2.800198719999999867e+03 -7.603815679999999702e+03 2.965696000000000154e+01
3.337599999999999767e+01 -3.008824943999999959e+04 -3.023693951999999990e+04 -1.342623503999999957e+04 2.314864000000000033e+01 1.296895999999999916e+01 -7.112902399999999943e+03 -7.431547840000000178e+03
-7.125561440000000403e+03 3.344751999999999725e+01 5.363999999999999879e+00 3.363824000000000325e+01 -1.831651039999999966e+03 -1.598200223999999980e+04 3.714271999999999707e+01 3.149264000000000152e+01
4.112400000000000233e+01 1.931040000000000090e+00 3.721423999999999666e+01 -2.078037440000000061e+03 -1.621329792000000089e+04 4.264976000000000056e+01 3.485408000000000328e+01 2.296435680000000048e+03
-7.974313119999999799e+03 4.315039999999999765e+01 4.477152000000000243e+01 -3.055751599999999962e+04 -3.078082528000000093e+04 -1.387166159999999945e+04 3.401968000000000103e+01 1.954879999999999995e+01
-6.529180000000000291e+03 -6.837645760000000337e+03 -6.537428640000000087e+03 4.307887999999999806e+01 -1.907200000000000006e-01 3.697583999999999804e+01 -2.372723680000000058e+03 -1.650443200000000070e+04
4.324575999999999709e+01 3.668975999999999971e+01 1.923744959999999992e+03 -8.253503360000000612e+03 4.481920000000000215e+01 4.710784000000000304e+01 -3.088586432000000059e+04 -3.116574592000000121e+04
-1.419550416000000041e+04 4.052799999999999869e+01 2.131296000000000035e+01 -6.250395040000000336e+03 -6.555237119999999777e+03 -6.258071520000000419e+03 4.307887999999999806e+01 -8.582400000000000029e-01
3.766720000000000113e+01 -2.684765440000000126e+03 -1.682090799999999945e+04 4.336496000000000350e+01 4.069487999999999772e+01 1.540183199999999943e+03 -8.500366560000000391e+03 4.319807999999999737e+01
4.622576000000000107e+01 -3.120563023999999859e+04 -3.154229871999999887e+04 -1.452471072000000095e+04 4.319807999999999737e+01 2.536576000000000164e+01 -5.976735679999999775e+03 -6.279646719999999732e+03
-5.984626720000000205e+03 4.474768000000000256e+01 7.008960000000000079e+00 4.036111999999999966e+01 -2.899563839999999800e+03 -1.703935392000000138e+04 4.486688000000000187e+01 4.331727999999999668e+01
4.391328000000000031e+01 1.697408000000000072e+01 4.067103999999999786e+01 -2.936062879999999950e+03 -1.706595936000000074e+04 4.531983999999999924e+01 4.336496000000000350e+01 1.226949440000000095e+03
-8.391322400000000926e+03 3.945519999999999783e+01 4.396096000000000004e+01 -3.141556527999999889e+04 -3.182039231999999902e+04 -1.481100527999999940e+04 3.964591999999999672e+01 3.182639999999999958e+01
-5.414278559999999743e+03 -5.707725120000000061e+03 -5.422336479999999938e+03 3.809631999999999863e+01 2.274335999999999913e+01 3.854928000000000310e+01 -2.848307839999999942e+03 -1.696065808000000106e+04
4.229216000000000264e+01 4.369872000000000156e+01 1.339426560000000109e+03 -8.061233760000000075e+03 3.239856000000000336e+01 3.668975999999999971e+01 -3.130907200000000012e+04 -3.170011952000000019e+04
-1.473469344000000092e+04 3.430575999999999937e+01 3.158800000000000097e+01 -5.123525920000000042e+03 -5.413086559999999736e+03 -5.131893759999999929e+03 3.280384000000000100e+01 2.882255999999999929e+01
3.585535999999999746e+01 -2.689247359999999844e+03 -1.678765120000000024e+04 3.862080000000000268e+01 4.226832000000000278e+01 1.545165760000000091e+03 -7.683536640000000261e+03 2.789280000000000115e+01
3.149264000000000152e+01 -3.114521967999999833e+04 -3.149788479999999981e+04 -1.458740992000000006e+04 2.772591999999999857e+01 2.789280000000000115e+01 -4.833154720000000452e+03 -5.118662559999999758e+03
-4.841379520000000412e+03 2.991920000000000002e+01 3.161184000000000083e+01 3.258928000000000225e+01 -2.488919840000000022e+03 -1.657490304000000106e+04 3.616528000000000276e+01 3.802479999999999905e+01
3.099200000000000088e+01 3.053903999999999996e+01 3.325679999999999836e+01 -2.371412479999999960e+03 -1.645470175999999992e+04 3.514016000000000162e+01 3.721423999999999666e+01 1.957621599999999944e+03
-7.058451839999999720e+03 2.727296000000000120e+01 3.034832000000000107e+01 -3.080418848000000071e+04 -3.109656223999999929e+04 -1.429172240000000056e+04 2.655776000000000181e+01 2.682000000000000028e+01
-4.257561759999999595e+03 -4.535011679999999615e+03 -4.266263359999999921e+03 3.518784000000000134e+01 2.965696000000000154e+01 3.857312000000000296e+01 -2.409675679999999829e+03 -1.650338304000000062e+04
3.819167999999999807e+01 4.148160000000000025e+01 1.932255840000000035e+03 -7.029462400000000343e+03 3.199327999999999861e+01 3.490176000000000300e+01 -3.080669167999999991e+04 -3.110602672000000166e+04
-1.432776848000000064e+04 3.015759999999999863e+01 3.003839999999999932e+01 -3.988217439999999897e+03 -4.261614559999999983e+03 -3.995369439999999940e+03 3.833471999999999724e+01 2.829807999999999879e+01
4.083791999999999689e+01 -2.534454240000000027e+03 -1.664518335999999908e+04 3.971744000000000341e+01 4.188687999999999789e+01 1.801278880000000072e+03 -7.103843200000000252e+03 3.587919999999999732e+01
3.676127999999999929e+01 -3.088231216000000131e+04 -3.120486736000000019e+04 -1.444785056000000077e+04 3.211247999999999791e+01 3.041984000000000066e+01 -3.728432960000000094e+03 -3.998063360000000102e+03
-3.733582400000000234e+03 3.919295999999999935e+01 2.546112000000000108e+01 3.933599999999999852e+01 -2.687268640000000232e+03 -1.682150400000000081e+04 3.843007999999999669e+01 3.964591999999999672e+01
3.871616000000000213e+01 2.488896000000000086e+01 3.716655999999999693e+01 -2.836864640000000236e+03 -1.699322351999999955e+04 3.728576000000000334e+01 4.024192000000000036e+01 1.492574720000000070e+03
-7.200252160000000003e+03 3.680895999999999901e+01 3.461567999999999756e+01 -3.101994048000000112e+04 -3.138090192000000025e+04 -1.471018591999999990e+04 2.887023999999999901e+01 2.624784000000000006e+01
-3.220307200000000194e+03 -3.479519519999999829e+03 -3.225122879999999896e+03 3.630832000000000193e+01 2.803584000000000032e+01 3.473487999999999687e+01 -2.882160640000000058e+03 -1.705160768000000098e+04
3.339983999999999753e+01 4.009888000000000119e+01 1.471786239999999907e+03 -7.050966080000000147e+03 3.540240000000000009e+01 3.218399999999999750e+01 -3.093931360000000132e+04 -3.130244447999999829e+04
-1.472782752000000073e+04 2.710607999999999862e+01 2.620016000000000034e+01 -2.960498880000000099e+03 -3.217827839999999924e+03 -2.968127680000000055e+03 3.037216000000000093e+01 3.220783999999999736e+01
2.994303999999999988e+01 -2.746963999999999942e+03 -1.691967712000000029e+04 2.882255999999999929e+01 3.523552000000000106e+01 1.676857919999999922e+03 -6.660252319999999600e+03 3.220783999999999736e+01
2.803584000000000032e+01 -3.066458144000000175e+04 -3.100577952000000005e+04 -1.456478576000000066e+04 2.486512000000000100e+01 2.391151999999999944e+01 -2.697209919999999784e+03 -2.952560159999999996e+03
-2.705220159999999851e+03 2.164671999999999841e+01 2.879871999999999943e+01 2.088383999999999929e+01 -2.491828320000000076e+03 -1.666988160000000062e+04 2.178976000000000113e+01 2.667696000000000112e+01
1.399408000000000030e+01 2.450751999999999953e+01 1.253983999999999988e+01 -2.169916799999999967e+03 -1.635910335999999916e+04 1.315967999999999982e+01 1.804688000000000159e+01 2.489062879999999950e+03
-5.571527200000000448e+03 1.799919999999999831e+01 1.177696000000000076e+01 -2.982395920000000115e+04 -3.002628928000000087e+04 -1.389993584000000010e+04 1.110943999999999932e+01 7.104320000000000412e+00
-2.159117279999999937e+03 -2.406338079999999991e+03 -2.163599200000000110e+03 8.534720000000000084e+00 2.743984000000000023e+01 8.177120000000000388e+00 -1.805999199999999973e+03 -1.599947695999999996e+04
6.532160000000000188e+00 1.251600000000000001e+01 2.990561119999999846e+03 -5.018153119999999944e+03 1.292127999999999943e+01 4.267360000000000042e+00 -2.933793312000000151e+04 -2.945565504000000146e+04
-1.349200959999999941e+04 5.983839999999999826e+00 1.406560000000000032e+00 -1.887460479999999961e+03 -2.130676159999999982e+03 -1.892180800000000090e+03 4.458079999999999821e+00 2.629551999999999978e+01
5.888480000000000381e+00 -1.509620319999999992e+03 -1.570681711999999970e+04 3.313759999999999817e+00 1.277824000000000026e+01 3.408309439999999995e+03 -4.604076159999999618e+03 1.077567999999999948e+01
5.244800000000000573e-01 -2.891262752000000182e+04 -2.896247695999999996e+04 -1.314988176000000021e+04 3.146879999999999900e+00 -1.859520000000000062e+00 -1.620738560000000007e+03 -1.860187519999999950e+03
-1.624719839999999976e+03 3.766719999999999846e+00 1.861904000000000181e+01 5.316320000000000157e+00 -1.353849760000000060e+03 -1.556685247999999956e+04 4.601119999999999877e+00 1.556752000000000002e+01
5.602400000000000269e+00 2.219503999999999877e+01 8.391680000000000916e+00 -1.263424639999999954e+03 -1.549700128000000041e+04 7.938719999999999999e+00 2.353008000000000166e+01 3.825604800000000068e+03
-4.255559199999999691e+03 1.122864000000000040e+01 2.550879999999999814e+00 -2.833155136000000130e+04 -2.831047680000000037e+04 -1.275516287999999986e+04 6.198399999999999466e-01 8.177120000000000388e+00
-1.113780960000000050e+03 -1.346411679999999933e+03 -1.116021919999999909e+03 8.868479999999999919e+00 2.743984000000000023e+01 1.125248000000000026e+01 -1.171592959999999948e+03 -1.542905728000000090e+04
9.464480000000000004e+00 2.910864000000000118e+01 4.006669600000000173e+03 -4.094543839999999818e+03 1.406559999999999988e+01 5.101759999999999629e+00 -2.803939215999999942e+04 -2.797924383999999918e+04
-1.256167743999999948e+04 1.096640000000000059e+00 1.172927999999999926e+01 -8.652489600000000110e+02 -1.095591040000000021e+03 -8.680859199999999873e+02 6.269919999999999938e+00 1.726015999999999906e+01
5.483200000000000074e+00 -1.054014079999999922e+03 -1.533796464000000014e+04 5.626240000000000130e+00 1.883360000000000056e+01 4.233721760000000359e+03 -3.853211519999999837e+03 9.416800000000000281e+00
2.550879999999999814e+00 -2.768629792000000089e+04 -2.757184207999999853e+04 -1.231612543999999980e+04 -3.361439999999999984e+00 3.432960000000000012e+00 -6.155726399999999785e+02 -8.428632000000000062e+02
-6.177659200000000510e+02 9.297600000000000309e-01 1.056112000000000073e+01 -1.716480000000000006e+00 -7.929899199999999837e+02 -1.508747775999999976e+04 5.006399999999999739e-01 6.246080000000000076e+00
-4.505760000000000431e+00 1.294511999999999929e+01 -7.724160000000000359e+00 -3.123755199999999945e+02 -1.458805359999999928e+04 -6.055360000000000298e+00 -2.407840000000000202e+00 5.340756000000000313e+03
-2.637204639999999927e+03 -3.552160000000000206e+00 -8.415520000000000778e+00 -2.637600384000000122e+04 -2.607070880000000034e+04 -1.127899007999999958e+04 -1.437551999999999985e+01 -7.438080000000000247e+00
-9.505007999999999413e+01 -3.134483200000000238e+02 -9.514543999999999357e+01 -1.451856000000000080e+01 1.592511999999999972e+01 -1.613967999999999847e+01 3.202903999999999769e+02 -1.392115344000000005e+04
-1.609199999999999875e+01 -1.149088000000000065e+01 6.229678079999999682e+03 -1.731618400000000065e+03 -1.423248000000000069e+01 -1.921503999999999834e+01 -2.544765039999999863e+04 -2.498729999999999927e+04
-1.047620191999999952e+04 -2.198048000000000002e+01 -1.375567999999999991e+01 1.787046400000000119e+02 -3.671359999999999957e+01 1.793959999999999866e+02 -2.445983999999999980e+01 1.759392000000000067e+01
-2.302944000000000102e+01 1.040711360000000013e+03 -1.316096736000000055e+04 -2.560416000000000025e+01 -1.845215999999999923e+01 7.230123679999999695e+03 -7.808076800000000048e+02 -2.145599999999999952e+01
-2.851264000000000109e+01 -2.444312816000000021e+04 -2.379961504000000059e+04 -9.570520319999999629e+03 -3.156416000000000111e+01 -2.047856000000000165e+01 4.575611200000000167e+02 2.445983999999999980e+02
4.581809600000000273e+02 -2.794048000000000087e+01 2.205199999999999960e+01 -2.627167999999999992e+01 1.808263999999999896e+03 -1.234034687999999915e+04 -3.077743999999999858e+01 -2.188512000000000057e+01
-2.693919999999999959e+01 2.591407999999999845e+01 -2.596176000000000172e+01 2.507443519999999808e+03 -1.159014976000000024e+04 -3.182639999999999958e+01 -2.176592000000000127e+01 9.265868959999999788e+03
9.435156799999999748e+02 -2.176592000000000127e+01 -2.941855999999999938e+01 -2.240504655999999886e+04 -2.140615056000000186e+04 -7.701082879999999932e+03 -3.640368000000000137e+01 -2.207583999999999946e+01
1.020399679999999989e+03 8.132062399999999798e+02 1.021567840000000047e+03 -3.041984000000000066e+01 1.768928000000000011e+01 -2.901328000000000173e+01 3.058505119999999806e+03 -1.099517488000000048e+04
-3.349519999999999698e+01 -2.441216000000000008e+01 1.006562944000000061e+04 1.495721600000000080e+03 -2.403071999999999875e+01 -3.072975999999999885e+01 -2.155524592000000121e+04 -2.041178415999999925e+04
-6.930335680000000139e+03 -3.640368000000000137e+01 -2.801200000000000045e+01 1.288599680000000035e+03 1.083456480000000056e+03 1.290316160000000082e+03 -3.740496000000000265e+01 3.409120000000000150e+00
-3.757184000000000168e+01 3.521287200000000212e+03 -1.048294864000000052e+04 -3.874000000000000199e+01 -3.328063999999999822e+01 1.075660800000000017e+04 1.924817759999999907e+03 -2.951391999999999882e+01
-3.549775999999999954e+01 -2.078080352000000130e+04 -1.950600720000000001e+04 -6.235733439999999973e+03 -3.912143999999999977e+01 -3.704735999999999763e+01 1.548312640000000101e+03 1.345529600000000073e+03
1.549218560000000025e+03 -4.393712000000000018e+01 -7.104320000000000412e+00 -4.727472000000000207e+01 3.961373599999999897e+03 -9.987362719999999172e+03 -4.515296000000000021e+01 -4.164847999999999928e+01
-4.751312000000000069e+01 -1.065648000000000017e+01 -5.070768000000000342e+01 4.410161600000000362e+03 -9.479594559999999547e+03 -4.744160000000000110e+01 -4.338880000000000337e+01 1.208709455999999955e+04
2.777455359999999928e+03 -4.293583999999999889e+01 -4.846672000000000224e+01 -1.922018943999999829e+04 -1.768262863999999900e+04 -4.839639199999999619e+03 -4.899119999999999919e+01 -5.116064000000000078e+01
2.061778560000000198e+03 1.865646880000000010e+03 2.061325600000000122e+03 -4.868128000000000100e+01 -3.099199999999999733e-01 -5.037391999999999825e+01 4.966086559999999736e+03 -8.849407999999999447e+03
-4.849056000000000211e+01 -4.315039999999999765e+01 1.288017984000000069e+04 3.370737599999999929e+03 -4.307887999999999806e+01 -4.968256000000000228e+01 -1.830053759999999966e+04 -1.661502576000000045e+04
-4.021831839999999829e+03 -4.818063999999999680e+01 -4.908655999999999864e+01 2.322945760000000064e+03 2.129913280000000213e+03 2.323208000000000084e+03 -5.247184000000000026e+01 1.215840000000000032e+01
-5.535647999999999769e+01 5.693731039999999666e+03 -8.026713440000000446e+03 -5.337776000000000209e+01 -4.844288000000000238e+01 1.388649007999999958e+04 4.180057920000000195e+03 -4.415167999999999893e+01
-5.285327999999999804e+01 -1.720456511999999930e+04 -1.534432992000000013e+04 -3.034379039999999804e+03 -4.906271999999999878e+01 -5.025471999999999895e+01 2.593052959999999985e+03 2.403477280000000064e+03
2.594840959999999995e+03 -5.886095999999999862e+01 9.917439999999999145e+00 -6.331904000000000110e+01 6.525818559999999707e+03 -7.093806559999999990e+03 -6.033903999999999712e+01 -5.752591999999999928e+01
-6.467792000000000030e+01 6.198400000000000354e+00 -6.710960000000000036e+01 7.418388160000000425e+03 -6.098224320000000262e+03 -6.451103999999999417e+01 -6.341440000000000055e+01 1.624498127999999997e+04
5.993662080000000060e+03 -5.533263999999999783e+01 -6.417727999999999611e+01 -1.480692864000000009e+04 -1.251628607999999986e+04 -7.700796800000000530e+02 -5.809808000000000305e+01 -6.119727999999999923e+01
3.146403200000000197e+03 2.963764959999999974e+03 3.152077119999999923e+03 -6.732416000000000622e+01 5.769280000000000186e+00 -6.894527999999999679e+01 8.333987199999999575e+03 -5.072770559999999932e+03
-6.615600000000000591e+01 -6.579840000000000089e+01 1.747395711999999912e+04 6.841531680000000051e+03 -5.762127999999999872e+01 -6.613215999999999894e+01 -1.359418784000000051e+04 -1.108452720000000045e+04
4.015371200000000158e+02 -6.064896000000000242e+01 -6.601296000000000674e+01 3.419991039999999884e+03 3.239689120000000003e+03 3.424282240000000002e+03 -6.534543999999999642e+01 2.479359999999999786e+00
-6.827776000000000067e+01 9.143736639999999170e+03 -4.153929280000000290e+03 -6.415344000000000335e+01 -6.658512000000000342e+01 1.856294447999999829e+04 7.486427520000000186e+03 -5.783583999999999747e+01
-6.551232000000000255e+01 -1.249304207999999926e+04 -9.792017760000000635e+03 1.465301760000000058e+03 -6.288992000000000360e+01 -6.696656000000000120e+01 3.687618879999999990e+03 3.508675839999999880e+03
3.691337919999999940e+03 -6.198400000000000176e+01 -6.889759999999999884e+00 -6.470176000000000727e+01 9.770299520000000484e+03 -3.427429119999999784e+03 -5.936160000000000281e+01 -6.546464000000000283e+01
-5.826496000000000208e+01 -1.692640000000000100e+01 -6.052976000000000312e+01 1.027816303999999946e+04 -2.833026400000000194e+03 -5.552335999999999672e+01 -6.215088000000000079e+01 2.013025760000000082e+04
8.065834880000000339e+03 -5.225728000000000151e+01 -5.914703999999999695e+01 -1.077620448000000033e+04 -7.781495200000000295e+03 3.105994400000000041e+03 -5.807424000000000319e+01 -5.898015999999999792e+01
4.187209920000000238e+03 4.012844160000000102e+03 4.191191200000000208e+03 -5.602400000000000091e+01 -1.914351999999999876e+01 -5.657231999999999772e+01 1.072532992000000013e+04 -2.313695839999999862e+03
-5.254335999999999984e+01 -5.652463999999999800e+01 2.076258975999999893e+04 8.215764639999999417e+03 -5.118448000000000064e+01 -5.814576000000000278e+01 -1.003730752000000030e+04 -6.911764320000000225e+03
3.803862720000000081e+03 -5.533263999999999783e+01 -5.452208000000000254e+01 4.428136959999999817e+03 4.258014720000000125e+03 4.433453279999999722e+03 -5.621471999999999980e+01 -2.174208000000000141e+01
-5.745439999999999969e+01 1.113797647999999936e+04 -1.833224480000000085e+03 -5.240032000000000068e+01 -5.476048000000000116e+01 2.134943519999999990e+04 8.353798240000000078e+03 -5.323472000000000293e+01
-5.936160000000000281e+01 -9.326064959999999701e+03 -6.078222560000000158e+03 4.467592160000000149e+03 -5.633391999999999911e+01 -5.659615999999999758e+01 4.665392640000000029e+03 4.497916640000000370e+03
4.671400319999999738e+03 -5.535647999999999769e+01 -2.307712000000000074e+01 -5.957616000000000156e+01 1.163179824000000008e+04 -1.256153440000000046e+03 -5.309167999999999665e+01 -5.750207999999999942e+01
-5.552335999999999672e+01 -1.761776000000000053e+01 -6.093504000000000076e+01 1.228432287999999971e+04 -5.017843199999999797e+02 -5.552335999999999672e+01 -6.212704000000000093e+01 2.287691168000000107e+04
9.084994880000000194e+03 -5.554720000000000368e+01 -5.921856000000000364e+01 -7.582502720000000409e+03 -4.068462880000000041e+03 6.064872159999999894e+03 -5.847952000000000083e+01 -5.850336000000000070e+01
5.148224159999999756e+03 4.987041919999999664e+03 5.155399999999999636e+03 -5.766895999999999844e+01 -1.628272000000000119e+01 -6.272303999999999746e+01 1.303072943999999916e+04 3.509724800000000187e+02
-5.769279999999999831e+01 -6.710960000000000036e+01 2.384810559999999896e+04 9.641062879999999495e+03 -5.483200000000000074e+01 -6.088736000000000104e+01 -6.567943839999999909e+03 -2.888454400000000078e+03
7.021690560000000005e+03 -5.788351999999999720e+01 -5.945696000000000225e+01 5.399879200000000310e+03 5.240008160000000316e+03 5.405052480000000287e+03 -5.893247999999999820e+01 -1.640192000000000050e+01
-6.315216000000000207e+01 1.381487471999999980e+04 1.239012480000000096e+03 -5.728752000000000066e+01 -6.803936000000000206e+01 2.486621663999999873e+04 1.019999167999999918e+04 -5.356848000000000098e+01
-6.150719999999999743e+01 -5.540249120000000403e+03 -1.683151679999999942e+03 8.013220000000000255e+03 -5.714448000000000150e+01 -6.131647999999999854e+01 5.653608320000000276e+03 5.496097440000000461e+03
5.658567039999999906e+03 -6.010063999999999851e+01 -1.089488000000000056e+01 -6.384351999999999805e+01 1.460586208000000079e+04 2.130866880000000037e+03 -5.805040000000000333e+01 -6.694271999999999423e+01
-6.346208000000000027e+01 -8.725440000000000751e+00 -6.563151999999999475e+01 1.529114287999999942e+04 2.909123680000000149e+03 -6.005295999999999879e+01 -6.615600000000000591e+01 2.675455919999999969e+04
1.103606048000000010e+04 -5.867023999999999972e+01 -6.572687999999999420e+01 -3.630283680000000004e+03 5.361616000000000213e+02 9.874289600000000064e+03 -6.253231999999999857e+01 -6.412959999999999638e+01
6.157109120000000075e+03 6.004628480000000309e+03 6.165047840000000178e+03 -6.772943999999999676e+01 -1.339808000000000021e+01 -6.589376000000000033e+01 1.579528736000000026e+04 3.496779680000000099e+03
-6.145951999999999771e+01 -6.541696000000000311e+01 2.739778624000000127e+04 1.110374223999999958e+04 -6.215088000000000079e+01 -6.780096000000000345e+01 -2.914749920000000202e+03 1.355494719999999916e+03
1.056731840000000011e+04 -6.443952000000000169e+01 -6.451103999999999417e+01 6.393673439999999573e+03 6.243552959999999985e+03 6.400467840000000251e+03 -6.665663999999999589e+01 -9.535999999999999588e+00
-6.198400000000000176e+01 1.619107904000000053e+04 3.974080320000000029e+03 -5.988607999999999976e+01 -5.940928000000000253e+01 2.790290815999999904e+04 1.103591743999999926e+04 -6.167408000000000357e+01
-6.637055999999999756e+01 -2.309166240000000016e+03 2.039273599999999988e+03 1.114331664000000092e+04 -6.405808000000000391e+01 -5.607168000000000063e+01 6.621321600000000217e+03 6.473394400000000132e+03
6.628831199999999626e+03 -6.093504000000000076e+01 3.957440000000000069e+00 -5.661999999999999744e+01 1.654124095999999918e+04 4.399338240000000042e+03 -5.631007999999999925e+01 -4.951568000000000325e+01
-5.831264000000000181e+01 9.202239999999999753e+00 -5.638159999999999883e+01 1.686017248000000109e+04 4.784711839999999938e+03 -5.425983999999999696e+01 -4.670255999999999830e+01 2.876009920000000056e+04
1.085377983999999924e+04 -5.523727999999999838e+01 -6.110191999999999979e+01 -1.190521919999999909e+03 3.290229920000000220e+03 1.216714927999999964e+04 -5.919471999999999667e+01 -4.727472000000000207e+01
7.061074239999999918e+03 6.920012960000000021e+03 7.071373120000000199e+03 -5.926624000000000336e+01 1.139551999999999943e+01 -5.857488000000000028e+01 1.724022975999999835e+04 5.232236319999999978e+03
-5.490352000000000032e+01 -4.953952000000000311e+01 2.920130607999999847e+04 1.090906480000000010e+04 -5.299631999999999721e+01 -6.079200000000000159e+01 -5.515145599999999604e+02 3.998301759999999831e+03
1.273256256000000030e+04 -5.535647999999999769e+01 -5.147055999999999898e+01 7.285265599999999722e+03 7.144847999999999956e+03 7.295135360000000219e+03 -6.262767999999999802e+01 1.582976000000000028e+01
-6.155487999999999715e+01 1.775178847999999925e+04 5.818032799999999952e+03 -5.774047999999999803e+01 -5.583328000000000202e+01 2.951580336000000170e+04 1.116737119999999959e+04 -5.313936000000000348e+01
-6.329520000000000124e+01 2.237384000000000128e+02 4.860213120000000345e+03 1.342401792000000023e+04 -5.588096000000000174e+01 -5.878943999999999903e+01 7.512436959999999999e+03 7.373211360000000241e+03
7.521806080000000293e+03 -6.703807999999999367e+01 1.585360000000000014e+01 -6.532160000000000366e+01 1.833422351999999955e+04 6.469866079999999783e+03 -6.184096000000000259e+01 -6.143567999999999785e+01
-6.768175999999999704e+01 1.673567999999999856e+01 -6.536928000000000338e+01 1.894433680000000095e+04 7.141796479999999974e+03 -6.310448000000000235e+01 -6.088736000000000104e+01 2.912837951999999859e+04
1.187732639999999992e+04 -5.833648000000000167e+01 -6.899295999999999651e+01 1.909321760000000040e+03 6.781645599999999831e+03 1.498849408000000039e+04 -6.517856000000000449e+01 -6.172176000000000329e+01
7.967065760000000409e+03 7.832631999999999607e+03 7.976315679999999702e+03 -6.670431999999999562e+01 2.353008000000000166e+01 -6.474944000000000699e+01 1.956768128000000070e+04 7.836422559999999976e+03
-6.198400000000000176e+01 -5.805040000000000333e+01 2.869449151999999958e+04 1.220424431999999979e+04 -5.628623999999999938e+01 -6.854000000000000625e+01 2.751970400000000154e+03 7.744853119999999763e+03
1.578501231999999982e+04 -6.367663999999999902e+01 -6.124495999999999896e+01 8.189993599999999788e+03 8.057657760000000053e+03 8.200554720000000088e+03 -6.994656000000000518e+01 1.928656000000000148e+01
-6.765792000000000428e+01 2.008045583999999872e+04 8.420049600000000282e+03 -6.384351999999999805e+01 -5.971920000000000073e+01 2.820612912000000142e+04 1.235190927999999985e+04 -6.064896000000000242e+01
-7.192528000000000077e+01 3.483333920000000035e+03 8.571362080000000788e+03 1.646800447999999960e+04 -6.610832000000000619e+01 -6.336672000000000082e+01 8.408010399999999208e+03 8.275030880000000252e+03
8.417141120000000228e+03 -7.182992000000000132e+01 7.247360000000000468e+00 -6.856383999999999901e+01 2.040940016000000105e+04 8.802943839999999909e+03 -6.601296000000000674e+01 -6.041055999999999671e+01
-6.994656000000000518e+01 2.431680000000000064e+00 -6.553615999999999531e+01 2.063411600000000180e+04 9.066352000000000771e+03 -6.586991999999999337e+01 -5.740671999999999997e+01 2.714653647999999885e+04
1.205235967999999957e+04 -6.746720000000000539e+01 -7.407088000000000250e+01 4.495389600000000428e+03 9.690912319999999454e+03 1.738183936000000176e+04 -7.247360000000000468e+01 -6.083968000000000131e+01
8.805637759999999616e+03 8.678475200000000768e+03 8.817319359999999506e+03 -6.565536000000000172e+01 2.956160000000000121e+00 -6.029135999999999740e+01 2.082114080000000104e+04 9.278528000000000247e+03
-6.229391999999999996e+01 -5.163743999999999801e+01 2.660839616000000024e+04 1.183198271999999997e+04 -6.136415999999999826e+01 -6.946975999999999374e+01 4.909919520000000375e+03 1.014544576000000052e+04
1.774747344000000157e+04 -6.758639999999999759e+01 -5.583328000000000202e+01 8.994236000000000786e+03 8.869409760000000460e+03 9.006036799999999857e+03 -5.709680000000000177e+01 3.719040000000000123e+00
-5.218576000000000192e+01 2.099471984000000157e+04 9.472013440000000628e+03 -5.542799999999999727e+01 -4.284047999999999945e+01 2.607347423999999955e+04 1.164431423999999970e+04 -5.249568000000000012e+01
-5.983840000000000003e+01 5.318394080000000031e+03 1.059730911999999989e+04 1.809756383999999889e+04 -5.864639999999999986e+01 -4.953952000000000311e+01 9.181022399999999834e+03 9.059176160000000891e+03
9.192465599999999540e+03 -5.654847999999999786e+01 -1.287360000000000060e+00 -5.321088000000000306e+01 2.125345535999999993e+04 9.762146240000000034e+03 -5.673919999999999675e+01 -4.536751999999999896e+01
-6.227008000000000010e+01 -2.527039999999999953e+00 -6.005295999999999879e+01 2.168700960000000123e+04 1.024800544000000082e+04 -6.269919999999999760e+01 -5.266255999999999915e+01 2.506046496000000116e+04
1.183446207999999933e+04 -5.745439999999999969e+01 -6.148335999999999757e+01 6.516592480000000251e+03 1.191990464000000065e+04 1.912661744000000181e+04 -6.598911999999999978e+01 -5.478432000000000102e+01
9.573738719999999375e+03 9.456469759999999951e+03 9.586230879999999161e+03 -6.608447999999999922e+01 6.198399999999999466e-01 -6.548847999999999558e+01 2.223172975999999835e+04 1.085018000000000029e+04
-6.517856000000000449e+01 -5.712064000000000163e+01 2.458852832000000126e+04 1.216378784000000087e+04 -5.831264000000000181e+01 -6.241311999999999927e+01 7.284741119999999682e+03 1.278887263999999959e+04
1.982436655999999857e+04 -7.099551999999999907e+01 -6.017215999999999809e+01 9.779620960000000196e+03 9.663234080000000176e+03 9.792399199999999837e+03 -7.323648000000000025e+01 -1.335040000000000004e+00
-7.383248000000000388e+01 2.281130400000000009e+04 1.148382336000000032e+04 -7.066176000000000101e+01 -6.751488000000000511e+01 2.413029968000000008e+04 1.250031328000000030e+04 -6.405808000000000391e+01
-6.861151999999999873e+01 8.065787199999999757e+03 1.368551887999999963e+04 2.055763727999999901e+04 -7.621648000000000422e+01 -6.882608000000000459e+01 9.983762880000000223e+03 9.868591839999999138e+03
9.995754399999999805e+03 -8.074608000000000629e+01 -5.673919999999999852e+00 -8.134207999999999572e+01 2.339841168000000107e+04 1.212621600000000035e+04 -7.604959999999999809e+01 -7.726543999999999812e+01
-8.436975999999999942e+01 -9.822079999999999700e+00 -8.329695999999999856e+01 2.388849055999999837e+04 1.266128096000000005e+04 -7.721775999999999840e+01 -7.898192000000000235e+01 2.322073215999999957e+04
1.292740688000000046e+04 -7.411856000000000222e+01 -8.208111999999999853e+01 9.506295360000000073e+03 1.531653247999999985e+04 2.192428912000000128e+04 -8.022159999999999513e+01 -7.488143999999999778e+01
1.038150943999999981e+04 1.027210767999999916e+04 1.039521744000000035e+04 -8.084144000000000574e+01 -1.387487999999999921e+01 -7.776608000000000231e+01 2.420830415999999968e+04 1.301318319999999949e+04
-7.364176000000000499e+01 -7.333183999999999969e+01 2.274881936000000132e+04 1.282870928000000094e+04 -6.920752000000000237e+01 -7.748000000000000398e+01 1.000588639999999941e+04 1.586404191999999966e+04
2.239081408000000010e+04 -7.678864000000000090e+01 -6.796783999999999537e+01 1.056212127999999939e+04 1.045388767999999982e+04 1.057618687999999929e+04 -7.511983999999999639e+01 -1.718863999999999947e+01
-7.314112000000000080e+01 2.442384159999999974e+04 1.325565984000000026e+04 -6.703807999999999367e+01 -6.913599999999999568e+01 2.226760896000000139e+04 1.260511391999999978e+04 -6.484480000000000643e+01
-7.187760000000000105e+01 1.039664783999999963e+04 1.628107503999999972e+04 2.274176271999999881e+04 -7.278351999999999578e+01 -7.044719999999999516e+01 1.073550959999999941e+04 1.062896863999999914e+04
1.074869311999999991e+04 -7.159152000000000271e+01 -1.821376000000000062e+01 -7.142463999999999658e+01 2.459970927999999913e+04 1.345696479999999974e+04 -6.315216000000000207e+01 -6.725263999999999953e+01
-6.703807999999999367e+01 -1.883360000000000056e+01 -6.849232000000000653e+01 2.475702943999999843e+04 1.363602704000000085e+04 -6.093504000000000076e+01 -6.420112000000000307e+01 2.130471136000000115e+04
1.215780400000000009e+04 -5.774047999999999803e+01 -6.401040000000000418e+01 1.109310959999999977e+04 1.701541855999999825e+04 2.334355584000000090e+04 -6.381967999999999819e+01 -7.392784000000000333e+01
1.107522960000000057e+04 1.097193087999999989e+04 1.108841311999999925e+04 -6.122111999999999910e+01 -1.363648000000000060e+01 -6.503552000000000533e+01 2.499783727999999974e+04 1.390246288000000095e+04
-5.931392000000000309e+01 -6.095888000000000062e+01 2.084135712000000058e+04 1.211744288000000051e+04 -5.344928000000000168e+01 -6.103040000000000020e+01 1.154337567999999919e+04 1.749681968000000052e+04
2.372816656000000148e+04 -5.869407999999999959e+01 -6.873072000000000514e+01 1.124613855999999942e+04 1.114534303999999975e+04 1.125989423999999963e+04 -5.926624000000000336e+01 -4.195840000000000458e+00
-6.489248000000000616e+01 2.541496575999999914e+04 1.435456464000000051e+04 -5.981456000000000017e+01 -6.157871999999999701e+01 2.040758831999999893e+04 1.232451712000000043e+04 -5.242416000000000054e+01
-6.048208000000000339e+01 1.216528975999999966e+04 1.817585440000000017e+04 2.428015792000000147e+04 -5.931392000000000309e+01 -6.687120000000000175e+01 1.142617823999999928e+04 1.132690848000000005e+04
1.143940943999999945e+04 -6.141183999999999799e+01 1.335040000000000004e+00 -6.732416000000000622e+01 2.594645472000000154e+04 1.492128911999999946e+04 -6.126879999999999882e+01 -6.606064000000000647e+01
-6.556000000000000227e+01 3.337600000000000122e+00 -6.884991999999999734e+01 2.652910431999999855e+04 1.554463359999999921e+04 -6.422495999999999583e+01 -6.665663999999999589e+01 1.958420239999999831e+04
1.304376992000000064e+04 -5.735904000000000025e+01 -6.558383999999999503e+01 1.365071248000000014e+04 1.985512015999999858e+04 2.568886351999999897e+04 -6.315216000000000207e+01 -6.915984000000000265e+01
1.180668848000000071e+04 1.171263968000000023e+04 1.182108784000000014e+04 -6.939824000000000126e+01 5.959999999999999964e+00 -7.063791999999999405e+01 2.713745344000000114e+04 1.620423871999999938e+04
-6.761024000000000456e+01 -6.575072000000000116e+01 1.918087728000000061e+04 1.339262063999999918e+04 -6.041055999999999671e+01 -6.811087999999999454e+01 1.441139919999999984e+04 2.072098895999999877e+04
2.642904783999999927e+04 -6.501167999999999836e+01 -6.761024000000000456e+01 1.200031696000000011e+04 1.190817535999999927e+04 1.201516928000000007e+04 -7.037568000000000268e+01 9.345280000000000697e+00
-7.116240000000000521e+01 2.765065711999999985e+04 1.677122543999999834e+04 -6.884991999999999734e+01 -6.396271999999999736e+01 1.877280800000000090e+04 1.356257600000000093e+04 -6.057744000000000284e+01
-6.923135999999999513e+01 1.506227887999999984e+04 2.144610640000000058e+04 2.705716031999999905e+04 -6.589376000000000033e+01 -6.648976000000000397e+01 1.218719872000000032e+04 1.209579615999999987e+04
1.220162191999999959e+04 -6.799168000000000234e+01 7.867200000000000415e+00 -6.703807999999999367e+01 2.797287856000000102e+04 1.713042271999999866e+04 -6.696656000000000120e+01 -5.926624000000000336e+01
-6.203168000000000148e+01 4.720320000000000071e+00 -6.095888000000000062e+01 2.815866368000000148e+04 1.733740160000000105e+04 -6.284223999999999677e+01 -5.566640000000000299e+01 1.791766719999999987e+04
1.320242511999999988e+04 -5.104144000000000148e+01 -6.377199999999999847e+01 1.583476640000000043e+04 2.226148208000000159e+04 2.778623519999999917e+04 -6.045824000000000353e+01 -6.174560000000000315e+01
1.251628607999999986e+04 1.242772047999999995e+04 1.253242576000000008e+04 -5.538031999999999755e+01 -2.384000000000000008e-01 -5.597632000000000119e+01 2.826875679999999920e+04 1.746213248000000021e+04
-5.816960000000000264e+01 -5.290095999999999776e+01 1.747705631999999969e+04 1.287102527999999984e+04 -4.481920000000000215e+01 -5.821728000000000236e+01 1.606153247999999985e+04 2.248195439999999871e+04
2.799197439999999915e+04 -5.714448000000000150e+01 -5.857488000000000028e+01 1.266647808000000077e+04 1.257979584000000068e+04 1.268211712000000080e+04 -5.056463999999999714e+01 -6.460639999999999716e+00
-5.237648000000000081e+01 2.833200432000000001e+04 1.753844431999999870e+04 -5.340160000000000196e+01 -4.734624000000000166e+01 1.703446672000000035e+04 1.252441552000000047e+04 -3.759568000000000154e+01
-4.915807999999999822e+01 1.624333632000000034e+04 2.264728480000000127e+04 2.814512255999999979e+04 -5.604784000000000077e+01 -5.366384000000000043e+01 1.281194975999999951e+04 1.272746080000000075e+04
1.282849472000000060e+04 -5.356848000000000098e+01 -9.345280000000000697e+00 -5.406911999999999807e+01 2.844905872000000090e+04 1.768334384000000136e+04 -5.368768000000000029e+01 -4.725088000000000221e+01
-6.222240000000000038e+01 -8.248639999999999972e+00 -6.112575999999999965e+01 2.869880656000000090e+04 1.797509776000000056e+04 -5.926624000000000336e+01 -5.385455999999999932e+01 1.619174655999999959e+04
1.225128064000000086e+04 -5.049311999999999756e+01 -5.855104000000000042e+01 1.683988464000000022e+04 2.322874239999999918e+04 2.864368848000000071e+04 -6.331904000000000110e+01 -5.659615999999999758e+01
1.311950959999999941e+04 1.303745232000000033e+04 1.313667439999999988e+04 -6.603679999999999950e+01 -6.746719999999999828e+00 -6.391503999999999763e+01 2.903287647999999899e+04 1.835885023999999976e+04
-6.184096000000000259e+01 -5.774047999999999803e+01 1.579178288000000066e+04 1.230155919999999969e+04 -5.278175999999999846e+01 -6.203168000000000148e+01 1.725207823999999891e+04 2.365662271999999939e+04
2.901997903999999835e+04 -6.596528000000000702e+01 -6.117343999999999937e+01 1.328300432000000001e+04 1.320163839999999982e+04 1.330012144000000080e+04 -6.646591999999999700e+01 -6.031520000000000437e+00
-6.315216000000000207e+01 2.938511247999999978e+04 1.875337840000000142e+04 -6.181712000000000273e+01 -5.819344000000000250e+01 1.540006783999999971e+04 1.234554399999999987e+04 -5.271023999999999887e+01
-6.155487999999999715e+01 1.765566560000000027e+04 2.408602880000000005e+04 2.941293375999999989e+04 -6.441567999999999472e+01 -6.064896000000000242e+01 1.344485407999999916e+04 1.336565760000000046e+04
1.346182816000000093e+04 -6.739567999999999870e+01 -1.644959999999999978e+00 -6.379583999999999833e+01 2.972411727999999857e+04 1.912656975999999850e+04 -6.060128000000000270e+01 -5.690608000000000288e+01
-6.553615999999999531e+01 -1.120479999999999920e+00 -6.048208000000000339e+01 2.994318303999999989e+04 1.937572160000000076e+04 -5.716832000000000136e+01 -5.089840000000000231e+01 1.460614816000000064e+04
1.214600319999999920e+04 -5.292479999999999762e+01 -5.869407999999999959e+01 1.825183248000000094e+04 2.469368655999999828e+04 3.002023391999999876e+04 -6.157871999999999701e+01 -5.306783999999999679e+01
1.375932752000000073e+04 1.368339711999999963e+04 1.377735056000000077e+04 -6.067280000000000229e+01 -9.273759999999999337e+00 -5.523727999999999838e+01 2.996437680000000182e+04 1.941732240000000093e+04
-5.216192000000000206e+01 -4.300735999999999848e+01 1.418172464000000036e+04 1.168801296000000002e+04 -4.953952000000000311e+01 -5.421215999999999724e+01 1.827152432000000044e+04 2.466314751999999862e+04
3.004364480000000185e+04 -5.855104000000000042e+01 -4.865744000000000113e+01 1.389895839999999953e+04 1.382371935999999914e+04 1.391710064000000057e+04 -5.313936000000000348e+01 -1.354111999999999938e+01
-4.796607999999999805e+01 2.986825391999999920e+04 1.933891263999999865e+04 -4.486688000000000187e+01 -3.344751999999999725e+01 1.375029216000000088e+04 1.110305088000000069e+04 -4.176767999999999859e+01
-4.760848000000000013e+01 1.816741503999999986e+04 2.448034240000000136e+04 2.993433840000000055e+04 -5.483200000000000074e+01 -3.826319999999999766e+01 1.402671695999999974e+04 1.395252687999999944e+04
1.404533599999999933e+04 -4.512912000000000035e+01 -1.237296000000000085e+01 -4.038495999999999952e+01 2.971448591999999917e+04 1.920130816000000050e+04 -3.709503999999999735e+01 -2.629551999999999978e+01
-4.121936000000000178e+01 -1.840447999999999951e+01 -3.833471999999999724e+01 2.951949856000000000e+04 1.901688191999999981e+04 -3.285152000000000072e+01 -2.844112000000000151e+01 1.288430415999999968e+04
9.913053439999999682e+03 -3.168336000000000041e+01 -3.812015999999999849e+01 1.781572736000000077e+04 2.394334639999999854e+04 2.955182560000000012e+04 -4.465232000000000312e+01 -3.282768000000000086e+01
1.426580832000000009e+04 1.419538495999999941e+04 1.428397439999999915e+04 -3.966975999999999658e+01 -2.512735999999999947e+01 -3.630832000000000193e+01 2.938823551999999836e+04 1.889470191999999952e+04
-3.022912000000000177e+01 -3.049136000000000024e+01 1.246019056000000091e+04 9.480810400000000300e+03 -3.473487999999999687e+01 -3.704735999999999763e+01 1.770582496000000174e+04 2.374256592000000092e+04
2.940330240000000049e+04 -4.195839999999999748e+01 -3.177871999999999986e+01 1.438903728000000046e+04 1.432104559999999947e+04 1.440801391999999942e+04 -3.587919999999999732e+01 -1.647344000000000008e+01
-3.177871999999999986e+01 2.941074048000000039e+04 1.893716096000000107e+04 -2.465055999999999869e+01 -2.791664000000000101e+01 1.206139503999999943e+04 9.283844320000000153e+03 -3.487792000000000314e+01
-3.432959999999999923e+01 1.774373055999999997e+04 2.370897536000000036e+04 2.939588815999999861e+04 -3.721423999999999666e+01 -2.896559999999999846e+01 1.451834543999999914e+04 1.445218944000000010e+04
1.453758431999999993e+04 -3.235088000000000363e+01 -4.529600000000000293e-01 -2.691535999999999973e+01 2.953289663999999902e+04 1.908487359999999899e+04 -1.897663999999999973e+01 -2.348239999999999839e+01
-2.934703999999999979e+01 8.796960000000000335e+00 -2.164671999999999841e+01 2.964251296000000002e+04 1.924929808000000048e+04 -1.490000000000000036e+01 -1.947728000000000037e+01 1.130066064000000006e+04
9.162570240000000922e+03 -3.046752000000000038e+01 -2.603328000000000131e+01 1.797545535999999993e+04 2.387809632000000056e+04 2.960036384000000180e+04 -2.817887999999999948e+01 -1.728399999999999892e+01
1.478914400000000023e+04 1.472387008000000060e+04 1.480721471999999994e+04 -2.701071999999999917e+01 1.127632000000000012e+01 -1.797535999999999845e+01 2.959693087999999989e+04 1.939476975999999922e+04
-1.182464000000000048e+01 -1.771311999999999998e+01 1.092737392000000000e+04 9.070237919999999576e+03 -2.872719999999999985e+01 -2.314864000000000033e+01 1.806335343999999895e+04 2.393369120000000112e+04
2.968845263999999952e+04 -2.448367999999999967e+01 -1.394640000000000057e+01 1.492202815999999984e+04 1.485892367999999988e+04 1.494040879999999925e+04 -2.388767999999999958e+01 1.008431999999999995e+01
-1.411327999999999960e+01 2.931476064000000042e+04 1.940015759999999864e+04 -8.153280000000000527e+00 -1.165775999999999968e+01 1.055058272000000034e+04 8.795601119999999355e+03 -2.560416000000000025e+01
-2.019247999999999976e+01 1.801712768000000142e+04 2.382481392000000051e+04 2.963660064000000057e+04 -2.283871999999999858e+01 -1.015583999999999953e+01 1.503779520000000048e+04 1.497602576000000045e+04
1.505665264000000025e+04 -1.611583999999999861e+01 5.602400000000000269e+00 -6.770559999999999690e+00 2.883574351999999999e+04 1.918447711999999956e+04 -1.859520000000000062e+00 -1.978720000000000034e+00
-9.941280000000000783e+00 1.096640000000000059e+00 -2.050240000000000062e+00 2.826117568000000028e+04 1.882747311999999874e+04 2.145599999999999952e+00 1.215840000000000032e+00 9.753635360000000219e+03
7.645154239999999845e+03 -1.273056000000000054e+01 -4.934879999999999711e+00 1.741399952000000121e+04 2.300118960000000152e+04 2.900748688000000038e+04 -1.046575999999999951e+01 -2.145600000000000007e-01
1.522501072000000022e+04 1.516471935999999914e+04 1.524246160000000054e+04 -5.435520000000000351e+00 -1.501919999999999922e+00 -2.622400000000000286e-01 2.765265968000000066e+04 1.840445616000000155e+04
6.627519999999999634e+00 2.312479999999999869e+00 9.347926240000000689e+03 6.989244319999999789e+03 -1.103791999999999973e+01 -1.978720000000000034e+00 1.699563135999999940e+04 2.245301264000000083e+04
2.856844944000000032e+04 -6.794400000000000439e+00 2.384000000000000008e-02 1.530699647999999979e+04 1.524660975999999937e+04 1.532351759999999922e+04 -1.716480000000000006e+00 -6.103040000000000020e+00
1.335040000000000004e+00 2.703746847999999954e+04 1.795674095999999918e+04 1.075183999999999962e+01 3.361439999999999984e+00 8.946603680000000168e+03 6.361847039999999652e+03 -8.200960000000000250e+00
4.529600000000000293e-01 1.655649856000000000e+04 2.187889775999999983e+04 2.810278271999999924e+04 -2.884640000000000093e+00 -5.721600000000000019e-01 1.538242624000000069e+04 1.532311232000000018e+04
1.540023472000000038e+04 -3.337600000000000011e-01 -9.917439999999999145e+00 1.668800000000000006e-01 2.643276687999999922e+04 1.760324144000000160e+04 1.006048000000000009e+01 2.026400000000000201e+00
1.835679999999999978e+00 -5.673919999999999852e+00 -1.549600000000000088e+00 2.584694656000000032e+04 1.743054448000000048e+04 9.202239999999999753e+00 2.622400000000000286e-01 8.198885920000000624e+03
5.702551840000000084e+03 1.406560000000000032e+00 5.959999999999999964e+00 1.604241280000000006e+04 2.113408847999999853e+04 2.747986736000000019e+04 8.344000000000000306e-01 -5.197119999999999962e+00
1.554937775999999940e+04 1.549585695999999916e+04 1.556854512000000068e+04 6.174559999999999604e+00 8.296319999999999695e+00 3.123040000000000038e+00 2.528007904000000053e+04 1.736982400000000052e+04
1.070415999999999990e+01 4.076640000000000263e+00 7.856615039999999681e+03 5.634250240000000304e+03 9.321440000000000836e+00 1.191999999999999993e+01 1.595723248000000058e+04 2.097192880000000150e+04
2.735187039999999979e+04 4.720320000000000071e+00 -2.050240000000000062e+00 1.564197232000000076e+04 1.558897600000000057e+04 1.566116352000000006e+04 1.203919999999999924e+01 2.133680000000000021e+01
1.165775999999999968e+01 2.472713407999999981e+04 1.735277839999999924e+04 1.470927999999999969e+01 1.296895999999999916e+01 7.529983199999999670e+03 5.602304640000000290e+03 1.568671999999999933e+01
1.587744000000000000e+01 1.589562991999999940e+04 2.085170367999999871e+04 2.727086207999999897e+04 1.063264000000000031e+01 5.769280000000000186e+00 1.573439999999999964e+04 1.568052160000000003e+04
1.575197008000000096e+04 1.616351999999999833e+01 2.383999999999999986e+01 1.354111999999999938e+01 2.417983919999999853e+04 1.734786736000000019e+04 1.530527999999999977e+01 1.485232000000000063e+01
2.014480000000000004e+01 2.012096000000000018e+01 1.530527999999999977e+01 2.362839616000000024e+04 1.724263760000000184e+04 1.547216000000000058e+01 1.683104000000000156e+01 6.870163520000000062e+03
5.356991039999999884e+03 2.577103999999999928e+01 2.055008000000000123e+01 1.567305968000000030e+04 2.048680863999999929e+04 2.703322495999999956e+04 1.702176000000000045e+01 1.275440000000000040e+01
1.591415359999999964e+04 1.586158640000000014e+04 1.593258192000000054e+04 2.219503999999999877e+01 1.130015999999999998e+01 1.773695999999999984e+01 2.307144608000000153e+04 1.697067088000000149e+04
1.757008000000000081e+01 2.033551999999999893e+01 6.521670399999999972e+03 4.957647200000000339e+03 2.743984000000000023e+01 2.348239999999999839e+01 1.536538063999999940e+04 2.007547327999999834e+04
2.671977664000000004e+04 1.783231999999999928e+01 1.318351999999999968e+01 1.598777152000000024e+04 1.593687312000000020e+04 1.600748719999999958e+04 2.338703999999999894e+01 9.774399999999999977e+00
1.933424000000000120e+01 2.251313711999999941e+04 1.661400063999999838e+04 1.973951999999999884e+01 2.155135999999999896e+01 6.166692799999999806e+03 4.487236319999999978e+03 2.922784000000000049e+01
2.565183999999999997e+01 1.498956688000000031e+04 1.958401167999999961e+04 2.633130384000000049e+04 1.506687999999999938e+01 1.208688000000000073e+01 1.605807567999999992e+04 1.600736800000000039e+04
1.607574112000000059e+04 2.653391999999999840e+01 1.780847999999999942e+01 2.302944000000000102e+01 2.195983455999999933e+04 1.624910560000000078e+04 2.271951999999999927e+01 2.322015999999999991e+01
2.712991999999999848e+01 2.231424000000000163e+01 2.507967999999999975e+01 2.141382704000000012e+04 1.588115904000000046e+04 2.398303999999999903e+01 2.383999999999999986e+01 5.471375360000000001e+03
3.673767839999999978e+03 3.287536000000000058e+01 2.846496000000000137e+01 1.426142175999999927e+04 1.863315327999999863e+04 2.556289296000000104e+04 1.590127999999999986e+01 1.656879999999999953e+01
1.619248559999999998e+04 1.614347055999999975e+04 1.620941200000000026e+04 2.550880000000000081e+01 3.013375999999999877e+01 2.660544000000000153e+01 2.088474592000000121e+04 1.561612975999999981e+04
2.500816000000000017e+01 2.581871999999999900e+01 5.144791199999999662e+03 3.467146560000000136e+03 3.082512000000000185e+01 2.646239999999999881e+01 1.402449984000000040e+04 1.830423280000000159e+04
2.528715952000000107e+04 1.795151999999999859e+01 1.849983999999999895e+01 1.626259903999999915e+04 1.621570576000000074e+04 1.628033599999999933e+04 2.474592000000000169e+01 4.398479999999999990e+01
2.808352000000000004e+01 2.038064912000000186e+04 1.554317936000000009e+04 2.465055999999999869e+01 2.925168000000000035e+01 4.845694559999999910e+03 3.495873759999999947e+03 3.034832000000000107e+01
2.460287999999999897e+01 1.396094239999999991e+04 1.817270751999999993e+04 2.517706639999999970e+04 1.754624000000000095e+01 2.302944000000000102e+01 1.634034128000000055e+04 1.629592735999999968e+04
1.636005695999999989e+04 2.617632000000000048e+01 5.199504000000000303e+01 3.008607999999999905e+01 1.988892527999999947e+04 1.556985632000000078e+04 2.417376000000000147e+01 3.273232000000000141e+01
2.267183999999999955e+01 4.863360000000000127e+01 2.541344000000000136e+01 1.940659440000000177e+04 1.562897952000000078e+04 2.143215999999999966e+01 2.889407999999999888e+01 4.282140800000000127e+03
3.751724639999999908e+03 2.479360000000000142e+01 2.095535999999999888e+01 1.399238736000000063e+04 1.813983216000000175e+04 2.517797232000000076e+04 1.201535999999999937e+01 2.410223999999999833e+01
1.651213232000000062e+04 1.646819519999999829e+04 1.653044143999999869e+04 1.511456000000000088e+01 4.257824000000000098e+01 1.695024000000000086e+01 1.893494383999999991e+04 1.569461103999999978e+04
1.590127999999999986e+01 2.024015999999999948e+01 4.012581920000000082e+03 3.820097760000000108e+03 1.659263999999999939e+01 1.330272000000000077e+01 1.398399567999999999e+04 1.809713472000000183e+04
2.517287055999999939e+04 7.318880000000000052e+00 1.282591999999999999e+01 1.659387968000000183e+04 1.655061007999999856e+04 1.661302319999999963e+04 1.318351999999999968e+01 3.609376000000000317e+01
1.492384000000000022e+01 1.846129072000000087e+04 1.563877776000000085e+04 1.482848000000000077e+01 1.792767999999999873e+01 3.730864640000000236e+03 3.695557600000000093e+03 1.454240000000000066e+01
1.184848000000000035e+01 1.385194592000000011e+04 1.790212352000000101e+04 2.504988000000000102e+04 5.793120000000000047e+00 1.225375999999999976e+01 1.666466063999999824e+04 1.662260687999999936e+04
1.668525839999999880e+04 1.425632000000000055e+01 2.326783999999999963e+01 1.430400000000000027e+01 1.797516927999999825e+04 1.536344959999999992e+04 1.470927999999999969e+01 1.916735999999999862e+01
1.463776000000000010e+01 1.313583999999999996e+01 1.499535999999999980e+01 1.748463743999999861e+04 1.494984943999999996e+04 1.492384000000000022e+01 1.885744000000000042e+01 3.110976959999999963e+03
2.754926559999999881e+03 1.385103999999999935e+01 1.263519999999999932e+01 1.306629872000000069e+04 1.688837519999999859e+04 2.427467471999999907e+04 3.385279999999999845e+00 1.184848000000000035e+01
1.677039103999999861e+04 1.673076896000000124e+04 1.679153712000000087e+04 1.752240000000000109e+01 9.702880000000000393e+00 1.787999999999999901e+01 1.699956495999999970e+04 1.447941472000000067e+04
1.859519999999999840e+01 1.995408000000000115e+01 2.794405600000000049e+03 2.180024960000000192e+03 1.606815999999999889e+01 1.191999999999999993e+01 1.254878000000000065e+04 1.623649423999999999e+04
2.375875328000000081e+04 7.414240000000000386e+00 1.227759999999999962e+01 1.681144352000000072e+04 1.677310880000000179e+04 1.683428224000000046e+04 2.302944000000000102e+01 8.725440000000000751e+00
2.207583999999999946e+01 1.651916512000000148e+04 1.397717743999999948e+04 2.353008000000000166e+01 2.300560000000000116e+01 2.477166720000000169e+03 1.608294079999999894e+03 1.902431999999999945e+01
1.540063999999999922e+01 1.200081760000000031e+04 1.554491968000000088e+04 2.319960991999999897e+04 1.051343999999999923e+01 1.628272000000000119e+01 1.684944447999999829e+04 1.681094287999999869e+04
1.687039984000000186e+04 2.755903999999999954e+01 1.320735999999999954e+01 2.546112000000000108e+01 1.605013695999999982e+04 1.356243296000000009e+04 2.641471999999999909e+01 2.543728000000000122e+01
2.596176000000000172e+01 1.885744000000000042e+01 2.467439999999999856e+01 1.559991856000000007e+04 1.332400912000000062e+04 2.512735999999999947e+01 2.491280000000000072e+01 1.890011359999999968e+03
1.011388159999999971e+03 2.443599999999999994e+01 2.174208000000000141e+01 1.123769920000000093e+04 1.453093296000000009e+04 2.236435167999999976e+04 7.032799999999999940e+00 2.081231999999999971e+01
1.693791472000000067e+04 1.690105807999999888e+04 1.695844095999999990e+04 2.333935999999999922e+01 2.276719999999999899e+01 2.338703999999999894e+01 1.516345584000000053e+04 1.318638080000000082e+04
2.372080000000000055e+01 2.615248000000000062e+01 1.623623199999999997e+03 9.508583999999999605e+02 2.269567999999999941e+01 1.942960000000000065e+01 1.100971728000000076e+04 1.421972559999999976e+04
2.211920495999999912e+04 2.193280000000000118e+00 2.109840000000000160e+01 1.699451088000000163e+04 1.695779727999999886e+04 1.701451264000000083e+04 2.434064000000000050e+01 2.877487999999999957e+01
2.383999999999999986e+01 1.474000976000000082e+04 1.308453631999999925e+04 2.317248000000000019e+01 2.836959999999999837e+01 1.370966879999999946e+03 9.141448000000000320e+02 2.119376000000000104e+01
2.064544000000000068e+01 1.079859023999999954e+04 1.394132207999999991e+04 2.191732784000000174e+04 -1.096640000000000059e+00 2.267183999999999955e+01 1.704726880000000165e+04 1.701217631999999867e+04
1.706815264000000025e+04 2.448367999999999967e+01 3.275616000000000128e+01 2.434064000000000050e+01 1.432636191999999937e+04 1.299237088000000040e+04 2.193280000000000030e+01 2.772591999999999857e+01
2.541344000000000136e+01 2.856032000000000082e+01 2.641471999999999909e+01 1.390601504000000023e+04 1.279557168000000092e+04 2.248112000000000066e+01 2.991920000000000002e+01 8.654873599999999669e+02
6.441329600000000255e+02 2.381616000000000000e+01 2.372080000000000055e+01 1.026083136000000013e+04 1.324407359999999971e+04 2.141053712000000087e+04 -1.382719999999999949e+00 2.527039999999999864e+01
1.714327247999999963e+04 1.711108847999999853e+04 1.716348879999999917e+04 2.758287999999999940e+01 2.040703999999999851e+01 2.851264000000000109e+01 1.347517856000000029e+04 1.242352463999999964e+04
2.493664000000000058e+01 3.304223999999999961e+01 5.868454400000000533e+02 2.089814399999999921e+02 2.727296000000000120e+01 2.481744000000000128e+01 9.770824000000000524e+03 1.262933536000000095e+04
2.093514368000000104e+04 2.884640000000000093e+00 2.488896000000000086e+01 1.717784047999999893e+04 1.714527504000000044e+04 1.719760383999999976e+04 3.065823999999999927e+01 1.633040000000000092e+01
3.134959999999999880e+01 1.304155279999999948e+04 1.194898943999999938e+04 2.863184000000000040e+01 3.664207999999999998e+01 2.997403199999999970e+02 -3.344275200000000154e+02 3.192175999999999902e+01
2.863184000000000040e+01 9.183024960000000647e+03 1.189744736000000012e+04 2.035490192000000025e+04 8.820800000000000196e+00 2.760671999999999926e+01 1.720330159999999887e+04 1.717147520000000077e+04
1.722358943999999974e+04 3.661824000000000012e+01 1.482848000000000077e+01 3.657056000000000040e+01 1.260640128000000004e+04 1.142307904000000053e+04 3.449647999999999826e+01 4.186303999999999803e+01
3.909759999999999991e+01 1.089488000000000056e+01 3.716655999999999693e+01 1.217430127999999968e+04 1.086553296000000046e+04 3.881152000000000157e+01 4.229216000000000264e+01 -2.794048000000000229e+02
-1.387130400000000009e+03 3.976512000000000313e+01 3.747648000000000224e+01 7.940960960000000341e+03 1.037082912000000033e+04 1.911572255999999834e+04 2.138447999999999993e+01 3.859696000000000282e+01
1.724831151999999929e+04 1.721979887999999846e+04 1.726886160000000018e+04 3.354287999999999670e+01 7.628800000000000026e+00 3.282768000000000086e+01 1.175757807999999932e+04 1.040041455999999926e+04
3.821551999999999794e+01 3.790559999999999974e+01 -5.515384000000000242e+02 -1.729019839999999931e+03 3.227935999999999694e+01 3.263696000000000197e+01 7.420915200000000368e+03 9.713679519999999684e+03
1.857238511999999901e+04 2.074080000000000013e+01 3.671359999999999957e+01 1.727002976000000126e+04 1.724232767999999851e+04 1.729117583999999988e+04 2.968080000000000140e+01 1.172927999999999926e+01
3.173104000000000013e+01 1.136562464000000000e+04 1.011390544000000045e+04 3.618912000000000262e+01 3.583151999999999759e+01 -7.955169600000000401e+02 -1.831674880000000030e+03 2.789280000000000115e+01
2.898944000000000187e+01 7.057617439999999988e+03 9.237642400000000634e+03 1.817568751999999949e+04 2.190896000000000043e+01 3.590303999999999718e+01 1.729606304000000091e+04 1.726802720000000045e+04
1.731863952000000063e+04 2.786896000000000129e+01 1.323119999999999941e+01 3.199327999999999861e+01 1.099312464000000000e+04 9.930218240000000151e+03 3.332831999999999795e+01 3.273232000000000141e+01
2.651007999999999853e+01 8.129440000000000666e+00 3.041984000000000066e+01 1.062772896000000037e+04 9.804247680000000400e+03 3.366208000000000311e+01 2.860800000000000054e+01 -1.231121439999999893e+03
-1.744420479999999998e+03 2.355392000000000152e+01 2.436448000000000036e+01 6.527487360000000081e+03 8.560491040000000794e+03 1.762925087999999960e+04 2.181360000000000099e+01 3.521168000000000120e+01
1.735177711999999883e+04 1.732562464000000182e+04 1.737359072000000015e+04 2.562800000000000011e+01 3.719040000000000123e+00 2.934703999999999979e+01 1.026750655999999981e+04 9.723596960000000763e+03
3.511632000000000176e+01 2.662928000000000139e+01 -1.440675040000000081e+03 -1.674903039999999919e+03 2.231424000000000163e+01 2.345855999999999852e+01 6.308326240000000325e+03 8.278583039999999528e+03
1.741314127999999982e+04 2.324399999999999977e+01 3.418656000000000006e+01 1.738784704000000056e+04 1.736195679999999993e+04 1.740901696000000084e+04 2.765439999999999898e+01 2.598559999999999981e+00
3.127807999999999922e+01 9.902945279999999912e+03 9.554738240000000587e+03 3.647520000000000095e+01 3.087280000000000157e+01 -1.659788479999999936e+03 -1.747996480000000020e+03 2.372080000000000055e+01
2.600944000000000145e+01 6.013401600000000144e+03 7.898454240000000027e+03 1.711993312000000151e+04 2.398303999999999903e+01 3.802479999999999905e+01 1.741967343999999866e+04 1.739480832000000009e+04
1.744089103999999861e+04 3.530704000000000065e+01 5.793120000000000047e+00 3.831087999999999738e+01 9.527346079999999347e+03 9.207174880000000485e+03 4.410399999999999920e+01 4.181535999999999831e+01
3.723808000000000362e+01 5.697759999999999714e+00 4.152927999999999997e+01 9.144809440000000905e+03 8.748445600000000923e+03 4.803759999999999764e+01 4.605888000000000204e+01 -2.146648959999999988e+03
-2.436543360000000121e+03 3.456799999999999784e+01 3.747648000000000224e+01 5.032767039999999724e+03 6.674627840000000106e+03 1.613755824000000030e+04 3.287536000000000058e+01 5.204272000000000276e+01
1.745745983999999953e+04 1.743416816000000108e+04 1.747798607999999876e+04 3.618912000000000262e+01 5.697759999999999714e+00 4.098096000000000316e+01 8.761390719999999419e+03 8.250427999999999884e+03
4.713168000000000291e+01 4.615424000000000149e+01 -2.398947680000000219e+03 -2.845327839999999924e+03 3.418656000000000006e+01 3.845392000000000365e+01 4.466185599999999795e+03 5.976735679999999775e+03
1.556177455999999984e+04 3.149264000000000152e+01 5.096992000000000189e+01 1.747216911999999866e+04 1.744863904000000184e+04 1.749169408000000112e+04 3.831087999999999738e+01 2.479359999999999786e+00
4.150544000000000011e+01 8.385529280000000654e+03 7.748095360000000255e+03 4.820447999999999666e+01 4.670255999999999830e+01 -2.646716800000000148e+03 -3.214943200000000161e+03 3.521168000000000120e+01
3.974128000000000327e+01 3.910713600000000042e+03 5.290548960000000079e+03 1.498639616000000024e+04 3.177871999999999986e+01 5.123216000000000037e+01 1.748263488000000143e+04 1.745960543999999936e+04
1.750277967999999964e+04 3.719039999999999679e+01 4.291200000000000014e-01 3.945519999999999783e+01 8.023828800000000228e+03 7.344627199999999903e+03 4.689327999999999719e+01 4.613040000000000163e+01
3.037216000000000093e+01 2.121760000000000090e+00 3.289920000000000044e+01 7.680270559999999932e+03 7.126944160000000011e+03 4.121936000000000178e+01 4.338880000000000337e+01 -3.088519679999999880e+03
-3.373669919999999820e+03 2.643855999999999895e+01 2.708223999999999876e+01 3.205955519999999979e+03 4.378382880000000114e+03 1.419202352000000064e+04 2.677232000000000056e+01 4.615424000000000149e+01
1.752487935999999900e+04 1.750335183999999936e+04 1.754769424000000072e+04 2.598560000000000159e+01 4.553440000000000154e+00 2.972848000000000113e+01 7.352256000000000313e+03 7.029343200000000252e+03
3.783408000000000015e+01 4.100480000000000302e+01 -3.277499359999999797e+03 -3.205788640000000214e+03 2.422144000000000119e+01 2.426912000000000091e+01 3.037478239999999914e+03 4.156098719999999958e+03
1.399355551999999989e+04 2.581871999999999900e+01 4.048031999999999897e+01 1.755706336000000010e+04 1.753555967999999848e+04 1.757890079999999944e+04 2.755903999999999954e+01 8.391680000000000916e+00
3.189791999999999916e+01 7.035660799999999654e+03 6.983951839999999720e+03 3.728576000000000334e+01 4.124320000000000164e+01 -3.454320639999999912e+03 -3.003983040000000074e+03 2.565183999999999997e+01
2.894175999999999860e+01 2.907121119999999792e+03 3.995679360000000088e+03 1.385876416000000063e+04 2.524655999999999878e+01 3.974128000000000327e+01 1.758903280000000086e+04 1.756950783999999840e+04
1.761075103999999919e+04 2.760671999999999926e+01 6.317599999999999660e+00 3.006223999999999918e+01 6.725621600000000399e+03 6.963616320000000087e+03 3.585535999999999746e+01 3.587919999999999732e+01
2.538960000000000150e+01 2.384000000000000008e-02 2.774975999999999843e+01 6.410242239999999583e+03 6.845799039999999877e+03 3.602224000000000359e+01 2.956159999999999854e+01 -3.809107520000000022e+03
-2.784607359999999971e+03 2.333935999999999922e+01 2.746368000000000009e+01 2.584732800000000225e+03 3.588349119999999857e+03 1.353504080000000067e+04 1.590127999999999986e+01 3.285152000000000072e+01
1.764972943999999916e+04 1.763246928000000116e+04 1.767235359999999855e+04 2.498432000000000031e+01 -7.557280000000000442e+00 2.751135999999999981e+01 6.080225120000000061e+03 6.548085119999999733e+03
3.695199999999999818e+01 2.844112000000000151e+01 -4.012772640000000138e+03 -2.991180960000000141e+03 2.295792000000000144e+01 2.786896000000000129e+01 2.218955680000000029e+03 3.137320160000000214e+03
1.316235008000000016e+04 1.466159999999999997e+01 3.039600000000000080e+01 1.766820544000000154e+04 1.765287631999999940e+04 1.769085343999999895e+04 2.827423999999999893e+01 -1.015583999999999953e+01
2.956159999999999854e+01 5.746679680000000189e+03 6.151315999999999804e+03 3.938367999999999824e+01 3.013375999999999877e+01 -4.227046559999999772e+03 -3.311781280000000152e+03 2.512735999999999947e+01
3.125423999999999936e+01 1.762300480000000107e+03 2.578105280000000221e+03 1.269437088000000040e+04 1.940576000000000079e+01 3.278000000000000114e+01 1.767931488000000172e+04 1.766398575999999957e+04
1.770296415999999954e+04 3.175488000000000000e+01 -1.172927999999999926e+01 3.347135999999999711e+01 5.415351359999999659e+03 5.709274720000000343e+03 4.210143999999999664e+01 3.306607999999999947e+01
3.323295999999999850e+01 -1.354111999999999938e+01 3.523552000000000106e+01 5.086597759999999653e+03 5.240771039999999630e+03 4.291199999999999903e+01 3.566463999999999857e+01 -4.655642079999999623e+03
-3.951146240000000034e+03 2.448367999999999967e+01 3.328063999999999822e+01 7.975195200000000568e+02 1.409158560000000080e+03 1.169678607999999986e+04 2.610480000000000089e+01 4.279279999999999973e+01
1.769249840000000040e+04 1.767738383999999860e+04 1.771702976000000126e+04 3.461567999999999756e+01 -1.108559999999999945e+01 3.337599999999999767e+01 4.769478079999999864e+03 4.872156960000000254e+03
4.198223999999999734e+01 3.397200000000000131e+01 -4.854205439999999726e+03 -4.097833760000000439e+03 2.577103999999999928e+01 3.518784000000000134e+01 4.247096000000000231e+02 9.496902400000000171e+02
1.129100544000000082e+04 2.391151999999999944e+01 3.633216000000000179e+01 1.770310719999999856e+04 1.768973296000000119e+04 1.772737631999999940e+04 3.583151999999999759e+01 2.240959999999999841e+00
3.261312000000000211e+01 4.469117919999999685e+03 4.696217760000000453e+03 4.171999999999999886e+01 3.189791999999999916e+01 -5.031670399999999972e+03 -4.005978239999999914e+03 2.972848000000000113e+01
3.578383999999999787e+01 2.306758399999999938e+02 6.956750399999999672e+02 1.105303456000000006e+04 2.486512000000000100e+01 2.894175999999999860e+01 1.772832992000000013e+04 1.771416895999999906e+04
1.775095407999999952e+04 3.809631999999999863e+01 1.301664000000000065e+01 3.328063999999999822e+01 4.184587520000000040e+03 4.642148640000000341e+03 4.317423999999999751e+01 3.249392000000000280e+01
3.819167999999999807e+01 1.211072000000000060e+01 3.156416000000000111e+01 3.909020959999999832e+03 4.637428319999999985e+03 4.152927999999999997e+01 3.010991999999999891e+01 -5.341614239999999882e+03
-3.548536320000000160e+03 3.332831999999999795e+01 3.754800000000000182e+01 8.785039999999999338e+01 5.139188800000000583e+02 1.087006256000000030e+04 3.294688000000000017e+01 2.934703999999999979e+01
1.778871663999999873e+04 1.777512784000000102e+04 1.781284272000000055e+04 3.492560000000000286e+01 1.265903999999999918e+01 2.920400000000000063e+01 3.641917600000000220e+03 4.665011199999999917e+03
3.871616000000000213e+01 2.815503999999999962e+01 -5.483128480000000309e+03 -3.336050400000000081e+03 3.118271999999999977e+01 3.428191999999999950e+01 3.778640000000000043e+01 4.562022400000000175e+02
1.082150048000000061e+04 3.142111999999999838e+01 2.908480000000000132e+01 1.781973247999999876e+04 1.780745488000000114e+04 1.784319104000000152e+04 3.273232000000000141e+01 7.628800000000000026e+00
2.591407999999999845e+01 3.372692480000000160e+03 4.591989279999999781e+03 3.645136000000000109e+01 2.779744000000000170e+01 -5.632605279999999766e+03 -3.287750559999999950e+03 3.075359999999999872e+01
3.225551999999999708e+01 -1.076376000000000062e+02 2.806444799999999873e+02 1.067757840000000033e+04 3.163568000000000069e+01 2.767823999999999884e+01 1.784080703999999969e+04 1.782907776000000013e+04
1.786448015999999916e+04 3.463951999999999742e+01 -3.814400000000000013e+00 2.558032000000000039e+01 3.088853439999999864e+03 4.323360160000000178e+03 3.556927999999999912e+01 2.951391999999999882e+01
3.661824000000000012e+01 -9.893599999999999284e+00 2.817887999999999948e+01 2.798267679999999928e+03 3.943779680000000099e+03 3.552159999999999940e+01 3.125423999999999936e+01 -5.987106080000000475e+03
-3.792729440000000068e+03 3.480640000000000356e+01 3.733344000000000307e+01 -8.168060799999999517e+02 -5.654371200000000499e+02 9.963117439999999988e+03 3.368592000000000297e+01 2.791664000000000101e+01
1.785868704000000071e+04 1.784860271999999895e+04 1.788214559999999983e+04 3.740496000000000265e+01 -9.607519999999999172e+00 3.018143999999999849e+01 2.508277919999999995e+03 3.527104159999999865e+03
3.709503999999999735e+01 3.211247999999999791e+01 -6.171675360000000182e+03 -4.117620960000000196e+03 3.769104000000000099e+01 3.957439999999999714e+01 -1.246426719999999932e+03 -1.078354720000000043e+03
9.527012319999999818e+03 3.399584000000000117e+01 2.901328000000000173e+01 1.786235840000000098e+04 1.785272704000000158e+04 1.788524480000000040e+04 4.114784000000000219e+01 -8.558559999999999945e+00
3.339983999999999753e+01 2.220338400000000092e+03 3.097936479999999847e+03 4.219680000000000319e+01 3.575999999999999801e+01 -6.356125439999999799e+03 -4.412664800000000469e+03 4.274512000000000000e+01
4.222064000000000306e+01 -1.673544159999999920e+03 -1.591915999999999940e+03 9.081347359999999753e+03 3.878768000000000171e+01 3.258928000000000225e+01 1.786548143999999957e+04 1.785625535999999920e+04
1.788855856000000131e+04 4.722704000000000235e+01 1.907200000000000006e-01 3.804863999999999891e+01 1.946035360000000082e+03 2.772687359999999899e+03 4.751312000000000069e+01 4.279279999999999973e+01
4.887199999999999989e+01 1.253983999999999988e+01 3.885920000000000130e+01 1.690852000000000089e+03 2.632031359999999950e+03 4.801375999999999777e+01 4.541519999999999868e+01 -6.673102079999999660e+03
-4.412450240000000122e+03 5.218576000000000192e+01 4.996864000000000061e+01 -2.114464959999999792e+03 -2.149223680000000058e+03 8.556772000000000844e+03 4.348416000000000281e+01 3.838239999999999696e+01
1.788863007999999900e+04 1.787873647999999957e+04 1.791173103999999876e+04 4.634496000000000038e+01 2.004944000000000059e+01 3.843007999999999669e+01 1.444942399999999907e+03 2.591241120000000137e+03
4.462848000000000326e+01 4.253056000000000125e+01 -6.805700160000000324e+03 -4.175695200000000114e+03 4.958720000000000283e+01 4.834752000000000294e+01 -2.155422079999999823e+03 -2.204532479999999850e+03
8.488708800000000338e+03 4.210143999999999664e+01 3.812015999999999849e+01 1.791235088000000178e+04 1.790486511999999857e+04 1.793638160000000062e+04 4.422319999999999851e+01 2.548496000000000095e+01
3.890688000000000102e+01 1.208282719999999927e+03 2.596295200000000023e+03 4.374640000000000128e+01 4.136240000000000094e+01 -6.929477439999999660e+03 -3.913455199999999877e+03 4.777535999999999916e+01
4.577280000000000371e+01 -2.161548960000000079e+03 -2.207941600000000108e+03 8.475978240000000369e+03 3.957439999999999714e+01 3.835855999999999710e+01 1.793940927999999985e+04 1.793321087999999872e+04
1.796355919999999969e+04 4.198223999999999734e+01 2.927552000000000021e+01 3.900224000000000046e+01 9.798478400000000192e+02 2.634224639999999908e+03 4.412783999999999907e+01 4.171999999999999886e+01
4.179151999999999845e+01 3.230319999999999681e+01 4.231600000000000250e+01 7.443086399999999685e+02 2.590525920000000042e+03 4.551055999999999813e+01 4.503376000000000090e+01 -7.173527519999999640e+03
-3.592163520000000062e+03 4.338880000000000337e+01 4.088559999999999661e+01 -2.256408320000000003e+03 -2.317414879999999812e+03 8.391131680000000415e+03 3.144496000000000180e+01 4.012272000000000105e+01
1.798723231999999916e+04 1.798103392000000167e+04 1.801126304000000164e+04 4.439007999999999754e+01 2.751135999999999981e+01 4.801375999999999777e+01 4.927489600000000110e+02 2.363116160000000036e+03
4.841904000000000252e+01 5.127984000000000009e+01 -7.322003039999999601e+03 -3.744763359999999921e+03 4.429471999999999809e+01 4.243520000000000181e+01 -2.514094880000000103e+03 -2.621470240000000103e+03
8.136615840000000389e+03 3.359056000000000353e+01 4.481920000000000215e+01 1.799753120000000126e+04 1.799097520000000077e+04 1.802191951999999947e+04 4.634496000000000038e+01 1.942960000000000065e+01
4.980176000000000158e+01 2.371364800000000059e+02 2.020940640000000030e+03 5.018319999999999936e+01 5.583328000000000202e+01 -7.481397280000000137e+03 -4.018398880000000190e+03 4.608272000000000190e+01
4.393712000000000018e+01 -2.869358560000000125e+03 -3.046418239999999969e+03 7.774486240000000180e+03 3.440111999999999881e+01 4.703632000000000346e+01 1.799965295999999944e+04 1.799266783999999825e+04
1.802251552000000083e+04 4.860976000000000141e+01 2.119376000000000104e+01 5.247184000000000026e+01 -1.582976000000000028e+01 1.634708800000000110e+03 5.213808000000000220e+01 6.434416000000000224e+01
4.827600000000000335e+01 1.935808000000000106e+01 5.161359999999999815e+01 -2.683192000000000235e+02 1.219249119999999948e+03 4.920575999999999794e+01 6.646591999999999700e+01 -7.803690239999999903e+03
-4.564859360000000379e+03 4.982560000000000144e+01 4.481920000000000215e+01 -3.644087039999999888e+03 -3.964758879999999863e+03 6.971006720000000314e+03 3.342367999999999739e+01 5.230496000000000123e+01
1.799302544000000125e+04 1.798828127999999924e+04 1.801755679999999847e+04 4.298351999999999862e+01 1.318351999999999968e+01 4.357952000000000226e+01 -5.092700800000000072e+02 9.032737600000000384e+02
4.095712000000000330e+01 5.626239999999999952e+01 -7.950759200000000419e+03 -4.664748959999999897e+03 4.326959999999999695e+01 3.630832000000000193e+01 -3.929022719999999936e+03 -4.302404800000000250e+03
6.652766560000000027e+03 2.343471999999999866e+01 4.391328000000000031e+01 1.799152351999999883e+04 1.798873424000000159e+04 1.801684159999999974e+04 3.821551999999999794e+01 1.561519999999999975e+01
3.874000000000000199e+01 -7.330800000000000409e+02 7.834539200000000392e+02 3.528320000000000078e+01 4.667871999999999844e+01 -8.073725919999999860e+03 -4.524998880000000099e+03 4.007504000000000133e+01
3.306607999999999947e+01 -4.040760800000000017e+03 -4.441248959999999897e+03 6.500047520000000077e+03 1.892896000000000001e+01 3.907376000000000005e+01 1.800325279999999839e+04 1.800046352000000115e+04
1.802711664000000019e+04 3.440111999999999881e+01 1.921503999999999834e+01 3.542623999999999995e+01 -9.446361600000000180e+02 7.923700800000000299e+02 3.177871999999999986e+01 4.229216000000000264e+01
2.970464000000000127e+01 1.833295999999999992e+01 2.920400000000000063e+01 -1.146298720000000003e+03 8.507542399999999816e+02 2.887023999999999901e+01 3.637984000000000151e+01 -8.281563040000000910e+03
-3.945972960000000057e+03 3.828703999999999752e+01 2.989536000000000016e+01 -4.017159200000000055e+03 -4.398766080000000329e+03 6.496686080000000402e+03 1.921503999999999834e+01 3.306607999999999947e+01
1.804375695999999880e+04 1.804163520000000062e+04 1.806743007999999827e+04 2.200431999999999988e+01 1.382719999999999949e+01 1.895279999999999987e+01 -1.344361439999999902e+03 9.183883200000000215e+02
2.329167999999999950e+01 2.398303999999999903e+01 -8.377066080000000511e+03 -3.673577119999999923e+03 3.013375999999999877e+01 2.381616000000000000e+01 -3.987311520000000201e+03 -4.348868959999999788e+03
6.530491200000000390e+03 1.547216000000000058e+01 2.088383999999999929e+01 1.806461695999999938e+04 1.806237600000000020e+04 1.808829007999999885e+04 1.652111999999999981e+01 6.889759999999999884e+00
1.299280000000000079e+01 -1.552389280000000099e+03 8.848215999999999894e+02 1.814224000000000103e+01 1.838063999999999965e+01 -8.486944639999999708e+03 -3.571827999999999975e+03 2.383999999999999986e+01
1.787999999999999901e+01 -4.057472639999999956e+03 -4.424203360000000430e+03 6.463453120000000126e+03 1.172927999999999926e+01 1.597279999999999944e+01 1.808182944000000134e+04 1.807982688000000053e+04
1.810533568000000014e+04 1.911967999999999890e+01 2.741600000000000037e+00 1.506687999999999938e+01 -1.774482719999999972e+03 6.715251200000000154e+02 1.990640000000000143e+01 2.355392000000000152e+01
2.372080000000000055e+01 6.389120000000000132e+00 1.990640000000000143e+01 -1.997267520000000104e+03 3.600793600000000083e+02 2.381616000000000000e+01 3.232703999999999667e+01 -8.755168480000000272e+03
-3.956867839999999887e+03 2.808352000000000004e+01 2.383999999999999986e+01 -4.616663679999999658e+03 -5.071650080000000344e+03 5.904405120000000352e+03 1.711711999999999989e+01 2.159903999999999868e+01
1.808755103999999847e+04 1.808614447999999902e+04 1.811081887999999890e+04 2.438832000000000022e+01 6.913599999999999746e+00 2.350624000000000180e+01 -2.219647039999999834e+03 8.200960000000000250e+00
2.372080000000000055e+01 3.530704000000000065e+01 -8.895276159999999436e+03 -4.234675360000000182e+03 2.593791999999999831e+01 2.248112000000000066e+01 -4.982393119999999726e+03 -5.496192799999999806e+03
5.532215040000000045e+03 1.404176000000000002e+01 2.448367999999999967e+01 1.808039904000000024e+04 1.807846800000000076e+04 1.810254639999999927e+04 2.338703999999999894e+01 1.478080000000000060e+00
2.364928000000000097e+01 -2.444124479999999949e+03 -3.558835199999999759e+02 2.157519999999999882e+01 3.311375999999999920e+01 -9.039079040000000532e+03 -4.485066880000000310e+03 2.276719999999999899e+01
2.062160000000000082e+01 -5.348956960000000436e+03 -5.920187200000000303e+03 5.149988320000000385e+03 1.108559999999999945e+01 2.383999999999999986e+01 1.807400992000000042e+04 1.807195967999999993e+04
1.809599039999999877e+04 2.245728000000000080e+01 2.574720000000000120e+00 2.260031999999999996e+01 -2.655632959999999912e+03 -6.173844800000000532e+02 2.019247999999999976e+01 3.177871999999999986e+01
1.933424000000000120e+01 6.985120000000000218e+00 2.014480000000000004e+01 -2.847521119999999883e+03 -7.027316799999999830e+02 1.714095999999999975e+01 2.794048000000000087e+01 -9.271447519999999713e+03
-4.412283360000000357e+03 1.735551999999999850e+01 1.630656000000000105e+01 -5.687437280000000101e+03 -6.318601279999999861e+03 4.738557600000000093e+03 6.937439999999999607e+00 2.224271999999999849e+01
1.807708527999999933e+04 1.807594095999999990e+04 1.809939951999999903e+04 1.702176000000000045e+01 1.366032000000000046e+01 1.933424000000000120e+01 -3.027703840000000127e+03 -6.752680000000000291e+02
1.575824000000000069e+01 2.701071999999999917e+01 -9.361157440000000861e+03 -4.143248959999999897e+03 1.382719999999999949e+01 1.182464000000000048e+01 -5.676971520000000055e+03 -6.296954560000000129e+03
4.726089280000000144e+03 4.767999999999999794e+00 2.426912000000000091e+01 1.809019728000000032e+04 1.809026880000000165e+04 1.811372736000000077e+04 1.585360000000000014e+01 1.838063999999999965e+01
2.157519999999999882e+01 -3.201592799999999897e+03 -5.995521599999999580e+02 1.723631999999999920e+01 2.908480000000000132e+01 -9.443262399999999616e+03 -3.856453759999999875e+03 1.442319999999999958e+01
1.096640000000000015e+01 -5.635919039999999768e+03 -6.230679360000000088e+03 4.766545759999999973e+03 5.459360000000000213e+00 2.832191999999999865e+01 1.810695679999999993e+04 1.810881632000000172e+04
1.813301392000000124e+04 1.439935999999999972e+01 1.428016000000000041e+01 2.057392000000000110e+01 -3.372072639999999865e+03 -5.008783999999999992e+02 1.759392000000000067e+01 2.622400000000000020e+01
1.478079999999999927e+01 7.914880000000000138e+00 1.835679999999999978e+01 -3.551611679999999978e+03 -5.018796800000000076e+02 1.702176000000000045e+01 2.462671999999999883e+01 -9.613932960000000094e+03
-3.494538720000000012e+03 1.542448000000000086e+01 1.382719999999999949e+01 -5.632867519999999786e+03 -6.197112640000000283e+03 4.785570080000000416e+03 4.243520000000000181e+00 2.550880000000000081e+01
1.813987984000000142e+04 1.814185856000000058e+04 1.816281392000000051e+04 1.582976000000000028e+01 2.145600000000000007e-01 1.835679999999999978e+01 -3.741401919999999791e+03 -6.746481599999999617e+02
1.802304000000000173e+01 2.653391999999999840e+01 -9.724598239999999350e+03 -3.639319039999999859e+03 1.575824000000000069e+01 1.480464000000000091e+01 -5.845329600000000028e+03 -6.439756159999999909e+03
4.576231039999999666e+03 5.268640000000000434e+00 2.457903999999999911e+01 1.814073807999999917e+04 1.814393263999999908e+04 1.816393439999999828e+04 1.854751999999999867e+01 -5.054079999999999906e+00
2.014480000000000004e+01 -3.934505920000000060e+03 -9.549112000000000080e+02 2.157519999999999882e+01 2.813119999999999976e+01 -9.844632639999999810e+03 -3.908091199999999844e+03 1.718863999999999947e+01
1.671183999999999870e+01 -6.156417760000000271e+03 -6.798810400000000300e+03 4.262091360000000350e+03 7.199679999999999858e+00 2.517503999999999920e+01 1.813151199999999881e+04 1.813525488000000041e+04
1.815470832000000155e+04 2.198048000000000002e+01 -6.412959999999999994e+00 2.298176000000000130e+01 -4.129445600000000013e+03 -1.298278720000000021e+03 2.600944000000000145e+01 2.825039999999999907e+01
2.522271999999999892e+01 -2.765439999999999898e+00 2.603328000000000131e+01 -4.325267359999999826e+03 -1.672256800000000112e+03 3.003839999999999932e+01 3.144496000000000180e+01 -1.009385599999999977e+04
-4.468498080000000300e+03 2.338703999999999894e+01 2.565183999999999997e+01 -6.851735200000000077e+03 -7.601860800000000381e+03 3.542862399999999980e+03 1.547216000000000058e+01 3.292304000000000030e+01
1.810521647999999914e+04 1.810855408000000170e+04 1.812850816000000123e+04 2.665312000000000126e+01 6.174559999999999604e+00 2.860800000000000054e+01 -4.511720000000000255e+03 -1.947108159999999998e+03
3.065823999999999927e+01 3.545007999999999981e+01 -1.020850256000000081e+04 -4.580069279999999708e+03 2.505583999999999989e+01 2.746368000000000009e+01 -7.097144159999999829e+03 -7.888560639999999694e+03
3.266914400000000114e+03 1.692640000000000100e+01 3.814399999999999835e+01 1.809968560000000070e+04 1.810354767999999967e+04 1.812433615999999893e+04 2.362544000000000111e+01 1.504303999999999952e+01
2.882255999999999929e+01 -4.677670240000000376e+03 -2.029999839999999949e+03 2.779744000000000170e+01 3.437727999999999895e+01 -1.029768800000000010e+04 -4.455672160000000076e+03 2.450751999999999953e+01
2.517503999999999920e+01 -7.170261440000000221e+03 -7.981846559999999954e+03 3.154413439999999810e+03 1.506687999999999938e+01 4.162463999999999942e+01 1.810245103999999992e+04 1.810512111999999979e+04
1.812593344000000070e+04 1.962031999999999954e+01 1.923888000000000176e+01 2.424528000000000105e+01 -4.831891200000000026e+03 -2.003012960000000021e+03 2.326783999999999963e+01 3.070591999999999899e+01
1.797535999999999845e+01 1.559135999999999989e+01 1.633040000000000092e+01 -4.981534880000000157e+03 -1.926605759999999918e+03 1.830912000000000006e+01 2.372080000000000055e+01 -1.044065647999999965e+04
-3.937080640000000130e+03 1.642576000000000036e+01 1.785615999999999914e+01 -7.097167999999999665e+03 -7.870704480000000331e+03 3.196920160000000124e+03 8.749280000000000612e+00 3.025296000000000163e+01
1.812407391999999891e+04 1.812774527999999918e+04 1.814808079999999973e+04 1.654495999999999967e+01 1.332656000000000063e+01 1.268288000000000082e+01 -5.129247519999999895e+03 -1.841687680000000000e+03
1.571055999999999919e+01 2.267183999999999955e+01 -1.050621647999999914e+04 -3.699181279999999788e+03 1.420864000000000082e+01 1.609199999999999875e+01 -7.046388799999999719e+03 -7.789338560000000143e+03
3.250131040000000212e+03 4.911039999999999850e+00 2.579487999999999914e+01 1.813704288000000088e+04 1.814193007999999827e+04 1.816226559999999881e+04 1.664031999999999911e+01 1.189616000000000007e+01
1.373184000000000005e+01 -5.284541280000000370e+03 -1.874658400000000029e+03 1.730783999999999878e+01 2.643855999999999895e+01 -1.058546063999999933e+04 -3.633144479999999930e+03 1.530527999999999977e+01
1.835679999999999978e+01 -7.095952159999999822e+03 -7.832870399999999790e+03 3.200043200000000070e+03 3.432960000000000012e+00 2.856032000000000082e+01 1.814395648000000074e+04 1.814984495999999854e+04
1.817003744000000006e+04 2.126528000000000063e+01 5.101759999999999629e+00 1.737935999999999837e+01 -5.453233119999999872e+03 -2.098802079999999933e+03 2.279103999999999886e+01 2.751135999999999981e+01
2.212351999999999919e+01 -5.292480000000000295e+00 2.031167999999999907e+01 -5.625238720000000285e+03 -2.433348800000000210e+03 2.376848000000000027e+01 2.662928000000000139e+01 -1.079203424000000086e+04
-4.098453599999999824e+03 1.895279999999999987e+01 1.816608000000000089e+01 -7.625104800000000068e+03 -8.436475360000000364e+03 2.660353279999999813e+03 1.099024000000000001e+01 2.586639999999999873e+01
1.812743535999999949e+04 1.813172655999999915e+04 1.815003568000000087e+04 2.271951999999999927e+01 -1.244448000000000043e+01 2.145599999999999952e+01 -5.797244319999999789e+03 -2.809758560000000216e+03
2.345855999999999852e+01 2.715375999999999834e+01 -1.090160288000000037e+04 -4.417051360000000386e+03 1.883360000000000056e+01 1.807072000000000145e+01 -7.981059839999999895e+03 -8.845474399999999150e+03
2.294051680000000033e+03 1.170543999999999940e+01 2.670080000000000098e+01 1.810953152000000046e+04 1.811422799999999916e+04 1.813139280000000144e+04 2.608096000000000103e+01 -1.428016000000000041e+01
2.310096000000000060e+01 -5.971729280000000472e+03 -3.207338240000000042e+03 2.565183999999999997e+01 2.965696000000000154e+01 -1.101624943999999959e+04 -4.711570719999999710e+03 2.143215999999999966e+01
2.076463999999999999e+01 -8.337086400000000140e+03 -9.257286560000000463e+03 1.915782400000000052e+03 1.253983999999999988e+01 2.975232000000000099e+01 1.809286736000000019e+04 1.809837440000000061e+04
1.811511007999999856e+04 2.646239999999999881e+01 -1.251600000000000001e+01 2.369696000000000069e+01 -6.135986880000000383e+03 -3.499211359999999786e+03 2.560416000000000025e+01 2.853648000000000096e+01
2.369696000000000069e+01 -3.719040000000000123e+00 2.074080000000000013e+01 -6.281077119999999923e+03 -3.615121439999999893e+03 2.343471999999999866e+01 2.660544000000000153e+01 -1.119807711999999992e+04
-4.731357920000000377e+03 2.116992000000000118e+01 1.799919999999999831e+01 -8.653109440000000177e+03 -9.637987520000000586e+03 1.507784640000000081e+03 1.127632000000000012e+01 3.018143999999999849e+01
1.807954079999999885e+04 1.808633520000000135e+04 1.810357152000000133e+04 2.097919999999999874e+01 1.859520000000000062e+00 1.649727999999999994e+01 -6.414342719999999645e+03 -3.638246239999999943e+03
2.105071999999999832e+01 2.441216000000000008e+01 -1.126044255999999950e+04 -4.503709759999999733e+03 1.959647999999999968e+01 1.497151999999999994e+01 -8.635849280000000363e+03 -9.609451039999999921e+03
1.490929759999999987e+03 8.653919999999999391e+00 3.099200000000000088e+01 1.808285455999999976e+04 1.809005424000000130e+04 1.810676608000000124e+04 1.890512000000000015e+01 3.242239999999999789e+00
1.456624000000000052e+01 -6.543984639999999672e+03 -3.615049919999999929e+03 1.959647999999999968e+01 2.279103999999999886e+01 -1.131680032000000028e+04 -4.260279520000000048e+03 1.625888000000000133e+01
8.820800000000000196e+00 -8.595559680000000299e+03 -9.539957440000000133e+03 1.519084800000000087e+03 7.104320000000000412e+00 2.891791999999999874e+01 1.809134159999999974e+04 1.809858896000000095e+04
1.811532463999999891e+04 1.449472000000000094e+01 2.240959999999999841e+00 1.232527999999999935e+01 -6.670861119999999573e+03 -3.562744959999999992e+03 1.687872000000000128e+01 1.976335999999999871e+01
1.730783999999999878e+01 1.192000000000000004e-01 1.671183999999999870e+01 -6.800145440000000235e+03 -3.597122240000000147e+03 1.947728000000000037e+01 2.021631999999999962e+01 -1.143278191999999945e+04
-3.977704000000000178e+03 1.432784000000000013e+01 7.604960000000000164e+00 -8.584450240000000122e+03 -9.496878559999999197e+03 1.522708480000000009e+03 5.769280000000000186e+00 2.481744000000000128e+01
1.810128287999999884e+04 1.810955535999999847e+04 1.812395472000000154e+04 2.455519999999999925e+01 -3.051520000000000010e+00 2.436448000000000036e+01 -6.942446399999999812e+03 -3.811896799999999985e+03
2.741600000000000037e+01 2.429296000000000078e+01 -1.151445775999999933e+04 -4.152117439999999988e+03 2.229040000000000177e+01 1.649727999999999994e+01 -8.788520640000000640e+03 -9.730796640000000480e+03
1.317303040000000010e+03 1.509071999999999925e+01 2.674848000000000070e+01 1.809167536000000109e+04 1.810080607999999847e+04 1.811470479999999952e+04 2.698687999999999931e+01 -1.292127999999999943e+01
2.460287999999999897e+01 -7.093591999999999643e+03 -4.146467359999999644e+03 3.158800000000000097e+01 2.376848000000000027e+01 -1.161072367999999915e+04 -4.449306880000000092e+03 2.424528000000000105e+01
2.071696000000000026e+01 -9.091455519999999524e+03 -1.008393856000000051e+04 1.002448160000000030e+03 1.954879999999999995e+01 2.751135999999999981e+01 1.807541647999999986e+04 1.808426111999999921e+04
1.809873199999999997e+04 3.001455999999999946e+01 -1.702176000000000045e+01 2.643855999999999895e+01 -7.249171839999999975e+03 -4.537944000000000415e+03 3.397200000000000131e+01 2.853648000000000096e+01
3.325679999999999836e+01 -1.275440000000000040e+01 3.108736000000000033e+01 -7.405991359999999986e+03 -4.956145279999999730e+03 3.807247999999999877e+01 3.812015999999999849e+01 -1.181791712000000007e+04
-5.049407360000000153e+03 2.686768000000000001e+01 2.682000000000000028e+01 -9.767414880000000267e+03 -1.086922816000000057e+04 2.913247999999999820e+02 2.567567999999999984e+01 3.444879999999999853e+01
1.803763007999999900e+04 1.804842959999999948e+04 1.806309119999999893e+04 3.247008000000000294e+01 -8.343999999999999417e+00 3.223167999999999722e+01 -7.549174399999999878e+03 -5.267376479999999901e+03
3.945519999999999783e+01 4.040879999999999939e+01 -1.190641120000000046e+04 -5.172397920000000340e+03 2.558032000000000039e+01 2.527039999999999864e+01 -1.000734064000000035e+04 -1.114968192000000090e+04
1.897663999999999973e+01 2.503200000000000003e+01 3.518784000000000134e+01 1.802301615999999922e+04 1.803300512000000163e+04 1.804800047999999879e+04 3.013375999999999877e+01 9.297600000000000309e-01
3.220783999999999736e+01 -7.672284160000000156e+03 -5.376873599999999897e+03 3.926447999999999894e+01 3.671359999999999957e+01 -1.196925344000000041e+04 -5.056940800000000309e+03 2.450751999999999953e+01
2.302944000000000102e+01 -1.007373503999999957e+04 -1.123181071999999949e+04 -8.370224000000000331e+01 2.243344000000000094e+01 3.518784000000000134e+01 1.801679392000000007e+04 1.802609152000000176e+04
1.804111072000000058e+04 2.853648000000000096e+01 1.048959999999999937e+01 3.204095999999999833e+01 -7.785691039999999703e+03 -5.367146880000000237e+03 3.959823999999999700e+01 3.361440000000000339e+01
2.870335999999999999e+01 1.470927999999999969e+01 3.220783999999999736e+01 -7.895068959999999606e+03 -5.310836800000000039e+03 4.071871999999999758e+01 3.413888000000000034e+01 -1.206678288000000066e+04
-4.566480480000000171e+03 2.486512000000000100e+01 2.515119999999999933e+01 -9.990485759999999573e+03 -1.111425568000000021e+04 -2.264799999999999969e+01 2.536576000000000164e+01 3.547391999999999967e+01
1.802613920000000144e+04 1.803605663999999888e+04 1.804912096000000020e+04 2.624784000000000006e+01 1.323119999999999941e+01 2.922784000000000049e+01 -7.997843200000000252e+03 -5.232570080000000416e+03
3.854928000000000310e+01 3.213631999999999778e+01 -1.210492688000000089e+04 -4.337759519999999611e+03 2.229040000000000177e+01 2.391151999999999944e+01 -9.933579680000000735e+03 -1.102988592000000062e+04
4.090944000000000358e+01 2.143215999999999966e+01 3.249392000000000280e+01 1.802969136000000071e+04 1.803932272000000012e+04 1.805212480000000141e+04 2.522271999999999892e+01 7.056639999999999802e+00
2.741600000000000037e+01 -8.108127040000000306e+03 -5.262799200000000383e+03 3.590303999999999718e+01 2.918016000000000076e+01 -1.215308367999999973e+04 -4.273844479999999749e+03 2.012096000000000018e+01
2.195664000000000016e+01 -9.983214560000000347e+03 -1.107224959999999919e+04 3.933600000000000207e+00 1.766544000000000025e+01 3.106352000000000046e+01 1.802456576000000132e+04 1.803438783999999941e+04
1.804850112000000081e+04 2.770207999999999871e+01 -2.050240000000000062e+00 3.034832000000000107e+01 -8.235814080000000104e+03 -5.484582720000000336e+03 3.795327999999999946e+01 3.058671999999999969e+01
3.103968000000000060e+01 -9.726720000000000255e+00 3.397200000000000131e+01 -8.367935359999999491e+03 -5.805039999999999964e+03 4.009888000000000119e+01 3.397200000000000131e+01 -1.230892576000000008e+04
-4.736149760000000242e+03 2.767823999999999884e+01 2.953775999999999868e+01 -1.051000704000000042e+04 -1.167621215999999913e+04 -5.135851199999999608e+02 2.031167999999999907e+01 3.728576000000000334e+01
1.798968783999999869e+04 1.800036816000000181e+04 1.801386160000000018e+04 3.487792000000000314e+01 -1.172927999999999926e+01 3.635600000000000165e+01 -8.501653920000000653e+03 -6.163021440000000439e+03
4.193455999999999761e+01 3.702351999999999776e+01 -1.239598943999999938e+04 -5.037034400000000460e+03 3.261312000000000211e+01 3.399584000000000117e+01 -1.085594928000000073e+04 -1.207598511999999937e+04
-8.570956800000000158e+02 2.255264000000000024e+01 4.002736000000000161e+01 1.796577632000000085e+04 1.797705264000000170e+04 1.798868655999999828e+04 3.976512000000000313e+01 -9.631360000000000809e+00
3.950287999999999755e+01 -8.636206879999999728e+03 -6.534210240000000340e+03 4.446159999999999712e+01 4.202991999999999706e+01 -1.248505567999999948e+04 -5.308786560000000463e+03 3.781024000000000029e+01
3.912143999999999977e+01 -1.120360800000000017e+04 -1.248012080000000060e+04 -1.208330400000000054e+03 2.712991999999999848e+01 4.536751999999999896e+01 1.794041056000000026e+04 1.795283120000000054e+04
1.796420288000000073e+04 4.243520000000000181e+01 -4.505760000000000431e+00 3.978896000000000299e+01 -8.759602720000000772e+03 -6.808274879999999939e+03 4.553439999999999799e+01 4.422319999999999851e+01
3.821551999999999794e+01 3.647520000000000095e+00 3.530704000000000065e+01 -8.867836320000000342e+03 -6.900917120000000068e+03 4.267360000000000042e+01 4.131472000000000122e+01 -1.261250432000000001e+04
-5.290596639999999752e+03 3.814399999999999835e+01 3.609376000000000317e+01 -1.152473279999999977e+04 -1.287531647999999950e+04 -1.578804000000000087e+03 2.538960000000000150e+01 4.605888000000000204e+01
1.791077744000000166e+04 1.792405631999999969e+04 1.793359231999999975e+04 3.363824000000000325e+01 9.464480000000000004e+00 3.206479999999999819e+01 -8.965270399999999427e+03 -6.882345760000000155e+03
3.735728000000000293e+01 3.893072000000000088e+01 -1.265119664000000012e+04 -5.036772160000000440e+03 3.404352000000000089e+01 3.161184000000000083e+01 -1.150470720000000074e+04 -1.285121423999999934e+04
-1.572176480000000083e+03 2.150367999999999924e+01 4.322191999999999723e+01 1.790786895999999979e+04 1.791935984000000099e+04 1.793039775999999983e+04 3.101584000000000074e+01 1.406559999999999988e+01
3.032448000000000121e+01 -9.057507359999999608e+03 -6.816452000000000226e+03 3.292304000000000030e+01 3.904992000000000019e+01 -1.268378592000000026e+04 -4.756342239999999947e+03 3.368592000000000297e+01
2.989536000000000016e+01 -1.145953039999999964e+04 -1.278269808000000012e+04 -1.518011999999999944e+03 2.088383999999999929e+01 4.129088000000000136e+01 1.790782128000000012e+04 1.791964591999999902e+04
1.793142287999999826e+04 2.758287999999999940e+01 1.654495999999999967e+01 2.710607999999999862e+01 -9.147956319999999323e+03 -6.717206079999999929e+03 2.994303999999999988e+01 3.559311999999999898e+01
2.488896000000000086e+01 1.509071999999999925e+01 2.422144000000000119e+01 -9.247321439999999711e+03 -6.711794399999999769e+03 2.774975999999999843e+01 3.101584000000000074e+01 -1.275735615999999936e+04
-4.389873760000000402e+03 2.999071999999999960e+01 2.624784000000000006e+01 -1.143325871999999981e+04 -1.273816496000000006e+04 -1.456624000000000024e+03 1.835679999999999978e+01 3.335215999999999781e+01
1.790853647999999885e+04 1.792272128000000157e+04 1.793349696000000040e+04 2.641471999999999909e+01 1.132399999999999984e+01 2.460287999999999897e+01 -9.358797280000000683e+03 -6.886231679999999869e+03
2.903712000000000160e+01 3.227935999999999694e+01 -1.281955472000000009e+04 -4.521995039999999790e+03 2.977616000000000085e+01 2.777360000000000184e+01 -1.162588592000000062e+04 -1.297263135999999940e+04
-1.635829279999999926e+03 1.618736000000000175e+01 3.375744000000000256e+01 1.789551984000000084e+04 1.791032447999999931e+04 1.792067104000000108e+04 2.846496000000000137e+01 4.624959999999999738e+00
2.469823999999999842e+01 -9.474254399999999805e+03 -7.166590079999999944e+03 3.046752000000000038e+01 3.158800000000000097e+01 -1.288833311999999933e+04 -4.763160480000000462e+03 2.996687999999999974e+01
2.984768000000000043e+01 -1.191010640000000058e+04 -1.332005168000000049e+04 -1.908630400000000009e+03 1.642576000000000036e+01 3.216015999999999764e+01 1.787370623999999953e+04 1.788758111999999892e+04
1.789797536000000036e+04 2.782128000000000156e+01 -7.390400000000000302e-01 2.376848000000000027e+01 -9.594026560000000245e+03 -7.489455200000000332e+03 3.087280000000000157e+01 2.858416000000000068e+01
3.094432000000000116e+01 -1.311199999999999921e+00 2.605712000000000117e+01 -9.715324479999999312e+03 -7.823882719999999608e+03 3.449647999999999826e+01 2.889407999999999888e+01 -1.303995551999999952e+04
-5.227086879999999837e+03 3.165952000000000055e+01 3.099200000000000088e+01 -1.252191231999999945e+04 -1.407990400000000045e+04 -2.505226400000000012e+03 2.343471999999999866e+01 2.734448000000000079e+01
1.783038896000000022e+04 1.784457375999999931e+04 1.785444352000000072e+04 3.535472000000000037e+01 2.145599999999999952e+00 2.903712000000000160e+01 -9.828397600000000239e+03 -8.045022560000000340e+03
3.692815999999999832e+01 3.173104000000000013e+01 -1.310713664000000063e+04 -5.267877120000000104e+03 3.456799999999999784e+01 3.449647999999999826e+01 -1.270662464000000000e+04 -1.433160671999999977e+04
-2.702478560000000016e+03 2.739216000000000051e+01 3.125423999999999936e+01 1.781696703999999954e+04 1.783053199999999924e+04 1.784059247999999934e+04 3.413888000000000034e+01 9.845919999999999561e+00
2.920400000000000063e+01 -9.921683520000000499e+03 -8.067122239999999692e+03 3.502096000000000231e+01 3.473487999999999687e+01 -1.314745008000000053e+04 -5.063973600000000260e+03 3.409120000000000061e+01
3.273232000000000141e+01 -1.271203631999999925e+04 -1.438415007999999943e+04 -2.730013759999999820e+03 2.608096000000000103e+01 3.404352000000000089e+01 1.781210368000000017e+04 1.782576399999999921e+04
1.783453712000000087e+04 3.404352000000000089e+01 2.302944000000000102e+01 3.211247999999999791e+01 -1.000207200000000012e+04 -7.970689440000000104e+03 3.316143999999999892e+01 4.007504000000000133e+01
3.082512000000000185e+01 2.763055999999999912e+01 3.094432000000000116e+01 -1.007883679999999913e+04 -7.831344640000000254e+03 2.889407999999999888e+01 3.814399999999999835e+01 -1.318919391999999971e+04
-4.381553600000000188e+03 3.187407999999999930e+01 2.889407999999999888e+01 -1.249180240000000049e+04 -1.419469360000000052e+04 -2.491780639999999948e+03 2.093151999999999902e+01 4.522447999999999979e+01
1.782183039999999892e+04 1.783603903999999966e+04 1.784505055999999968e+04 2.088383999999999929e+01 1.575824000000000069e+01 1.928656000000000148e+01 -1.014930783999999949e+04 -7.670210079999999834e+03
1.976335999999999871e+01 2.119376000000000104e+01 -1.320197215999999935e+04 -4.062979679999999917e+03 2.367312000000000083e+01 2.052624000000000137e+01 -1.236676159999999982e+04 -1.407501679999999942e+04
-2.337082879999999932e+03 1.311200000000000010e+01 2.527039999999999864e+01 1.782781423999999970e+04 1.784185599999999977e+04 1.784972320000000036e+04 1.804688000000000159e+01 8.582400000000000029e-01
1.284975999999999985e+01 -1.022671631999999954e+04 -7.603577280000000428e+03 1.575824000000000069e+01 1.163391999999999982e+01 -1.322249840000000040e+04 -3.907995840000000044e+03 1.942960000000000065e+01
1.938192000000000093e+01 -1.233326640000000043e+04 -1.407186991999999918e+04 -2.272285760000000209e+03 1.079951999999999934e+01 1.003664000000000023e+01 1.782576399999999921e+04 1.783889984000000186e+04
1.784791136000000188e+04 2.043087999999999838e+01 -9.893599999999999284e+00 1.575824000000000069e+01 -1.032121808000000055e+04 -7.718867519999999786e+03 1.757008000000000081e+01 1.423248000000000069e+01
1.828528000000000020e+01 -2.024015999999999948e+01 1.618736000000000175e+01 -1.042485056000000077e+04 -7.940126559999999699e+03 1.735551999999999850e+01 1.456624000000000052e+01 -1.332453360000000066e+04
-4.180296320000000378e+03 1.866672000000000153e+01 1.931040000000000134e+01 -1.267274799999999959e+04 -1.458242735999999968e+04 -2.553740800000000036e+03 1.289743999999999957e+01 1.377951999999999977e+01
1.779920623999999953e+04 1.781300960000000123e+04 1.782352304000000004e+04 1.616351999999999833e+01 -2.569951999999999970e+01 1.356495999999999924e+01 -1.052910288000000037e+04 -8.200363999999999578e+03
1.585360000000000014e+01 1.377951999999999977e+01 -1.338768576000000030e+04 -4.397550239999999576e+03 1.535295999999999950e+01 1.649727999999999994e+01 -1.292225743999999941e+04 -1.494889583999999923e+04
-2.779577119999999923e+03 9.273759999999999337e+00 9.512159999999999727e+00 1.778113551999999981e+04 1.779675072000000000e+04 1.780550000000000000e+04 1.592511999999999972e+01 -2.376848000000000027e+01
1.308816000000000024e+01 -1.063118576000000030e+04 -8.471448640000000523e+03 1.563903999999999961e+01 1.473311999999999955e+01 -1.344833472000000074e+04 -4.589557600000000093e+03 1.366032000000000046e+01
1.611583999999999861e+01 -1.317047952000000078e+04 -1.532971600000000035e+04 -3.008679520000000139e+03 8.844640000000000057e+00 8.773120000000000474e+00 1.776187280000000101e+04 1.777555696000000171e+04
1.778399631999999838e+04 1.482848000000000077e+01 -1.697408000000000072e+01 1.323119999999999941e+01 -1.072497232000000076e+04 -8.645242239999999583e+03 1.399408000000000030e+01 1.561519999999999975e+01
1.349343999999999966e+01 -7.247360000000000468e+00 1.022736000000000089e+01 -1.080216624000000047e+04 -8.638948480000000927e+03 1.237296000000000085e+01 1.439935999999999972e+01 -1.352483727999999974e+04
-4.403176480000000083e+03 1.366032000000000046e+01 1.330272000000000077e+01 -1.325945039999999972e+04 -1.568424063999999998e+04 -3.101703199999999924e+03 7.509599999999999831e+00 9.345280000000000697e+00
1.774451728000000003e+04 1.776056160000000091e+04 1.776845263999999952e+04 9.512159999999999727e+00 2.813120000000000065e+00 6.532160000000000188e+00 -1.086648655999999937e+04 -8.516506240000000616e+03
9.583679999999999310e+00 1.294511999999999929e+01 -1.353554144000000088e+04 -4.075209600000000137e+03 1.022736000000000089e+01 8.987679999999999225e+00 -1.312685231999999996e+04 -1.565389232000000084e+04
-2.957995679999999993e+03 5.292480000000000295e+00 6.198400000000000354e+00 1.774780719999999928e+04 1.776499583999999959e+04 1.777066976000000068e+04 5.006400000000000183e+00 8.510880000000000223e+00
3.957440000000000069e+00 -1.092901887999999963e+04 -8.345621119999999792e+03 6.818240000000000300e+00 1.099024000000000001e+01 -1.354078623999999945e+04 -3.735918720000000121e+03 5.650079999999999991e+00
4.219680000000000319e+00 -1.296791104000000087e+04 -1.558861839999999938e+04 -2.766560480000000098e+03 2.097920000000000229e+00 4.124319999999999986e+00 1.775650879999999961e+04 1.777331599999999889e+04
1.777937136000000100e+04 3.695199999999999818e+00 6.579839999999999911e+00 2.050240000000000062e+00 -1.098871423999999934e+04 -8.145865759999999682e+03 7.271200000000000330e+00 9.202239999999999753e+00
5.363999999999999879e+00 2.860800000000000010e-01 4.577280000000000015e+00 -1.105050751999999920e+04 -8.036011040000000321e+03 9.321440000000000836e+00 1.034656000000000020e+01 -1.355780800000000090e+04
-3.281671359999999822e+03 7.843359999999999665e+00 5.173280000000000101e+00 -1.274231312000000071e+04 -1.559133616000000075e+04 -2.446985279999999875e+03 3.528319999999999901e+00 7.724160000000000359e+00
1.776704608000000007e+04 1.778442543999999907e+04 1.779012320000000182e+04 8.916159999999999641e+00 -5.220959999999999823e+00 1.010815999999999981e+01 -1.112460224000000017e+04 -8.117043200000000070e+03
1.339808000000000021e+01 1.666415999999999897e+01 -1.358896687999999995e+04 -3.383563520000000153e+03 1.177696000000000076e+01 9.440640000000000143e+00 -1.284976000000000022e+04 -1.587717776000000049e+04
-2.504749600000000100e+03 6.484479999999999578e+00 1.215840000000000032e+01 1.775672335999999996e+04 1.777305375999999887e+04 1.777846543999999994e+04 9.297599999999999199e+00 -1.256367999999999974e+01
1.060880000000000045e+01 -1.121040240000000085e+04 -8.323187680000000910e+03 1.461392000000000024e+01 1.892896000000000001e+01 -1.363674223999999958e+04 -3.614096320000000105e+03 1.199151999999999951e+01
1.087104000000000070e+01 -1.306174527999999918e+04 -1.631416496000000006e+04 -2.667004640000000109e+03 6.293759999999999799e+00 1.191999999999999993e+01 1.774067903999999908e+04 1.775753392000000167e+04
1.776466207999999824e+04 8.939999999999999503e+00 -1.733167999999999864e+01 8.796960000000000335e+00 -1.130318768000000091e+04 -8.578275680000000648e+03 1.451856000000000080e+01 1.544832000000000072e+01
1.222991999999999990e+01 -1.840447999999999951e+01 8.653919999999999391e+00 -1.139416112000000066e+04 -8.843996320000000196e+03 1.623504000000000147e+01 1.397024000000000044e+01 -1.374640624000000025e+04
-4.077021439999999984e+03 1.010815999999999981e+01 7.175839999999999996e+00 -1.355833248000000094e+04 -1.738043279999999868e+04 -3.064131359999999859e+03 7.914880000000000138e+00 9.297599999999999199e+00
1.770842352000000028e+04 1.772713792000000103e+04 1.773309792000000016e+04 1.828528000000000020e+01 -1.103791999999999973e+01 1.239680000000000071e+01 -1.147128352000000086e+04 -8.992066559999999299e+03
1.957263999999999982e+01 1.635424000000000078e+01 -1.378705343999999968e+04 -4.124939840000000004e+03 1.492384000000000022e+01 1.120480000000000054e+01 -1.369562703999999940e+04 -1.785852016000000003e+04
-3.171363679999999931e+03 1.113327999999999918e+01 1.377951999999999977e+01 1.769574063999999998e+04 1.771483648000000176e+04 1.772058192000000054e+04 2.229040000000000177e+01 4.005119999999999791e+00
1.761776000000000053e+01 -1.153174176000000080e+04 -8.942979999999999563e+03 2.164671999999999841e+01 2.102687999999999846e+01 -1.380469504000000052e+04 -3.933003999999999905e+03 2.119376000000000104e+01
1.625888000000000133e+01 -1.366408671999999933e+04 -1.817614048000000184e+04 -3.109141279999999824e+03 1.287359999999999971e+01 1.928656000000000148e+01 1.769552607999999964e+04 1.771385903999999937e+04
1.771934224000000177e+04 2.145599999999999952e+01 1.234911999999999921e+01 1.721247999999999934e+01 -1.158502416000000085e+04 -8.789116640000000189e+03 1.978719999999999857e+01 2.362544000000000111e+01
1.880976000000000070e+01 1.191999999999999993e+01 1.270672000000000068e+01 -1.163501663999999982e+04 -8.596322560000000522e+03 1.561519999999999975e+01 2.100303999999999860e+01 -1.380922464000000036e+04
-3.296237599999999929e+03 1.227759999999999962e+01 1.547216000000000058e+01 -1.340198976000000039e+04 -1.861858703999999852e+04 -2.709868959999999788e+03 4.338879999999999626e+00 1.461392000000000024e+01
1.771810255999999936e+04 1.773645936000000074e+04 1.774230015999999887e+04 1.554368000000000016e+01 5.793120000000000047e+00 9.702880000000000393e+00 -1.168226751999999942e+04 -8.381881760000000213e+03
1.406559999999999988e+01 1.330272000000000077e+01 -1.380598240000000078e+04 -2.996783359999999902e+03 7.938719999999999999e+00 1.330272000000000077e+01 -1.326028479999999945e+04 -1.887753712000000087e+04
-2.474448960000000170e+03 1.978720000000000034e+00 1.244448000000000043e+01 1.773042784000000029e+04 1.774971440000000075e+04 1.775617503999999826e+04 1.606815999999999889e+01 -3.623680000000000234e+00
9.154560000000000031e+00 -1.173459632000000056e+04 -8.258199839999999313e+03 1.628272000000000119e+01 6.031520000000000437e+00 -1.381346816000000035e+04 -2.859107359999999971e+03 1.025120000000000076e+01
1.335040000000000049e+01 -1.322199776000000020e+04 -1.931085296000000017e+04 -2.334460480000000189e+03 5.816959999999999908e+00 8.939999999999999503e+00 1.773717455999999947e+04 1.775617503999999826e+04
1.776273103999999876e+04 2.209967999999999932e+01 -1.249216000000000015e+01 1.287359999999999971e+01 -1.180213503999999921e+04 -8.307953919999999925e+03 2.238576000000000121e+01 6.508320000000000327e+00
2.884639999999999915e+01 -1.606815999999999889e+01 1.864288000000000167e+01 -1.187797007999999914e+04 -8.451780640000000858e+03 2.882255999999999929e+01 1.137167999999999957e+01 -1.388250879999999961e+04
-3.162709760000000188e+03 2.379232000000000014e+01 2.691535999999999973e+01 -1.358643984000000091e+04 -2.091888479999999981e+04 -2.471921920000000227e+03 2.188512000000000057e+01 1.177696000000000076e+01
1.773009407999999894e+04 1.774897536000000036e+04 1.775314735999999903e+04 3.349519999999999698e+01 -1.468543999999999983e+01 2.183744000000000085e+01 -1.195437728000000061e+04 -8.627004639999999199e+03
3.082512000000000185e+01 1.511456000000000088e+01 -1.392551615999999922e+04 -3.376292320000000018e+03 2.834575999999999851e+01 3.051520000000000010e+01 -1.386946831999999995e+04 -2.200861119999999937e+04
-2.619157760000000053e+03 2.622400000000000020e+01 1.258751999999999960e+01 1.772029583999999886e+04 1.773891488000000027e+04 1.774346831999999995e+04 3.225551999999999708e+01 -1.323119999999999941e+01
2.176592000000000127e+01 -1.203397904000000017e+04 -8.820180159999999887e+03 2.951391999999999882e+01 1.594895999999999958e+01 -1.397372063999999955e+04 -3.562482719999999972e+03 2.691535999999999973e+01
2.853648000000000096e+01 -1.417595535999999993e+04 -2.327723296000000119e+04 -2.776954720000000179e+03 2.305328000000000088e+01 1.258751999999999960e+01 1.771250015999999960e+04 1.773102384000000166e+04
1.773569647999999870e+04 3.030064000000000135e+01 -7.914880000000000138e+00 1.890512000000000015e+01 -1.210359183999999914e+04 -8.906457119999999122e+03 2.791664000000000101e+01 1.556752000000000002e+01
2.765439999999999898e+01 1.191999999999999948e+00 1.420864000000000082e+01 -1.215778016000000025e+04 -8.798438079999999900e+03 2.555648000000000053e+01 1.320735999999999954e+01 -1.402182976000000053e+04
-3.359914240000000063e+03 2.350624000000000180e+01 2.445983999999999980e+01 -1.446413328000000001e+04 -2.602317183999999907e+04 -2.725770239999999831e+03 1.921503999999999834e+01 8.749280000000000612e+00
1.772792464000000109e+04 1.774737807999999859e+04 1.775193151999999827e+04 1.931040000000000134e+01 4.458079999999999821e+00 6.842080000000000162e+00 -1.220331456000000071e+04 -8.573030880000000252e+03
1.849983999999999895e+01 4.744159999999999933e+00 -1.402299791999999979e+04 -3.027513120000000072e+03 1.499535999999999980e+01 1.516224000000000061e+01 -1.446792383999999947e+04 -2.742904047999999966e+04
-2.509255360000000110e+03 1.487616000000000049e+01 1.168160000000000087e+00 1.775119248000000152e+04 1.777126575999999841e+04 1.777753568000000087e+04 1.261135999999999946e+01 6.842080000000000162e+00
2.383999999999999897e+00 -1.224489151999999922e+04 -8.285115200000000186e+03 1.366032000000000046e+01 3.337600000000000011e-01 -1.401827759999999944e+04 -2.657802400000000034e+03 8.391680000000000916e+00
7.843359999999999665e+00 -1.440906287999999950e+04 -2.844126304000000164e+04 -2.229659839999999804e+03 1.048959999999999937e+01 -3.790560000000000151e+00 1.778030112000000008e+04 1.780073199999999997e+04
1.780671584000000075e+04 7.676479999999999748e+00 1.394640000000000057e+01 1.358880000000000088e+00 -1.228520496000000094e+04 -7.947755360000000110e+03 1.065648000000000017e+01 3.671359999999999957e+00
3.385279999999999845e+00 1.275440000000000040e+01 -4.768000000000000016e-01 -1.233035792000000038e+04 -7.689568159999999807e+03 5.888480000000000381e+00 3.957440000000000069e+00 -1.400886080000000038e+04
-2.054602719999999863e+03 9.774399999999999755e-01 -5.721600000000000019e-01 -1.412934815999999955e+04 -2.851163871999999901e+04 -1.673210399999999936e+03 -4.529600000000000293e-01 -3.146879999999999900e+00
1.783961504000000059e+04 1.786109488000000056e+04 1.786509999999999854e+04 -1.668800000000000061e+00 -1.597280000000000033e+00 -5.316320000000000157e+00 -1.238721631999999954e+04 -7.609537280000000464e+03
9.774399999999999755e-01 -2.813120000000000065e+00 -1.402647855999999956e+04 -2.067214080000000195e+03 -4.243520000000000181e+00 -4.171999999999999709e+00 -1.414360447999999997e+04 -2.807686864000000060e+04
-1.597923680000000104e+03 -4.887199999999999989e+00 -9.130720000000000169e+00 1.785382368000000133e+04 1.787485055999999895e+04 1.787959472000000096e+04 -6.412959999999999994e+00 -1.399408000000000030e+01
-1.096640000000000015e+01 -1.245387296000000060e+04 -7.629372159999999894e+03 -3.409120000000000150e+00 -1.044191999999999965e+01 -1.405685072000000036e+04 -2.195497119999999995e+03 -6.818240000000000300e+00
-4.744159999999999933e+00 -1.423617519999999968e+04 -2.755696591999999873e+04 -1.619260479999999916e+03 -7.724160000000000359e+00 -1.690256000000000114e+01 1.786307359999999971e+04 1.788348064000000159e+04
1.788827247999999963e+04 -5.340160000000000018e+00 -1.363648000000000060e+01 -1.151472000000000051e+01 -1.252458239999999932e+04 -7.674525120000000243e+03 -3.528319999999999901e+00 -1.175312000000000090e+01
-1.954879999999999951e+00 -4.505760000000000431e+00 -6.055360000000000298e+00 -1.259390912000000026e+04 -7.713408159999999953e+03 2.145600000000000007e-01 -5.459360000000000213e+00 -1.412825151999999980e+04
-2.413871520000000146e+03 1.501919999999999922e+00 -8.582400000000000029e-01 -1.442401056000000062e+04 -2.644559279999999853e+04 -1.692663839999999936e+03 -1.263519999999999976e+00 -1.141935999999999929e+01
1.788102511999999842e+04 1.790300560000000041e+04 1.790538959999999861e+04 -3.552160000000000206e+00 5.292480000000000295e+00 -2.932319999999999816e+00 -1.265510640000000058e+04 -7.634211680000000342e+03
4.529600000000000293e-01 -6.675200000000000022e-01 -1.415113791999999921e+04 -2.328643520000000080e+03 2.479359999999999786e+00 -1.144320000000000004e+00 -1.438620031999999992e+04 -2.587834384000000136e+04
-1.620476319999999987e+03 1.883359999999999923e+00 -4.505760000000000431e+00 1.790019248000000152e+04 1.792107632000000012e+04 1.792336495999999897e+04 -1.101407999999999987e+01 7.485759999999999970e+00
-9.202239999999999753e+00 -1.270097456000000057e+04 -7.364176000000000386e+03 -4.934879999999999711e+00 -6.365280000000000271e+00 -1.415435632000000078e+04 -2.009187519999999950e+03 -6.412959999999999994e+00
-8.487040000000000362e+00 -1.417335679999999957e+04 -2.530384751999999935e+04 -1.379453919999999925e+03 -2.383999999999999897e+00 -6.770559999999999690e+00 1.792963488000000143e+04 1.795059024000000136e+04
1.795266431999999986e+04 -1.697408000000000072e+01 2.360160000000000036e+00 -1.649727999999999994e+01 -1.273730672000000050e+04 -6.983927999999999884e+03 -9.702880000000000393e+00 -1.432784000000000013e+01
-1.902431999999999945e+01 1.907200000000000006e-01 -2.085999999999999943e+01 -1.276553327999999965e+04 -6.551732640000000174e+03 -1.220608000000000004e+01 -1.854751999999999867e+01 -1.412119488000000092e+04
-1.100287520000000086e+03 -2.124144000000000077e+01 -2.112224000000000146e+01 -1.350078271999999924e+04 -2.415735808000000179e+04 -5.984316800000000285e+02 -1.296895999999999916e+01 -1.826144000000000034e+01
1.800165552000000025e+04 1.802404128000000128e+04 1.802475648000000001e+04 -1.969183999999999912e+01 9.774399999999999755e-01 -2.126528000000000063e+01 -1.278918255999999928e+04 -6.089093600000000151e+03
-1.244448000000000043e+01 -1.933424000000000120e+01 -1.409518543999999929e+04 -6.559814400000000205e+02 -2.276719999999999899e+01 -2.243344000000000094e+01 -1.312694767999999931e+04 -2.359423343999999997e+04
-1.572247999999999877e+02 -1.656879999999999953e+01 -1.842831999999999937e+01 1.803820223999999871e+04 1.806068335999999908e+04 1.806275744000000122e+04 -1.778463999999999956e+01 -2.050240000000000062e+00
-1.811840000000000117e+01 -1.282301152000000002e+04 -5.716808159999999589e+03 -1.058496000000000059e+01 -1.442319999999999958e+01 -1.408367072000000007e+04 -3.784838399999999865e+02 -2.112224000000000146e+01
-2.004944000000000059e+01 -1.284210735999999997e+04 -2.304007263999999850e+04 1.951780799999999942e+02 -1.578208000000000055e+01 -1.289743999999999957e+01 1.807262719999999899e+04 1.809475072000000000e+04
1.809641951999999947e+04 -1.497151999999999994e+01 -8.081759999999999167e+00 -1.566287999999999947e+01 -1.287152592000000004e+04 -5.516027680000000146e+03 -8.129440000000000666e+00 -1.230143999999999949e+01
-1.582976000000000028e+01 -1.151472000000000051e+01 -1.649727999999999994e+01 -1.292926640000000043e+04 -5.420524639999999636e+03 -8.248639999999999972e+00 -1.523376000000000019e+01 -1.411654608000000007e+04
-4.207521600000000035e+02 -2.202815999999999974e+01 -2.004944000000000059e+01 -1.267332015999999931e+04 -2.197626032000000123e+04 4.795892799999999738e+02 -1.180080000000000062e+01 -1.361264000000000074e+01
1.811580143999999927e+04 1.813818720000000030e+04 1.813925999999999840e+04 -1.468543999999999983e+01 -4.744159999999999933e+00 -1.404176000000000002e+01 -1.298734064000000035e+04 -5.359017439999999624e+03
-8.582399999999999807e+00 -1.039423999999999992e+01 -1.414024303999999938e+04 -5.193544000000000551e+02 -2.012096000000000018e+01 -2.016863999999999990e+01 -1.266414176000000043e+04 -2.146105408000000170e+04
5.459121599999999717e+02 -1.401792000000000016e+01 -1.222991999999999990e+01 1.812991472000000067e+04 1.815301568000000043e+04 1.815497056000000157e+04 -1.053728000000000087e+01 3.766719999999999846e+00
-8.677759999999999252e+00 -1.304336463999999978e+04 -5.310932160000000295e+03 -5.554719999999999658e+00 -4.577280000000000015e+00 -1.416341552000000047e+04 -5.880374399999999468e+02 -1.656879999999999953e+01
-1.692640000000000100e+01 -1.264788287999999920e+04 -2.095466863999999987e+04 6.073716799999999694e+02 -1.382719999999999949e+01 -7.295040000000000191e+00 1.814090495999999985e+04 1.816374367999999959e+04
1.816631840000000011e+04 -1.139551999999999943e+01 1.716480000000000006e+00 -1.008431999999999995e+01 -1.309094928000000073e+04 -5.167772960000000239e+03 -5.483200000000000074e+00 -1.056112000000000073e+01
-1.542448000000000086e+01 2.026400000000000201e+00 -1.442319999999999958e+01 -1.312399151999999958e+04 -4.833941439999999602e+03 -9.559839999999999449e+00 -1.866672000000000153e+01 -1.416701535999999942e+04
-1.684057599999999866e+02 -2.434064000000000050e+01 -2.190896000000000043e+01 -1.221461471999999958e+04 -1.993269552000000112e+04 1.082479039999999941e+03 -1.404176000000000002e+01 -1.649727999999999994e+01
1.819235167999999976e+04 1.821283023999999932e+04 1.821471359999999913e+04 -1.687872000000000128e+01 5.769280000000000186e+00 -1.613967999999999847e+01 -1.314690176000000065e+04 -4.384819679999999607e+03
-1.199151999999999951e+01 -2.140831999999999979e+01 -1.414558320000000094e+04 2.773068799999999783e+02 -2.438832000000000022e+01 -2.274335999999999913e+01 -1.181286304000000018e+04 -1.942049311999999918e+04
1.523423680000000104e+03 -1.356495999999999924e+01 -1.296895999999999916e+01 1.822806399999999849e+04 1.825090272000000186e+04 1.825309600000000137e+04 -1.451856000000000080e+01 8.558559999999999945e+00
-1.540063999999999922e+01 -1.316406655999999930e+04 -3.879101760000000013e+03 -1.156240000000000023e+01 -2.224271999999999849e+01 -1.411807184000000052e+04 7.414955200000000559e+02 -2.221887999999999863e+01
-2.088383999999999929e+01 -1.137890351999999984e+04 -1.891007872000000134e+04 2.018842720000000099e+03 -1.478079999999999927e+01 -1.096640000000000015e+01 1.826794831999999951e+04 1.829267039999999906e+04
1.829433919999999853e+04 -1.141935999999999929e+01 1.385103999999999935e+01 -1.346959999999999980e+01 -1.318182735999999932e+04 -3.351403359999999793e+03 -9.011520000000000863e+00 -2.188512000000000057e+01
-1.096640000000000015e+01 1.809456000000000131e+01 -1.397024000000000044e+01 -1.320738384000000042e+04 -2.935824480000000221e+03 -9.154560000000000031e+00 -2.150367999999999924e+01 -1.407361023999999998e+04
1.430590719999999919e+03 -1.504303999999999952e+01 -1.613967999999999847e+01 -1.058896512000000075e+04 -1.790765439999999944e+04 2.932653760000000148e+03 -1.313583999999999996e+01 -2.386383999999999972e+01
1.834802688000000126e+04 1.837336880000000019e+04 1.837339264000000185e+04 -9.488319999999999865e+00 1.840447999999999951e+01 -1.363648000000000060e+01 -1.324660064000000057e+04 -2.714064800000000105e+03
-1.044191999999999965e+01 -1.931040000000000134e+01 -1.407649488000000019e+04 1.443845759999999927e+03 -1.363648000000000060e+01 -1.313583999999999996e+01 -1.040549248000000080e+04 -1.743030607999999847e+04
3.177395199999999932e+03 -1.292127999999999943e+01 -2.391151999999999944e+01 1.837172383999999875e+04 1.839737568000000101e+04 1.839716112000000066e+04 -8.916159999999999641e+00 1.308816000000000024e+01
-1.423248000000000069e+01 -1.329895327999999972e+04 -2.611433599999999842e+03 -1.020351999999999926e+01 -1.580592000000000041e+01 -1.409842768000000069e+04 1.332799040000000105e+03 -1.306432000000000038e+01
-1.237296000000000085e+01 -1.032193327999999929e+04 -1.696041967999999906e+04 3.312997119999999995e+03 -1.251600000000000001e+01 -2.088383999999999929e+01 1.839337055999999939e+04 1.841837872000000061e+04
1.841914159999999902e+04 -1.447087999999999930e+01 8.177120000000000388e+00 -1.787999999999999901e+01 -1.335376144000000022e+04 -2.549688000000000102e+03 -1.261135999999999946e+01 -1.616351999999999833e+01
-1.876208000000000098e+01 3.337600000000000122e+00 -2.002560000000000073e+01 -1.340547040000000015e+04 -2.497287679999999909e+03 -1.501919999999999966e+01 -1.768928000000000011e+01 -1.414586928000000080e+04
1.093207040000000006e+03 -2.024015999999999948e+01 -2.372080000000000055e+01 -1.021884912000000077e+04 -1.605028000000000065e+04 3.500903999999999996e+03 -2.055008000000000123e+01 -1.942960000000000065e+01
1.842545920000000115e+04 1.845008592000000135e+04 1.845168319999999949e+04 -2.093151999999999902e+01 8.344000000000000306e-01 -2.348239999999999839e+01 -1.344912144000000080e+04 -2.336868320000000040e+03
-1.849983999999999895e+01 -1.928656000000000148e+01 -1.415840912000000026e+04 1.146656320000000051e+03 -2.374464000000000041e+01 -2.722528000000000148e+01 -1.005118239999999969e+04 -1.559817823999999928e+04
3.684829600000000028e+03 -2.245728000000000080e+01 -2.050240000000000151e+01 1.844760656000000017e+04 1.847130352000000130e+04 1.847473647999999957e+04 -2.484128000000000114e+01 5.435520000000000351e+00
-2.779744000000000170e+01 -1.347586991999999918e+04 -1.992547199999999975e+03 -2.364928000000000097e+01 -2.162287999999999855e+01 -1.415030351999999948e+04 1.423724799999999959e+03 -2.836959999999999837e+01
-3.103968000000000060e+01 -9.721546720000000278e+03 -1.513987808000000041e+04 4.027195839999999862e+03 -2.610480000000000089e+01 -2.341087999999999880e+01 1.848010048000000097e+04 1.850396431999999913e+04
1.850758799999999974e+04 -2.851264000000000109e+01 4.958719999999999573e+00 -3.242240000000000322e+01 -1.349305855999999949e+04 -1.557157279999999901e+03 -2.834575999999999851e+01 -2.536576000000000164e+01
-2.994303999999999988e+01 3.528319999999999901e+00 -3.533088000000000051e+01 -1.350359583999999995e+04 -1.086436480000000074e+03 -3.139727999999999852e+01 -2.927552000000000021e+01 -1.409742640000000029e+04
2.207917759999999817e+03 -3.468719999999999715e+01 -3.630832000000000193e+01 -8.865380800000000818e+03 -1.422897551999999996e+04 4.970353920000000471e+03 -3.180255999999999972e+01 -2.813119999999999976e+01
1.855588783999999941e+04 1.857929871999999887e+04 1.858187343999999939e+04 -3.120655999999999963e+01 5.721600000000000019e-01 -3.626064000000000220e+01 -1.351031871999999930e+04 -5.973827199999999493e+02
-3.361440000000000339e+01 -3.323295999999999850e+01 -1.406436031999999977e+04 2.573146560000000136e+03 -3.621296000000000248e+01 -3.752416000000000196e+01 -8.420478719999999157e+03 -1.378135568000000058e+04
5.472877279999999701e+03 -3.385280000000000200e+01 -3.006223999999999918e+01 1.859276831999999922e+04 1.861777648000000045e+04 1.861985055999999895e+04 -3.096816000000000102e+01 -1.716480000000000006e+00
-3.463951999999999742e+01 -1.352838944000000083e+04 -2.118183999999999969e+02 -3.287536000000000058e+01 -3.344751999999999725e+01 -1.404743391999999949e+04 2.762197760000000017e+03 -3.623680000000000234e+01
-3.840623999999999683e+01 -8.081593120000000454e+03 -1.334382015999999931e+04 5.867071680000000015e+03 -3.204095999999999833e+01 -2.915632000000000090e+01 1.862612048000000141e+04 1.865215376000000106e+04
1.865387024000000019e+04 -2.941855999999999938e+01 -1.811840000000000117e+00 -3.180255999999999972e+01 -1.356617583999999988e+04 -1.683104000000000156e+01 -3.146880000000000166e+01 -3.127807999999999922e+01
-2.965696000000000154e+01 -6.770559999999999690e+00 -3.015759999999999863e+01 -1.361550079999999980e+04 6.544079999999999586e+01 -3.115887999999999991e+01 -3.039600000000000080e+01 -1.408173968000000059e+04
2.517670880000000125e+03 -3.654672000000000054e+01 -3.626064000000000220e+01 -7.840499200000000201e+03 -1.250307871999999952e+04 6.200664800000000469e+03 -3.263696000000000197e+01 -2.732064000000000092e+01
1.867234623999999894e+04 1.869878480000000127e+04 1.869945232000000033e+04 -2.715375999999999834e+01 -1.058496000000000059e+01 -2.741600000000000037e+01 -1.366444432000000052e+04 9.774399999999999977e+01
-2.758287999999999940e+01 -2.610480000000000089e+01 -1.410877424000000065e+04 2.311836319999999887e+03 -3.497328000000000259e+01 -3.299455999999999989e+01 -7.812058079999999791e+03 -1.209863312000000042e+04
6.275832320000000436e+03 -3.087280000000000157e+01 -2.362544000000000111e+01 1.868724624000000040e+04 1.871287424000000101e+04 1.871423312000000078e+04 -2.324399999999999977e+01 -1.056112000000000073e+01
-2.383999999999999986e+01 -1.371036016000000018e+04 9.912672000000000594e+01 -2.338703999999999894e+01 -2.164671999999999841e+01 -1.413375856000000022e+04 2.123691040000000157e+03 -3.006223999999999918e+01
-2.779744000000000170e+01 -7.794392640000000029e+03 -1.170448639999999978e+04 6.331284160000000156e+03 -2.710607999999999862e+01 -1.993024000000000129e+01 1.869699680000000080e+04 1.872140896000000066e+04
1.872379295999999886e+04 -2.102687999999999846e+01 -6.961280000000000356e+00 -2.069312000000000040e+01 -1.374974383999999918e+04 1.910775999999999897e+02 -1.876208000000000098e+01 -1.652111999999999981e+01
-2.050240000000000151e+01 -4.338879999999999626e+00 -2.121760000000000090e+01 -1.377603936000000067e+04 4.646415999999999826e+02 -1.723631999999999920e+01 -1.716479999999999961e+01 -1.414715663999999924e+04
2.272404959999999846e+03 -2.705839999999999890e+01 -3.142111999999999838e+01 -7.401032640000000356e+03 -1.090644239999999991e+04 6.750176800000000185e+03 -1.826144000000000034e+01 -1.490000000000000036e+01
1.874069552000000112e+04 1.876644271999999910e+04 1.876663344000000143e+04 -2.193280000000000030e+01 -5.411679999999999602e+00 -2.569951999999999970e+01 -1.379051023999999961e+04 8.474404799999999796e+02
-2.074080000000000013e+01 -2.593791999999999831e+01 -1.413011103999999978e+04 2.559438560000000052e+03 -2.832191999999999865e+01 -3.080127999999999844e+01 -7.050894559999999728e+03 -1.050366560000000027e+04
7.133285600000000159e+03 -2.636703999999999937e+01 -2.119376000000000104e+01 1.877163983999999982e+04 1.879803071999999884e+04 1.879793535999999949e+04 -2.360160000000000124e+01 -4.434239999999999959e+00
-2.796432000000000073e+01 -1.379918800000000010e+04 1.274224159999999983e+03 -2.250496000000000052e+01 -3.082512000000000185e+01 -1.410708159999999953e+04 2.860347040000000106e+03 -2.844112000000000151e+01
-2.887023999999999901e+01 -6.676535039999999753e+03 -1.010379728000000068e+04 7.559282559999999648e+03 -3.604608000000000345e+01 -2.505583999999999989e+01 1.880325168000000122e+04 1.883128752000000168e+04
1.883157359999999971e+04 -2.376848000000000027e+01 -9.536000000000000032e-02 -2.655776000000000181e+01 -1.380617311999999947e+04 1.727064959999999928e+03 -2.171824000000000154e+01 -3.020527999999999835e+01
-2.043087999999999838e+01 1.025120000000000031e+00 -2.357776000000000138e+01 -1.382331408000000010e+04 2.061516320000000178e+03 -1.938192000000000093e+01 -2.529423999999999850e+01 -1.407444463999999971e+04
3.234706560000000081e+03 -2.126528000000000063e+01 -2.178976000000000113e+01 -6.019933759999999893e+03 -9.319961919999999736e+03 8.311672959999999875e+03 -3.061055999999999955e+01 -2.369696000000000069e+01
1.886809648000000016e+04 1.889625152000000162e+04 1.889615615999999864e+04 -1.873824000000000112e+01 -3.313759999999999817e+00 -2.188512000000000057e+01 -1.385733375999999953e+04 2.187176959999999781e+03
-1.916735999999999862e+01 -2.116992000000000118e+01 -1.408910623999999916e+04 3.081200800000000072e+03 -1.921503999999999834e+01 -2.138447999999999993e+01 -5.931439680000000408e+03 -8.950966399999999339e+03
8.447346400000000358e+03 -3.034832000000000107e+01 -2.195664000000000016e+01 1.888628640000000087e+04 1.891301104000000123e+04 1.891322560000000158e+04 -1.613967999999999847e+01 -9.988960000000000505e+00
-2.019247999999999976e+01 -1.390296351999999933e+04 2.194758080000000064e+03 -1.878592000000000084e+01 -1.897663999999999973e+01 -1.412000288000000000e+04 2.802225120000000061e+03 -1.654495999999999967e+01
-2.097919999999999874e+01 -5.952204319999999825e+03 -8.592317440000000715e+03 8.471234080000000176e+03 -2.715375999999999834e+01 -2.026399999999999935e+01 1.889811103999999978e+04 1.892400128000000041e+04
1.892397743999999875e+04 -8.439360000000000639e+00 -1.108559999999999945e+01 -1.435167999999999999e+01 -1.395317056000000048e+04 2.155040640000000167e+03 -1.399408000000000030e+01 -1.287359999999999971e+01
-5.006400000000000183e+00 -7.986399999999999721e+00 -9.869759999999999422e+00 -1.400247168000000056e+04 2.100423200000000179e+03 -1.065648000000000017e+01 -7.032799999999999940e+00 -1.419178512000000046e+04
2.246419359999999870e+03 -8.343999999999999417e+00 -9.965120000000000644e+00 -6.067470720000000256e+03 -7.891087679999999636e+03 8.434353600000000370e+03 -1.509071999999999925e+01 -8.272479999999999833e+00
1.891630096000000049e+04 1.894269183999999950e+04 1.894216735999999946e+04 -5.054079999999999906e+00 -2.693919999999999870e+00 -8.248639999999999972e+00 -1.404104479999999967e+04 2.146720479999999952e+03
-9.750560000000000116e+00 -5.554719999999999658e+00 -1.421612576000000081e+04 2.140593600000000151e+03 -1.203919999999999924e+01 -1.017967999999999940e+01 -6.031591519999999946e+03 -7.546504320000000007e+03
8.484059999999999491e+03 -1.389872000000000085e+01 -6.460639999999999716e+00 1.892640912000000026e+04 1.895351520000000164e+04 1.895272848000000158e+04 -7.604960000000000164e+00 1.501919999999999922e+00
-1.020351999999999926e+01 -1.406254847999999947e+04 2.377515519999999924e+03 -1.060880000000000045e+01 -8.987679999999999225e+00 -1.421858128000000033e+04 2.265539040000000114e+03 -1.644960000000000022e+01
-1.268288000000000082e+01 -5.837963039999999637e+03 -7.195770239999999831e+03 8.685722560000000158e+03 -1.311200000000000010e+01 -9.774399999999999977e+00 1.894593407999999908e+04 1.897354079999999885e+04
1.897287327999999980e+04 -9.965120000000000644e+00 5.554719999999999658e+00 -1.251600000000000001e+01 -1.408178736000000026e+04 2.697257599999999911e+03 -1.108559999999999945e+01 -1.127632000000000012e+01
-8.510880000000000223e+00 1.022736000000000089e+01 -1.225375999999999976e+01 -1.409947664000000077e+04 3.041483360000000175e+03 -1.153856000000000037e+01 -1.149088000000000065e+01 -1.420596991999999955e+04
2.742553600000000188e+03 -1.864288000000000167e+01 -1.380335999999999963e+01 -5.278533599999999751e+03 -6.481523839999999836e+03 9.312929120000000694e+03 -1.351727999999999952e+01 -1.287359999999999971e+01
1.901099343999999837e+04 1.903864784000000145e+04 1.903793263999999908e+04 -7.509599999999999831e+00 1.313583999999999996e+01 -1.203919999999999924e+01 -1.411022847999999976e+04 3.410717279999999846e+03
-1.253983999999999988e+01 -1.156240000000000023e+01 -1.419152288000000044e+04 2.966411200000000008e+03 -1.869056000000000139e+01 -1.497151999999999994e+01 -4.990522560000000340e+03 -6.133078400000000329e+03
9.651671679999999469e+03 -1.516224000000000061e+01 -1.244448000000000043e+01 1.904074576000000161e+04 1.906885311999999976e+04 1.906720815999999832e+04 -5.411679999999999602e+00 1.122864000000000040e+01
-9.941280000000000783e+00 -1.413046863999999914e+04 3.682898560000000089e+03 -1.139551999999999943e+01 -1.034656000000000020e+01 -1.419116527999999926e+04 3.025534400000000005e+03 -1.561519999999999975e+01
-1.344575999999999993e+01 -4.806191679999999906e+03 -5.794288160000000062e+03 9.882037599999999657e+03 -1.375567999999999991e+01 -1.289743999999999957e+01 1.906441888000000108e+04 1.909286000000000058e+04
1.909116735999999946e+04 -2.550879999999999814e+00 1.740320000000000089e+00 -7.461920000000000108e+00 -1.416780207999999948e+04 3.766743840000000091e+03 -8.224800000000000111e+00 -9.631360000000000809e+00
1.501919999999999922e+00 9.536000000000000032e-01 -2.622399999999999842e+00 -1.421455232000000069e+04 3.739351680000000215e+03 -4.982560000000000322e+00 -1.406560000000000032e+00 -1.425202880000000005e+04
2.550617760000000089e+03 -6.174559999999999604e+00 -4.291199999999999903e+00 -4.875828319999999621e+03 -5.153206720000000132e+03 9.897104479999999967e+03 -1.158624000000000009e+01 -7.342719999999999914e+00
1.908890255999999863e+04 1.911591328000000067e+04 1.911462591999999859e+04 4.577280000000000015e+00 1.978720000000000034e+00 -2.145600000000000007e-01 -1.426514079999999922e+04 3.663349760000000060e+03
-4.100480000000000125e+00 2.646240000000000148e+00 -1.429527455999999984e+04 2.229802880000000187e+03 -1.263519999999999976e+00 1.430400000000000005e-01 -5.011287199999999757e+03 -4.843882719999999608e+03
9.802149760000000242e+03 -8.463200000000000500e+00 -4.934879999999999711e+00 1.909483871999999974e+04 1.912177792000000045e+04 1.912056207999999970e+04 2.956160000000000121e+00 -2.026400000000000201e+00
-2.622399999999999842e+00 -1.431897151999999915e+04 3.550896479999999883e+03 -3.361439999999999984e+00 -1.907200000000000006e+00 -1.434331215999999949e+04 1.931183040000000119e+03 1.144320000000000004e+00
2.646240000000000148e+00 -5.160692479999999705e+03 -4.540709439999999631e+03 9.681972320000000764e+03 -7.318880000000000052e+00 -6.865920000000000023e+00 1.909786639999999898e+04 1.912707040000000052e+04
1.912511551999999938e+04 -7.390400000000000302e-01 -2.574720000000000120e+00 -7.056639999999999802e+00 -1.436202656000000025e+04 3.505123680000000149e+03 -4.386560000000000237e+00 -6.532160000000000188e+00
-7.390399999999999636e+00 -1.549600000000000088e+00 -1.573440000000000083e+01 -1.438484144000000015e+04 3.627351360000000113e+03 -9.273759999999999337e+00 -1.327888000000000090e+01 -1.438481760000000031e+04
1.851700479999999970e+03 -1.022736000000000089e+01 -9.702880000000000393e+00 -5.153802719999999681e+03 -3.944995519999999942e+03 9.708673119999999471e+03 -1.256367999999999974e+01 -1.728399999999999892e+01
1.910647263999999996e+04 1.913498528000000078e+04 1.913374559999999838e+04 -1.387487999999999921e+01 -1.072799999999999976e+00 -2.186128000000000071e+01 -1.439895471999999972e+04 3.871306079999999838e+03
-1.354111999999999938e+01 -1.787999999999999901e+01 -1.437976352000000043e+04 2.048618879999999990e+03 -1.511456000000000088e+01 -1.721247999999999934e+01 -4.987423359999999775e+03 -3.642704319999999825e+03
9.896627679999999600e+03 -1.768928000000000011e+01 -1.864288000000000167e+01 1.912060975999999937e+04 1.914847871999999916e+04 1.914835952000000179e+04 -1.630656000000000105e+01 1.168160000000000087e+00
-2.350624000000000180e+01 -1.441118463999999949e+04 4.175337599999999838e+03 -1.745088000000000150e+01 -1.904815999999999931e+01 -1.437032287999999971e+04 2.269925600000000031e+03 -1.668799999999999883e+01
-2.064544000000000068e+01 -4.792292959999999766e+03 -3.336312640000000101e+03 1.013860368000000017e+04 -2.198048000000000002e+01 -1.931040000000000134e+01 1.914268560000000070e+04 1.917000623999999880e+04
1.916912415999999939e+04 -1.618736000000000175e+01 7.986399999999999721e+00 -2.405455999999999861e+01 -1.442424896000000081e+04 4.499633120000000417e+03 -2.043087999999999838e+01 -1.742704000000000164e+01
-1.256367999999999974e+01 1.258751999999999960e+01 -2.035935999999999879e+01 -1.444589567999999963e+04 4.725707840000000033e+03 -1.807072000000000145e+01 -1.156240000000000023e+01 -1.436839184000000023e+04
2.488514560000000074e+03 -8.653919999999999391e+00 -1.764160000000000039e+01 -4.494888960000000225e+03 -2.731754080000000158e+03 1.054340688000000046e+04 -1.685488000000000142e+01 -1.766544000000000025e+01
1.918850607999999920e+04 1.921694719999999870e+04 1.921570751999999993e+04 -8.630079999999999529e+00 1.311200000000000010e+01 -1.573440000000000083e+01 -1.448184640000000036e+04 4.759274559999999838e+03
-1.420864000000000082e+01 -3.528319999999999901e+00 -1.439766735999999946e+04 2.273382399999999961e+03 -2.765439999999999898e+00 -1.175312000000000090e+01 -4.565383840000000419e+03 -2.447724319999999807e+03
1.051951920000000064e+04 -1.137167999999999957e+01 -1.482848000000000077e+01 1.919777983999999924e+04 1.922548191999999835e+04 1.922517199999999866e+04 -7.938719999999999999e+00 5.650079999999999991e+00
-1.337424000000000035e+01 -1.452831055999999990e+04 4.662794079999999667e+03 -1.330272000000000077e+01 -3.933600000000000207e+00 -1.444086543999999958e+04 1.928250720000000001e+03 -2.932319999999999816e+00
-9.941280000000000783e+00 -4.757558079999999791e+03 -2.175447680000000219e+03 1.038022207999999955e+04 -1.077567999999999948e+01 -1.268288000000000082e+01 1.919947248000000036e+04 1.922731759999999849e+04
1.922636400000000140e+04 -6.603679999999999772e+00 -1.501919999999999922e+00 -1.020351999999999926e+01 -1.458206976000000031e+04 4.516750240000000304e+03 -9.392960000000000420e+00 -6.055360000000000298e+00
-1.740320000000000089e+00 -2.145600000000000007e-01 -4.744159999999999933e+00 -1.463747392000000036e+04 4.354018399999999929e+03 -1.644959999999999978e+00 -1.835679999999999978e+00 -1.454762096000000020e+04
1.229261919999999918e+03 -3.099199999999999733e-01 -6.675200000000000022e-01 -5.247112479999999778e+03 -1.640644960000000083e+03 1.000407456000000093e+04 -1.406560000000000032e+00 -4.744159999999999933e+00
1.920416895999999906e+04 1.923301536000000124e+04 1.923284848000000056e+04 4.744159999999999933e+00 4.410400000000000098e+00 2.193280000000000118e+00 -1.468379504000000088e+04 4.286813439999999900e+03
5.363999999999999879e+00 2.240959999999999841e+00 -1.459244016000000011e+04 1.053894880000000057e+03 5.125600000000000378e+00 5.459360000000000213e+00 -5.403145279999999730e+03 -1.372349600000000009e+03
9.887115519999999378e+03 8.773120000000000474e+00 3.528319999999999901e+00 1.921146399999999994e+04 1.924076336000000083e+04 1.923945216000000073e+04 9.297599999999999199e+00 1.554368000000000016e+01
6.746719999999999828e+00 -1.471428640000000087e+04 4.386679199999999582e+03 1.120480000000000054e+01 8.105600000000000804e+00 -1.461723375999999917e+04 1.099381599999999935e+03 9.869759999999999422e+00
9.941280000000000783e+00 -5.413015040000000226e+03 -1.099167040000000043e+03 9.916271839999999429e+03 1.704560000000000031e+01 1.325503999999999927e+01 1.922717455999999947e+04 1.925649775999999838e+04
1.925461439999999857e+04 8.582399999999999807e+00 2.457903999999999911e+01 3.814400000000000013e+00 -1.473440735999999924e+04 4.586911360000000059e+03 1.096640000000000015e+01 8.463200000000000500e+00
6.079200000000000159e+00 2.641471999999999909e+01 2.860800000000000010e-01 -1.475376543999999922e+04 4.812533120000000054e+03 6.937439999999999607e+00 5.101759999999999629e+00 -1.463594815999999992e+04
1.408300320000000056e+03 2.622399999999999842e+00 5.483200000000000074e+00 -5.281036799999999857e+03 -5.507755200000000286e+02 1.019283967999999913e+04 1.382719999999999949e+01 -2.932319999999999816e+00
1.927115936000000147e+04 1.929895679999999993e+04 1.929871840000000157e+04 3.409120000000000150e+00 2.226655999999999835e+01 0.000000000000000000e+00 -1.477209840000000077e+04 5.039394559999999728e+03
4.505760000000000431e+00 2.169439999999999813e+00 -1.464407760000000053e+04 1.526761279999999942e+03 -1.239679999999999893e+00 1.811840000000000117e+00 -5.222581119999999828e+03 -2.791187199999999962e+02
1.033938415999999961e+04 9.416800000000000281e+00 -6.269919999999999938e+00 1.929538079999999900e+04 1.932332128000000012e+04 1.932303519999999844e+04 9.774399999999999755e-01 1.459008000000000038e+01
-5.959999999999999742e-01 -1.479870384000000013e+04 5.167296159999999873e+03 4.648799999999999599e+00 -9.536000000000000032e-01 -1.466486607999999978e+04 1.471047199999999975e+03 -3.599839999999999929e+00
6.675200000000000022e-01 -5.280035520000000361e+03 -1.723631999999999920e+01 1.037426208000000042e+04 7.318880000000000052e+00 -6.937439999999999607e+00 1.931254560000000129e+04 1.934141584000000148e+04
1.934039071999999942e+04 3.814400000000000013e+00 1.211072000000000060e+01 2.717760000000000176e+00 -1.484142511999999988e+04 5.107696160000000418e+03 9.535999999999999588e+00 4.100480000000000125e+00
8.177120000000000388e+00 1.418479999999999919e+01 7.509599999999999831e+00 -1.489287183999999979e+04 4.925558560000000398e+03 1.444703999999999944e+01 1.270672000000000068e+01 -1.476585231999999996e+04
7.576352000000000544e+02 3.432960000000000012e+00 1.110943999999999932e+01 -5.869527200000000448e+03 4.709353600000000029e+02 9.986885920000000624e+03 1.568671999999999933e+01 2.431680000000000064e+00
1.932010287999999855e+04 1.934821024000000034e+04 1.934623152000000118e+04 1.039423999999999992e+01 1.273056000000000054e+01 9.106880000000000308e+00 -1.494860975999999937e+04 4.681746879999999692e+03
1.597279999999999944e+01 1.697408000000000072e+01 -1.482871839999999975e+04 3.206718399999999747e+02 4.791839999999999655e+00 1.339808000000000021e+01 -6.292115039999999681e+03 7.007052800000000161e+02
9.686788000000000466e+03 1.692640000000000100e+01 6.985120000000000218e+00 1.931492959999999948e+04 1.934327535999999964e+04 1.934170191999999952e+04 1.060880000000000045e+01 7.914880000000000138e+00
9.297599999999999199e+00 -1.500573040000000037e+04 4.411401280000000042e+03 1.609199999999999875e+01 1.728399999999999892e+01 -1.489525583999999981e+04 -9.364351999999999521e+01 5.912320000000000242e+00
1.361264000000000074e+01 -6.741665920000000369e+03 9.275905599999999822e+02 9.359536319999999250e+03 1.549600000000000044e+01 8.773120000000000474e+00 1.930916031999999905e+04 1.933767295999999988e+04
1.933593263999999908e+04 1.008431999999999995e+01 8.820800000000000196e+00 9.512159999999999727e+00 -1.505476928000000044e+04 4.237798399999999674e+03 1.606815999999999889e+01 1.754624000000000095e+01
1.144320000000000093e+01 1.618736000000000175e+01 1.044191999999999965e+01 -1.508702479999999923e+04 4.252150080000000344e+03 1.635424000000000078e+01 1.971567999999999898e+01 -1.498136592000000019e+04
-3.367400000000000091e+02 1.191999999999999993e+01 1.542448000000000086e+01 -7.310655200000000150e+03 1.394496959999999945e+03 9.046970079999999143e+03 2.052624000000000137e+01 1.351727999999999952e+01
1.931886319999999978e+04 1.934797183999999834e+04 1.934630303999999887e+04 1.265903999999999918e+01 2.317248000000000019e+01 1.249216000000000015e+01 -1.510638287999999920e+04 4.385963999999999942e+03
1.764160000000000039e+01 2.147983999999999938e+01 -1.499779168000000027e+04 -2.058822399999999959e+02 1.349343999999999966e+01 1.611583999999999861e+01 -7.438389919999999620e+03 1.635328639999999950e+03
9.088117920000000595e+03 2.035935999999999879e+01 1.442319999999999958e+01 1.933414463999999862e+04 1.936387312000000020e+04 1.936306255999999848e+04 1.196767999999999965e+01 2.400687999999999889e+01
1.191999999999999993e+01 -1.512335695999999916e+04 4.564334880000000339e+03 1.664031999999999911e+01 1.993024000000000129e+01 -1.500878191999999945e+04 -5.142287999999999926e+01 1.006048000000000009e+01
1.253983999999999988e+01 -7.555158239999999751e+03 1.876064959999999928e+03 9.177184160000000702e+03 1.740320000000000178e+01 1.180080000000000062e+01 1.935319280000000072e+04 1.938358880000000136e+04
1.938289744000000064e+04 1.180080000000000062e+01 2.293408000000000158e+01 1.130015999999999998e+01 -1.514176144000000022e+04 4.748689599999999700e+03 1.439935999999999972e+01 1.969183999999999912e+01
1.385103999999999935e+01 1.854751999999999867e+01 1.504303999999999952e+01 -1.516953504000000066e+04 4.821997599999999693e+03 1.635424000000000078e+01 2.243344000000000094e+01 -1.504394592000000011e+04
1.630656000000000105e+01 1.065648000000000017e+01 1.115712000000000081e+01 -7.940841760000000249e+03 2.345641439999999875e+03 9.249800800000000891e+03 1.730783999999999878e+01 1.122864000000000040e+01
1.939279104000000007e+04 1.942373535999999876e+04 1.942120832000000155e+04 1.954879999999999995e+01 1.330272000000000077e+01 2.047856000000000165e+01 -1.521230400000000009e+04 4.711093920000000253e+03
2.183744000000000085e+01 2.805968000000000018e+01 -1.509114912000000004e+04 -2.755665599999999813e+02 1.644960000000000022e+01 1.742704000000000164e+01 -8.394135519999999815e+03 2.565636959999999817e+03
9.055218720000000758e+03 2.267183999999999955e+01 1.377951999999999977e+01 1.939925168000000122e+04 1.942878944000000047e+04 1.942588095999999859e+04 2.240960000000000107e+01 8.796960000000000335e+00
2.336319999999999908e+01 -1.526272559999999976e+04 4.482897439999999733e+03 2.431680000000000064e+01 3.103968000000000060e+01 -1.514946176000000014e+04 -6.944830399999999599e+02 1.807072000000000145e+01
2.031167999999999907e+01 -8.998288800000000265e+03 2.773092639999999847e+03 8.744249760000000606e+03 2.617632000000000048e+01 1.666415999999999897e+01 1.939610480000000098e+04 1.942421215999999913e+04
1.942070767999999953e+04 2.329167999999999950e+01 6.103040000000000020e+00 2.631935999999999964e+01 -1.531870191999999952e+04 4.196626720000000205e+03 2.531807999999999836e+01 3.304223999999999961e+01
2.746368000000000009e+01 9.631360000000000809e+00 3.156416000000000111e+01 -1.537579872000000069e+04 3.890902559999999994e+03 2.965696000000000154e+01 3.757184000000000168e+01 -1.528556431999999950e+04
-1.560304159999999911e+03 2.281487999999999872e+01 2.476976000000000155e+01 -1.047093327999999929e+04 3.175845600000000104e+03 7.999249759999999696e+03 2.875103999999999971e+01 2.591407999999999845e+01
1.938330271999999968e+04 1.941267359999999826e+04 1.940940752000000066e+04 3.037216000000000093e+01 9.226079999999999615e+00 3.270848000000000155e+01 -1.542231055999999990e+04 3.679894720000000234e+03
3.268464000000000169e+01 3.575999999999999801e+01 -1.534111152000000038e+04 -1.816655680000000075e+03 2.522271999999999892e+01 2.810735999999999990e+01 -1.120360800000000017e+04 3.373812960000000203e+03
7.701178240000000187e+03 3.320911999999999864e+01 2.691535999999999973e+01 1.937908304000000135e+04 1.940869231999999829e+04 1.940540239999999903e+04 3.041984000000000066e+01 9.559839999999999449e+00
2.870335999999999999e+01 -1.545380320000000029e+04 3.636243680000000040e+03 3.082512000000000185e+01 3.039600000000000080e+01 -1.537696687999999995e+04 -1.845215999999999894e+03 2.724912000000000134e+01
2.853648000000000096e+01 -1.184690655999999944e+04 3.579885920000000169e+03 7.551010080000000016e+03 3.397200000000000131e+01 2.353008000000000166e+01 1.938609200000000055e+04 1.941470000000000073e+04
1.941205375999999887e+04 2.567567999999999984e+01 1.182464000000000048e+01 2.269567999999999941e+01 -1.547661808000000019e+04 3.689692959999999857e+03 2.579487999999999914e+01 2.383999999999999986e+01
2.019247999999999976e+01 1.103791999999999973e+01 1.866672000000000153e+01 -1.549642912000000069e+04 3.784862239999999929e+03 2.112224000000000146e+01 1.985872000000000170e+01 -1.541644592000000011e+04
-1.650109439999999950e+03 1.914351999999999876e+01 1.871440000000000126e+01 -1.315727216000000044e+04 4.001210239999999885e+03 7.501065279999999802e+03 2.355392000000000152e+01 1.606815999999999889e+01
1.941427088000000003e+04 1.944478608000000168e+04 1.944216368000000148e+04 1.790383999999999887e+01 8.057919999999999305e+00 1.613967999999999847e+01 -1.551306943999999930e+04 3.907232959999999821e+03
1.804688000000000159e+01 1.900047999999999959e+01 -1.543153664000000026e+04 -1.561210080000000062e+03 1.456624000000000052e+01 1.370800000000000018e+01 -1.391478816000000006e+04 4.210096319999999650e+03
7.515011679999999615e+03 1.647344000000000008e+01 1.230143999999999949e+01 1.943048208000000159e+04 1.946035359999999855e+04 1.945847023999999874e+04 1.742704000000000164e+01 2.169439999999999813e+00
1.525760000000000005e+01 -1.553648032000000057e+04 3.941920160000000124e+03 1.799919999999999831e+01 1.916735999999999862e+01 -1.545697392000000036e+04 -1.630441440000000057e+03 1.416095999999999933e+01
1.308816000000000024e+01 -1.489673392000000058e+04 4.410328480000000127e+03 7.423346880000000056e+03 1.385103999999999935e+01 1.144320000000000093e+01 1.943973199999999997e+04 1.947062863999999900e+04
1.946774399999999878e+04 1.845215999999999923e+01 1.215840000000000032e+00 1.857135999999999854e+01 -1.557526800000000003e+04 3.808082400000000234e+03 1.969183999999999912e+01 2.474592000000000169e+01
2.350624000000000180e+01 9.774399999999999977e+00 2.517503999999999920e+01 -1.562354399999999987e+04 3.577263519999999971e+03 2.372080000000000055e+01 3.423423999999999978e+01 -1.555950976000000082e+04
-2.300750720000000001e+03 2.267183999999999955e+01 1.935808000000000106e+01 -1.770501440000000002e+04 4.779562399999999798e+03 6.818931359999999586e+03 2.085999999999999943e+01 1.990640000000000143e+01
1.943663279999999941e+04 1.946640896000000066e+04 1.946223695999999836e+04 2.858416000000000068e+01 1.633040000000000092e+01 3.006223999999999918e+01 -1.567446623999999974e+04 3.325227040000000216e+03
2.875103999999999971e+01 3.854928000000000310e+01 -1.562104080000000067e+04 -2.672678559999999834e+03 2.951391999999999882e+01 2.429296000000000078e+01 -1.943634672000000137e+04 4.958791519999999764e+03
6.451342400000000453e+03 2.476976000000000155e+01 2.176592000000000127e+01 1.943329520000000048e+04 1.946276143999999840e+04 1.946006752000000051e+04 2.891791999999999874e+01 1.547216000000000058e+01
2.922784000000000049e+01 -1.572402959999999985e+04 3.086445600000000013e+03 3.027680000000000149e+01 3.564079999999999870e+01 -1.567894815999999992e+04 -2.994494720000000143e+03 3.096816000000000102e+01
2.624784000000000006e+01 -2.109379887999999846e+04 5.135994239999999991e+03 6.086995679999999993e+03 2.736832000000000065e+01 1.981103999999999843e+01 1.942907551999999851e+04 1.945920927999999913e+04
1.945758815999999933e+04 2.431680000000000064e+01 1.451856000000000080e+01 2.307712000000000074e+01 -1.576367552000000069e+04 2.968866719999999987e+03 2.598560000000000159e+01 2.887023999999999901e+01
1.787999999999999901e+01 1.923888000000000176e+01 1.721247999999999934e+01 -1.578598976000000039e+04 3.048539999999999964e+03 1.952496000000000009e+01 2.264799999999999969e+01 -1.574009776000000056e+04
-3.000049440000000232e+03 1.675951999999999842e+01 1.623504000000000147e+01 -2.231021103999999832e+04 5.507373760000000402e+03 5.740695840000000317e+03 1.475695999999999941e+01 1.420864000000000082e+01
1.944511983999999939e+04 1.947592111999999906e+04 1.947401392000000124e+04 1.494768000000000008e+01 2.558032000000000039e+01 1.535295999999999950e+01 -1.579547808000000077e+04 3.245672959999999875e+03
1.799919999999999831e+01 2.024015999999999948e+01 -1.574024079999999958e+04 -2.746415680000000066e+03 1.454240000000000066e+01 1.444703999999999944e+01 -2.210318447999999989e+04 5.699095040000000154e+03
5.728465919999999642e+03 1.001280000000000037e+01 1.401792000000000016e+01 1.946330976000000010e+04 1.949392032000000108e+04 1.949151248000000123e+04 1.139551999999999943e+01 2.872719999999999985e+01
1.342192000000000007e+01 -1.579779055999999946e+04 3.484668959999999970e+03 1.518608000000000047e+01 1.842831999999999937e+01 -1.573072863999999936e+04 -2.467440000000000055e+03 1.242064000000000057e+01
1.039423999999999992e+01 -2.169757071999999971e+04 5.889624319999999898e+03 5.652988479999999981e+03 6.865920000000000023e+00 1.196767999999999965e+01 1.948130895999999848e+04 1.951165727999999945e+04
1.950915408000000025e+04 1.060880000000000045e+01 3.330447999999999809e+01 1.191999999999999993e+01 -1.580100895999999921e+04 3.736633920000000217e+03 1.237296000000000085e+01 1.828528000000000020e+01
1.265903999999999918e+01 3.382896000000000214e+01 1.130015999999999998e+01 -1.581342959999999948e+04 3.895408320000000003e+03 1.375567999999999991e+01 1.966799999999999926e+01 -1.571849871999999959e+04
-2.100089440000000195e+03 8.844640000000000057e+00 7.390399999999999636e+00 -2.071519584000000032e+04 6.258858239999999569e+03 5.199146399999999630e+03 8.081759999999999167e+00 1.084720000000000084e+01
1.951466112000000066e+04 1.954217248000000109e+04 1.954059904000000097e+04 1.435167999999999999e+01 2.717760000000000176e+01 1.253983999999999988e+01 -1.584168000000000029e+04 3.880436799999999948e+03
1.518608000000000047e+01 2.362544000000000111e+01 -1.574062224000000060e+04 -2.221864160000000084e+03 1.163391999999999982e+01 9.845919999999999561e+00 -2.021667759999999907e+04 6.428765919999999824e+03
4.893231520000000273e+03 7.557280000000000442e+00 1.060880000000000045e+01 1.951838016000000061e+04 1.954746496000000116e+04 1.954496175999999832e+04 1.625888000000000133e+01 2.479360000000000142e+01
1.470927999999999969e+01 -1.587975247999999920e+04 3.773943519999999808e+03 1.547216000000000058e+01 2.872719999999999985e+01 -1.577628687999999966e+04 -2.453827360000000226e+03 1.363648000000000060e+01
1.065648000000000017e+01 -1.972442928000000029e+04 6.592665920000000369e+03 4.569627360000000408e+03 5.149440000000000239e+00 1.242064000000000057e+01 1.951814175999999861e+04 1.954932447999999931e+04
1.954505712000000131e+04 1.609199999999999875e+01 2.646239999999999881e+01 1.480464000000000091e+01 -1.591486880000000019e+04 3.646947839999999815e+03 1.575824000000000069e+01 3.163568000000000069e+01
1.494768000000000008e+01 2.577103999999999928e+01 1.571055999999999919e+01 -1.594657600000000093e+04 3.510463839999999891e+03 1.687872000000000128e+01 3.182639999999999958e+01 -1.583970127999999931e+04
-2.876725120000000061e+03 1.139551999999999943e+01 9.249919999999999476e+00 -1.876472623999999996e+04 6.900321119999999610e+03 3.934911200000000008e+03 7.795679999999999943e+00 1.659263999999999939e+01
1.950274111999999877e+04 1.953471055999999953e+04 1.953025247999999920e+04 1.246832000000000029e+01 2.093151999999999902e+01 1.551984000000000030e+01 -1.597184640000000036e+04 3.459803840000000037e+03
1.532911999999999964e+01 2.863184000000000040e+01 -1.586282608000000073e+04 -2.921305919999999787e+03 9.512159999999999727e+00 7.104320000000000412e+00 -1.828837919999999940e+04 7.056592319999999745e+03
3.629306239999999889e+03 9.464480000000000004e+00 1.497151999999999994e+01 1.950126304000000164e+04 1.953258880000000136e+04 1.952803536000000167e+04 7.676479999999999748e+00 1.778463999999999956e+01
9.750560000000000116e+00 -1.598021423999999934e+04 3.583604960000000119e+03 1.058496000000000059e+01 2.093151999999999902e+01 -1.586380351999999948e+04 -2.735878400000000056e+03 5.340160000000000018e+00
3.576000000000000068e+00 -1.781074480000000040e+04 7.218370560000000296e+03 3.342749440000000050e+03 8.105600000000000804e+00 1.120480000000000054e+01 1.950812896000000183e+04 1.953847727999999915e+04
1.953482976000000053e+04 2.074079999999999924e+00 1.761776000000000053e+01 3.051520000000000010e+00 -1.597749647999999979e+04 3.818500480000000152e+03 5.578560000000000407e+00 1.196767999999999965e+01
1.454239999999999977e+00 1.621120000000000161e+01 1.120479999999999920e+00 -1.597475488000000041e+04 4.095568960000000061e+03 4.291199999999999903e+00 8.200960000000000250e+00 -1.582885407999999916e+04
-2.116944320000000062e+03 3.242239999999999789e+00 -1.597280000000000033e+00 -1.685888511999999901e+04 7.548554559999999583e+03 2.810187680000000000e+03 5.959999999999999964e+00 1.764159999999999950e+00
1.953287487999999939e+04 1.956443904000000111e+04 1.956124448000000120e+04 3.051520000000000010e+00 1.344575999999999993e+01 -1.192000000000000004e-01 -1.597101200000000063e+04 4.395881440000000111e+03
4.601119999999999877e+00 6.532160000000000188e+00 -1.580880464000000029e+04 -1.828075039999999944e+03 3.385279999999999845e+00 -2.097920000000000229e+00 -1.638651935999999841e+04 7.716102079999999660e+03
2.548138399999999820e+03 6.126879999999999882e+00 2.956160000000000121e+00 1.955011119999999937e+04 1.958258127999999851e+04 1.957912447999999858e+04 2.717760000000000176e+00 9.178399999999999892e+00
-6.675200000000000022e-01 -1.597313376000000062e+04 4.603718560000000252e+03 4.744159999999999933e+00 6.961280000000000356e+00 -1.579941167999999925e+04 -1.701556160000000091e+03 2.622399999999999842e+00
-1.978720000000000034e+00 -1.592650272000000041e+04 7.875877760000000308e+03 2.281058880000000045e+03 5.197119999999999962e+00 2.622399999999999842e+00 1.956055312000000049e+04 1.959228415999999925e+04
1.958897039999999834e+04 4.052800000000000402e+00 5.268640000000000434e+00 2.026400000000000201e+00 -1.599299248000000080e+04 4.620406560000000354e+03 7.199679999999999858e+00 9.726720000000000255e+00
5.030240000000000045e+00 -1.072799999999999976e+00 1.692639999999999922e+00 -1.602229183999999987e+04 4.517918399999999565e+03 8.677759999999999252e+00 7.724160000000000359e+00 -1.584284815999999955e+04
-2.025422559999999976e+03 4.982560000000000322e+00 3.003839999999999844e+00 -1.504818944000000010e+04 8.162863680000000386e+03 1.721128799999999956e+03 7.628800000000000026e+00 1.644959999999999978e+00
1.955897968000000037e+04 1.958985248000000138e+04 1.958646719999999914e+04 4.720320000000000071e+00 -7.032799999999999940e+00 1.191999999999999948e+00 -1.605225871999999981e+04 4.377858400000000074e+03
9.607519999999999172e+00 5.650079999999999991e+00 -1.587245744000000013e+04 -2.252999200000000201e+03 5.769280000000000186e+00 5.268640000000000434e+00 -1.462414736000000084e+04 8.298560960000000705e+03
1.439244640000000118e+03 8.415520000000000778e+00 1.025120000000000031e+00 1.955251903999999922e+04 1.958219984000000113e+04 1.957876687999999922e+04 7.914880000000000138e+00 -9.535999999999999588e+00
1.978720000000000034e+00 -1.608191568000000007e+04 4.238179839999999786e+03 1.232527999999999935e+01 6.222240000000000215e+00 -1.590025488000000041e+04 -2.437306239999999889e+03 8.963839999999999364e+00
8.463200000000000500e+00 -1.420463487999999961e+04 8.432684800000000905e+03 1.161961600000000089e+03 1.115712000000000081e+01 3.361439999999999984e+00 1.954381743999999890e+04 1.957345056000000113e+04
1.957123343999999997e+04 9.893599999999999284e+00 -8.701600000000000890e+00 -2.860800000000000010e-01 -1.610113071999999920e+04 4.211264479999999821e+03 1.242064000000000057e+01 4.028959999999999653e+00
8.153280000000000527e+00 -1.740320000000000089e+00 -3.647520000000000095e+00 -1.610566032000000087e+04 4.373614880000000085e+03 8.844640000000000057e+00 1.144320000000000004e+00 -1.591167424000000028e+04
-2.212065920000000006e+03 1.029888000000000048e+01 8.415520000000000778e+00 -1.335934000000000015e+04 8.715594080000000758e+03 6.531683199999999943e+02 1.497151999999999994e+01 2.145599999999999952e+00
1.954963439999999900e+04 1.958138927999999942e+04 1.957764640000000145e+04 6.269919999999999938e+00 6.913599999999999746e+00 -5.721600000000000463e+00 -1.609841295999999966e+04 4.656619520000000193e+03
5.864639999999999631e+00 1.931040000000000090e+00 -1.589188703999999962e+04 -1.860592799999999897e+03 6.055360000000000298e+00 4.386560000000000237e+00 -1.293184111999999914e+04 8.866835039999999935e+03
4.228977600000000052e+02 1.182464000000000048e+01 1.501919999999999922e+00 1.956596480000000156e+04 1.959707600000000093e+04 1.959266560000000027e+04 1.048960000000000115e+00 1.029888000000000048e+01
-8.129440000000000666e+00 -1.608646911999999975e+04 4.971116799999999785e+03 3.099200000000000177e+00 1.597280000000000033e+00 -1.586552000000000044e+04 -1.502682880000000068e+03 -2.622400000000000286e-01
-6.913599999999999746e-01 -1.250763215999999920e+04 9.018004479999999603e+03 2.023777599999999950e+02 7.414240000000000386e+00 -9.536000000000000032e-02 1.958396399999999994e+04 1.961500368000000162e+04
1.961102240000000165e+04 -6.198400000000000354e+00 9.822079999999999700e+00 -1.230143999999999949e+01 -1.607378623999999945e+04 5.291216480000000047e+03 -2.789280000000000204e+00 -4.171999999999999709e+00
-9.774399999999999977e+00 1.034656000000000020e+01 -1.296895999999999916e+01 -1.606899439999999959e+04 5.521987680000000182e+03 -6.126879999999999882e+00 -6.174559999999999604e+00 -1.581650496000000021e+04
-9.949385600000000522e+02 -9.535999999999999588e+00 -1.318351999999999968e+01 -1.167733264000000054e+04 9.314049600000000282e+03 -2.390436799999999948e+02 -1.931040000000000090e+00 -1.118096000000000068e+01
1.961598112000000037e+04 1.964880879999999888e+04 1.964463680000000022e+04 -7.938719999999999999e+00 4.028959999999999653e+00 -9.607519999999999172e+00 -1.607986543999999958e+04 5.578059360000000197e+03
-2.884640000000000093e+00 -4.267360000000000042e+00 -1.581962800000000061e+04 -1.047291200000000117e+03 -6.269919999999999938e+00 -9.655200000000000671e+00 -1.128189855999999963e+04 9.447935040000000299e+03
-4.732955200000000104e+02 6.913599999999999746e-01 -8.558559999999999945e+00 1.962065376000000106e+04 1.965236096000000180e+04 1.964778368000000046e+04 -5.721600000000000463e+00 -4.148159999999999847e+00
-7.152000000000000135e+00 -1.609838911999999982e+04 5.534932799999999588e+03 1.025120000000000031e+00 -3.623680000000000234e+00 -1.583364592000000084e+04 -1.207472160000000031e+03 -4.934879999999999711e+00
-5.840799999999999770e+00 -1.089876591999999982e+04 9.572618239999999787e+03 -7.110041599999999562e+02 4.291199999999999903e+00 -5.721600000000000463e+00 1.961891344000000026e+04 1.964995311999999831e+04
1.964628176000000167e+04 -6.079200000000000159e+00 -1.525760000000000005e+00 -5.697759999999999714e+00 -1.611948752000000059e+04 5.465725279999999657e+03 2.550879999999999814e+00 -2.765439999999999898e+00
-8.677759999999999252e+00 5.006399999999999739e-01 -7.748000000000000220e+00 -1.614087199999999939e+04 5.386338080000000446e+03 1.192000000000000004e-01 -4.195840000000000458e+00 -1.586935823999999957e+04
-1.497295039999999972e+03 -6.794400000000000439e+00 -9.154560000000000031e+00 -1.014594640000000072e+04 9.814236639999999170e+03 -1.181105119999999943e+03 -2.479359999999999786e+00 -7.652639999999999887e+00
1.961238128000000142e+04 1.964385008000000016e+04 1.963996415999999954e+04 -1.211072000000000060e+01 1.644959999999999978e+00 -1.306432000000000038e+01 -1.615391248000000087e+04 5.404098880000000463e+03
-5.006400000000000183e+00 -8.868479999999999919e+00 -1.587622415999999976e+04 -1.465206400000000031e+03 -1.070415999999999990e+01 -1.397024000000000044e+01 -9.772635840000000826e+03 9.939277439999999842e+03
-1.399860959999999977e+03 -7.628800000000000026e+00 -1.187232000000000021e+01 1.961455071999999927e+04 1.964446991999999955e+04 1.964148991999999998e+04 -1.838063999999999965e+01 1.716480000000000006e+00
-1.919119999999999848e+01 -1.615148079999999936e+04 5.606977280000000064e+03 -1.184848000000000035e+01 -1.511456000000000088e+01 -1.586175328000000081e+04 -1.208187359999999899e+03 -1.673567999999999856e+01
-2.055008000000000123e+01 -9.393246080000000802e+03 1.007275760000000082e+04 -1.603335360000000037e+03 -1.394640000000000057e+01 -1.485232000000000063e+01 1.962613695999999982e+04 1.965650911999999880e+04
1.965412512000000061e+04 -2.620016000000000034e+01 -3.313759999999999817e+00 -2.586639999999999873e+01 -1.613810656000000017e+04 5.923572479999999814e+03 -1.928656000000000148e+01 -2.021631999999999962e+01
-2.803584000000000032e+01 3.814400000000000013e-01 -2.784512000000000143e+01 -1.612029808000000048e+04 6.295261919999999918e+03 -2.069312000000000040e+01 -2.019247999999999976e+01 -1.579345168000000012e+04
-4.507190400000000068e+02 -2.808352000000000004e+01 -3.046752000000000038e+01 -8.630223040000000765e+03 1.035259151999999995e+04 -1.974095039999999926e+03 -2.326783999999999963e+01 -2.231424000000000163e+01
1.966764240000000063e+04 1.970023168000000078e+04 1.969598816000000079e+04 -2.660544000000000153e+01 5.244799999999999685e+00 -2.717760000000000176e+01 -1.610091616000000067e+04 6.694415039999999863e+03
-2.057392000000000110e+01 -1.988256000000000157e+01 -1.575399647999999979e+04 -8.603856000000000392e+01 -2.770207999999999871e+01 -2.937087999999999965e+01 -8.254170879999999670e+03 1.049200784000000021e+04
-2.149032960000000003e+03 -2.274335999999999913e+01 -2.229040000000000177e+01 1.968998047999999835e+04 1.972268895999999950e+04 1.971889840000000186e+04 -2.341087999999999880e+01 3.599839999999999929e+00
-2.398303999999999903e+01 -1.608673135999999977e+04 7.006981279999999970e+03 -1.971567999999999898e+01 -1.880976000000000070e+01 -1.572526928000000044e+04 1.249215999999999980e+02 -2.333935999999999922e+01
-2.515119999999999933e+01 -7.889728799999999865e+03 1.062250799999999981e+04 -2.327642240000000129e+03 -1.799919999999999831e+01 -2.167056000000000182e+01 1.970523807999999917e+04 1.973696912000000157e+04
1.973365536000000066e+04 -1.661647999999999925e+01 2.264800000000000146e+00 -1.644960000000000022e+01 -1.608890079999999944e+04 7.141295839999999771e+03 -1.199151999999999951e+01 -1.182464000000000048e+01
-1.015583999999999953e+01 4.934879999999999711e+00 -9.798239999999999839e+00 -1.610339552000000003e+04 7.168831040000000030e+03 -3.242239999999999789e+00 -3.051520000000000010e+00 -1.572412495999999919e+04
1.644959999999999978e+00 -8.224800000000000111e+00 -1.125248000000000026e+01 -7.190144000000000233e+03 1.086081264000000010e+04 -2.718236800000000130e+03 -5.268640000000000434e+00 -9.869759999999999422e+00
1.971861232000000018e+04 1.974993807999999990e+04 1.974607600000000093e+04 -8.916159999999999641e+00 8.367839999999999279e+00 -7.271200000000000330e+00 -1.611781871999999930e+04 7.165803359999999884e+03
-1.501919999999999922e+00 1.644959999999999978e+00 -1.573170607999999993e+04 -1.216078399999999959e+02 -7.819519999999999804e+00 -8.916159999999999641e+00 -6.853713920000000144e+03 1.097200239999999940e+04
-2.912628160000000207e+03 -4.386560000000000237e+00 -5.793120000000000047e+00 1.971873152000000118e+04 1.975015264000000025e+04 1.974722032000000036e+04 -1.070415999999999990e+01 1.065648000000000017e+01
-7.366559999999999775e+00 -1.613114528000000064e+04 7.160057920000000195e+03 -2.169439999999999813e+00 3.480640000000000178e+00 -1.573940639999999985e+04 -2.094582399999999893e+02 -1.003664000000000023e+01
-1.027504000000000062e+01 -6.522981600000000071e+03 1.108111808000000019e+04 -3.103395840000000135e+03 -4.505760000000000431e+00 -3.719040000000000123e+00 1.971799248000000080e+04 1.974922288000000117e+04
1.974710111999999936e+04 -1.447087999999999930e+01 9.178399999999999892e+00 -1.041807999999999979e+01 -1.613495967999999993e+04 7.266884960000000319e+03 -4.148159999999999847e+00 -2.765439999999999898e+00
-2.333935999999999922e+01 1.573439999999999950e+00 -1.890512000000000015e+01 -1.612363567999999941e+04 7.563788319999999658e+03 -1.311200000000000010e+01 -1.726015999999999906e+01 -1.571082223999999951e+04
1.742465599999999881e+02 -2.167056000000000182e+01 -2.443599999999999994e+01 -5.847808960000000297e+03 1.131901743999999962e+04 -3.446715679999999793e+03 -8.034079999999999444e+00 -1.530527999999999977e+01
1.973990144000000146e+04 1.977108415999999852e+04 1.976710287999999855e+04 -2.977616000000000085e+01 4.529600000000000293e-01 -2.593791999999999831e+01 -1.610318095999999969e+04 7.968353119999999763e+03
-1.971567999999999898e+01 -2.472208000000000183e+01 -1.567151008000000002e+04 5.856534400000000460e+02 -2.810735999999999990e+01 -3.120655999999999963e+01 -5.504655999999999949e+03 1.144763423999999941e+04
-3.597742079999999987e+03 -1.258751999999999960e+01 -2.236192000000000135e+01 1.976271631999999954e+04 1.979451887999999963e+04 1.979034688000000097e+04 -2.999071999999999960e+01 5.077919999999999767e+00
-2.863184000000000040e+01 -1.607779135999999926e+04 8.405650240000000849e+03 -2.221887999999999863e+01 -2.715375999999999834e+01 -1.562299567999999999e+04 1.006620160000000055e+03 -2.989536000000000016e+01
-3.187407999999999930e+01 -5.165293599999999969e+03 1.157606032000000050e+04 -3.739685440000000199e+03 -1.625888000000000133e+01 -2.445983999999999980e+01 1.978669935999999871e+04 1.981936016000000018e+04
1.981392464000000109e+04 -3.142111999999999838e+01 5.268640000000000434e+00 -3.130191999999999908e+01 -1.605140048000000024e+04 8.851243679999999586e+03 -2.596176000000000172e+01 -3.132575999999999894e+01
-3.287536000000000058e+01 -9.536000000000000032e-02 -3.232703999999999667e+01 -1.603743023999999969e+04 9.191607359999999971e+03 -2.758287999999999940e+01 -3.287536000000000058e+01 -1.554255952000000070e+04
1.613348160000000007e+03 -3.299455999999999989e+01 -3.225551999999999708e+01 -4.501421119999999974e+03 1.182390096000000085e+04 -4.026146880000000237e+03 -2.341087999999999880e+01 -3.292304000000000030e+01
1.983070799999999872e+04 1.986303503999999884e+04 1.985876768000000084e+04 -2.946623999999999910e+01 -5.268640000000000434e+00 -3.068207999999999913e+01 -1.603948048000000017e+04 9.357080799999999726e+03
-2.448367999999999967e+01 -3.020527999999999835e+01 -1.553230832000000009e+04 1.595801920000000109e+03 -3.213631999999999778e+01 -2.968080000000000140e+01 -4.185374240000000100e+03 1.193618735999999990e+04
-4.190070719999999710e+03 -2.145599999999999952e+01 -3.127807999999999922e+01 1.984279488000000129e+04 1.987443056000000070e+04 1.987116447999999946e+04 -2.705839999999999890e+01 -7.891040000000000276e+00
-2.779744000000000170e+01 -1.604815824000000066e+04 9.421758719999999812e+03 -2.007328000000000046e+01 -2.636703999999999937e+01 -1.553176000000000022e+04 1.460533760000000029e+03 -2.956159999999999854e+01
-2.708223999999999876e+01 -3.881461920000000191e+03 1.203946224000000075e+04 -4.357999679999999898e+03 -1.652111999999999981e+01 -2.667696000000000112e+01 1.984615632000000187e+04 1.987843567999999868e+04
1.987450207999999839e+04 -2.689151999999999987e+01 -1.191999999999999993e+01 -2.374464000000000041e+01 -1.605986368000000039e+04 9.451368000000000393e+03 -1.575824000000000069e+01 -2.414992000000000161e+01
-2.467439999999999856e+01 -1.006048000000000009e+01 -1.938192000000000093e+01 -1.607264192000000003e+04 9.458972959999999148e+03 -1.222991999999999990e+01 -2.124144000000000077e+01 -1.554229728000000068e+04
1.195504480000000058e+03 -2.538960000000000150e+01 -2.617632000000000048e+01 -3.288584960000000137e+03 1.223545088000000032e+04 -4.693333120000000235e+03 -1.091872000000000043e+01 -2.100303999999999860e+01
1.984737215999999898e+04 1.988124880000000121e+04 1.987614703999999983e+04 -2.183744000000000085e+01 3.814400000000000013e+00 -1.516224000000000061e+01 -1.607688544000000002e+04 9.554666719999999259e+03
-1.110943999999999932e+01 -1.428016000000000041e+01 -1.553745775999999933e+04 1.248167040000000043e+03 -2.205199999999999960e+01 -2.467439999999999856e+01 -2.991443200000000161e+03 1.233791519999999946e+04
-4.851296959999999672e+03 -9.917439999999999145e+00 -1.730783999999999878e+01 1.985495328000000154e+04 1.988804320000000007e+04 1.988344208000000071e+04 -2.205199999999999960e+01 1.737935999999999837e+01
-1.540063999999999922e+01 -1.606475087999999960e+04 9.834715200000000550e+03 -1.351727999999999952e+01 -1.215840000000000032e+01 -1.551101920000000064e+04 1.524734879999999976e+03 -2.214735999999999905e+01
-2.503200000000000003e+01 -2.689748000000000047e+03 1.244834208000000035e+04 -4.991881440000000111e+03 -1.075183999999999962e+01 -1.816608000000000089e+01 1.987068767999999909e+04 1.990454047999999966e+04
1.990015392000000065e+04 -2.455519999999999925e+01 2.224271999999999849e+01 -1.995408000000000115e+01 -1.604486831999999958e+04 1.022263968000000023e+04 -1.757008000000000081e+01 -1.787999999999999901e+01
-2.791664000000000101e+01 1.640192000000000050e+01 -2.515119999999999933e+01 -1.602114752000000044e+04 1.065709984000000077e+04 -2.016863999999999990e+01 -2.491280000000000072e+01 -1.542443231999999989e+04
2.299439519999999902e+03 -3.173104000000000013e+01 -3.216015999999999764e+01 -2.081160480000000007e+03 1.268113968000000023e+04 -5.248352160000000367e+03 -1.652111999999999981e+01 -2.701071999999999917e+01
1.991967887999999948e+04 1.995174367999999959e+04 1.994759551999999894e+04 -3.380512000000000228e+01 7.175839999999999996e+00 -3.142111999999999838e+01 -1.599327856000000065e+04 1.111222927999999956e+04
-2.345855999999999852e+01 -3.182639999999999958e+01 -1.537546495999999934e+04 2.656610400000000027e+03 -3.862080000000000268e+01 -3.688047999999999860e+01 -1.783398879999999963e+03 1.279325920000000042e+04
-5.368672639999999774e+03 -2.102687999999999846e+01 -3.118271999999999977e+01 1.994292287999999826e+04 1.997524991999999838e+04 1.997055343999999968e+04 -3.707119999999999749e+01 1.668800000000000006e-01
-3.339983999999999753e+01 -1.597556544000000031e+04 1.146730224000000089e+04 -2.426912000000000091e+01 -3.485408000000000328e+01 -1.534165984000000026e+04 2.846901280000000042e+03 -4.131472000000000122e+01
-3.893072000000000088e+01 -1.493003840000000082e+03 1.290244640000000072e+04 -5.496860319999999774e+03 -2.305328000000000088e+01 -3.034832000000000107e+01 1.996211407999999938e+04 1.999489408000000185e+04
1.999131808000000092e+04 -3.225551999999999708e+01 -3.051520000000000010e+00 -2.848880000000000123e+01 -1.597706736000000092e+04 1.163232272000000012e+04 -1.895279999999999987e+01 -3.075359999999999872e+01
-2.541344000000000136e+01 -3.576000000000000068e+00 -2.188512000000000057e+01 -1.598750928000000022e+04 1.167742799999999988e+04 -1.420864000000000082e+01 -2.441216000000000008e+01 -1.533312512000000061e+04
2.629170560000000023e+03 -2.774975999999999843e+01 -2.732064000000000092e+01 -9.461857599999999593e+02 1.309371471999999994e+04 -5.791355840000000171e+03 -1.408943999999999974e+01 -1.759392000000000067e+01
1.997584591999999975e+04 2.000905503999999928e+04 2.000509760000000097e+04 -2.031167999999999907e+01 1.668800000000000061e+00 -1.606815999999999889e+01 -1.599857104000000072e+04 1.168782223999999951e+04
-1.089488000000000056e+01 -1.501919999999999966e+01 -1.533851296000000002e+04 2.443218559999999798e+03 -2.221887999999999863e+01 -2.319632000000000005e+01 -6.837073599999999942e+02 1.318015855999999985e+04
-5.944051040000000285e+03 -1.079951999999999934e+01 -1.261135999999999946e+01 1.997584591999999975e+04 2.000848287999999957e+04 2.000485919999999896e+04 -1.959647999999999968e+01 6.412959999999999994e+00
-1.516224000000000061e+01 -1.601142079999999987e+04 1.168894272000000092e+04 -1.144320000000000093e+01 -8.939999999999999503e+00 -1.534697616000000016e+04 2.282227040000000216e+03 -2.016863999999999990e+01
-2.097919999999999874e+01 -4.256632000000000176e+02 1.326443296000000009e+04 -6.094791360000000168e+03 -9.702880000000000393e+00 -1.013199999999999967e+01 1.997606048000000010e+04 2.000872128000000157e+04
2.000509760000000097e+04 -2.703455999999999904e+01 3.218399999999999928e+00 -2.262415999999999983e+01 -1.601659408000000076e+04 1.179574591999999939e+04 -1.914351999999999876e+01 -1.809456000000000131e+01
-3.645136000000000109e+01 2.860800000000000232e+00 -3.237472000000000349e+01 -1.600374431999999979e+04 1.208747600000000057e+04 -2.658160000000000167e+01 -2.960928000000000182e+01 -1.532039456000000064e+04
2.507109759999999824e+03 -3.223167999999999722e+01 -3.642752000000000123e+01 1.022497599999999949e+02 1.345267360000000008e+04 -6.360368959999999788e+03 -2.460287999999999897e+01 -2.751135999999999981e+01
1.999551392000000124e+04 2.002905679999999847e+04 2.002450335999999879e+04 -4.465232000000000312e+01 3.981279999999999930e+00 -4.002736000000000161e+01 -1.597988047999999981e+04 1.248650992000000042e+04
-3.356672000000000367e+01 -3.611760000000000304e+01 -1.528120160000000033e+04 2.836244799999999941e+03 -4.074255999999999744e+01 -4.486688000000000187e+01 3.719516800000000103e+02 1.355580544000000009e+04
-6.472560000000000400e+03 -3.273232000000000141e+01 -3.311375999999999920e+01 2.001639775999999983e+04 2.004865327999999863e+04 2.004355152000000089e+04 -4.984944000000000131e+01 3.957440000000000069e+00
-4.522447999999999979e+01 -1.595811455999999998e+04 1.291677424000000065e+04 -3.962207999999999686e+01 -4.059951999999999828e+01 -1.524019679999999971e+04 3.165713600000000042e+03 -4.753696000000000055e+01
-5.118448000000000064e+01 6.413675200000000132e+02 1.366017696000000069e+04 -6.579983040000000074e+03 -3.838239999999999696e+01 -3.947903999999999769e+01 2.004028543999999965e+04 2.007251712000000043e+04
2.006696240000000034e+04 -5.394991999999999877e+01 3.838239999999999874e+00 -4.918191999999999808e+01 -1.593739760000000024e+04 1.335519183999999950e+04 -4.284047999999999945e+01 -4.253056000000000125e+01
-5.642927999999999855e+01 1.978720000000000034e+00 -5.042159999999999798e+01 -1.592242607999999927e+04 1.370850064000000020e+04 -4.405631999999999948e+01 -4.210143999999999664e+01 -1.517146608000000015e+04
3.585059200000000146e+03 -5.139903999999999940e+01 -5.497503999999999991e+01 1.167015679999999975e+03 1.386372287999999935e+04 -6.797737600000000384e+03 -4.193455999999999761e+01 -4.341264000000000323e+01
2.008400800000000163e+04 2.011755087999999887e+04 2.011275904000000082e+04 -5.094608000000000203e+01 -6.675200000000000022e-01 -4.601120000000000232e+01 -1.592266447999999946e+04 1.388975616000000082e+04
-4.105248000000000275e+01 -3.673743999999999943e+01 -1.516443327999999929e+04 3.479948640000000069e+03 -4.574895999999999674e+01 -4.939647999999999683e+01 1.413855039999999917e+03 1.395071504000000095e+04
-6.922420799999999872e+03 -4.102864000000000289e+01 -3.874000000000000199e+01 2.009335327999999936e+04 2.012620479999999952e+04 2.012138911999999982e+04 -4.334112000000000364e+01 -2.407840000000000202e+00
-3.864464000000000254e+01 -1.592671728000000076e+04 1.397240943999999945e+04 -3.640368000000000137e+01 -3.199327999999999861e+01 -1.516550607999999920e+04 3.263815200000000004e+03 -3.766720000000000113e+01
-4.403247999999999962e+01 1.648297600000000102e+03 1.402688384000000042e+04 -7.051538239999999860e+03 -3.807247999999999877e+01 -3.475871999999999673e+01 2.009447376000000077e+04 2.012630015999999887e+04
2.012165135999999984e+04 -3.580767999999999773e+01 1.907200000000000006e-01 -3.018143999999999849e+01 -1.593394080000000031e+04 1.401372415999999976e+04 -2.872719999999999985e+01 -2.708223999999999876e+01
-2.887023999999999901e+01 4.767999999999999794e+00 -2.434064000000000050e+01 -1.594671903999999995e+04 1.403878000000000065e+04 -2.050240000000000151e+01 -2.038319999999999865e+01 -1.518226560000000063e+04
2.854005599999999959e+03 -2.462671999999999883e+01 -2.836959999999999837e+01 2.106597760000000108e+03 1.417891151999999965e+04 -7.317068159999999807e+03 -1.866672000000000153e+01 -2.298176000000000130e+01
2.009499824000000081e+04 2.012684848000000056e+04 2.012231887999999890e+04 -2.634319999999999951e+01 6.079200000000000159e+00 -2.372080000000000055e+01 -1.595327504000000044e+04 1.415690719999999965e+04
-1.840447999999999951e+01 -1.923888000000000176e+01 -1.518469728000000032e+04 2.824372479999999996e+03 -2.209967999999999932e+01 -2.417376000000000147e+01 2.340992639999999938e+03 1.426204160000000047e+04
-7.442299680000000080e+03 -1.389872000000000085e+01 -2.386383999999999972e+01 2.010386672000000181e+04 2.013626527999999962e+04 2.013130656000000090e+04 -2.951391999999999882e+01 3.480640000000000178e+00
-2.901328000000000173e+01 -1.594531248000000051e+04 1.444820816000000013e+04 -2.353008000000000166e+01 -2.522271999999999892e+01 -1.516545839999999953e+04 3.021243199999999888e+03 -2.515119999999999933e+01
-2.720144000000000162e+01 2.581490560000000187e+03 1.435375408000000061e+04 -7.550104159999999865e+03 -1.649727999999999994e+01 -2.808352000000000004e+01 2.012160368000000017e+04 2.015526575999999841e+04
2.014947263999999996e+04 -3.490176000000000300e+01 3.647520000000000095e+00 -3.437727999999999895e+01 -1.592759936000000016e+04 1.485081808000000092e+04 -3.013375999999999877e+01 -3.258928000000000225e+01
-3.802479999999999905e+01 8.630079999999999529e+00 -3.614144000000000290e+01 -1.590504672000000028e+04 1.530375424000000021e+04 -3.432959999999999923e+01 -3.487792000000000314e+01 -1.509510656000000017e+04
3.666544319999999971e+03 -3.275616000000000128e+01 -3.642752000000000123e+01 3.068804000000000087e+03 1.454974272000000019e+04 -7.734053600000000188e+03 -2.767823999999999884e+01 -3.542623999999999995e+01
2.017443312000000151e+04 2.020778528000000006e+04 2.020242127999999866e+04 -4.079023999999999717e+01 9.631360000000000809e+00 -3.862080000000000268e+01 -1.587805983999999989e+04 1.577669216000000051e+04
-3.850160000000000338e+01 -3.514016000000000162e+01 -1.505381567999999970e+04 3.972792960000000221e+03 -3.535472000000000037e+01 -3.680895999999999901e+01 3.310708480000000236e+03 1.464793967999999950e+04
-7.820545119999999770e+03 -2.929936000000000007e+01 -3.730960000000000321e+01 2.020249279999999999e+04 2.023574959999999919e+04 2.022957503999999972e+04 -4.019424000000000063e+01 7.366559999999999775e+00
-3.871616000000000213e+01 -1.586180096000000049e+04 1.614592607999999927e+04 -3.676127999999999929e+01 -3.440111999999999881e+01 -1.502542223999999987e+04 4.119814239999999700e+03 -3.480640000000000356e+01
-3.575999999999999801e+01 3.545317919999999958e+03 1.474060576000000037e+04 -7.915714399999999841e+03 -3.049136000000000024e+01 -3.483024000000000342e+01 2.022490239999999903e+04 2.025908896000000095e+04
2.025122176000000036e+04 -3.714271999999999707e+01 2.908479999999999954e+00 -3.545007999999999981e+01 -1.586513855999999942e+04 1.634098495999999977e+04 -3.409120000000000061e+01 -3.046752000000000038e+01
-3.487792000000000314e+01 -2.836959999999999926e+00 -3.318527999999999878e+01 -1.587662944000000061e+04 1.643422320000000036e+04 -3.435343999999999909e+01 -2.827423999999999893e+01 -1.502909360000000015e+04
3.873451680000000124e+03 -3.196943999999999875e+01 -3.602224000000000359e+01 3.987430719999999837e+03 1.490526864000000023e+04 -8.143148000000000138e+03 -3.063439999999999941e+01 -2.977616000000000085e+01
2.025219919999999911e+04 2.028590896000000066e+04 2.028023503999999957e+04 -3.559311999999999898e+01 -8.200960000000000250e+00 -3.347135999999999711e+01 -1.588795343999999932e+04 1.649265504000000146e+04
-3.483024000000000342e+01 -2.991920000000000002e+01 -1.503834352000000035e+04 3.687499679999999898e+03 -3.335215999999999781e+01 -3.747648000000000224e+01 4.196888960000000225e+03 1.497860047999999915e+04
-8.258056800000000294e+03 -3.008607999999999905e+01 -3.156416000000000111e+01 2.025918432000000030e+04 2.029248879999999917e+04 2.028662415999999939e+04 -3.966975999999999658e+01 -1.416095999999999933e+01
-3.511632000000000176e+01 -1.589880063999999948e+04 1.655595023999999830e+04 -3.666591999999999985e+01 -3.182639999999999958e+01 -1.504764112000000023e+04 3.553185120000000097e+03 -3.814399999999999835e+01
-4.160079999999999956e+01 4.405751199999999699e+03 1.505298127999999997e+04 -8.372131199999999808e+03 -3.149264000000000152e+01 -3.373360000000000269e+01 2.026700384000000122e+04 2.029990304000000106e+04
2.029441983999999866e+04 -4.124320000000000164e+01 -1.115712000000000081e+01 -3.368592000000000297e+01 -1.590302031999999963e+04 1.673501248000000123e+04 -3.540240000000000009e+01 -2.946623999999999910e+01
-4.238752000000000209e+01 -8.820799999999999752e-01 -3.359056000000000353e+01 -1.589381808000000092e+04 1.709666528000000108e+04 -3.447263999999999839e+01 -2.639087999999999923e+01 -1.502091647999999986e+04
3.895384480000000167e+03 -3.828703999999999752e+01 -4.470000000000000284e+01 4.844717120000000250e+03 1.522706096000000070e+04 -8.565640480000000025e+03 -2.774975999999999843e+01 -2.622400000000000020e+01
2.031017808000000150e+04 2.034503215999999884e+04 2.034040720000000147e+04 -4.572511999999999688e+01 5.316320000000000157e+00 -3.742880000000000251e+01 -1.587522287999999935e+04 1.756237968000000183e+04
-3.764336000000000126e+01 -2.560416000000000025e+01 -1.498434591999999975e+04 4.307768799999999828e+03 -4.205375999999999692e+01 -4.901503999999999905e+01 5.074320160000000214e+03 1.532699824000000081e+04
-8.642095359999999346e+03 -3.001455999999999946e+01 -2.679616000000000042e+01 2.034624799999999959e+04 2.038060143999999855e+04 2.037595263999999952e+04 -5.075536000000000314e+01 6.699040000000000106e+00
-4.229216000000000264e+01 -1.585374303999999938e+04 1.807625087999999960e+04 -4.124320000000000164e+01 -2.960928000000000182e+01 -1.494381791999999950e+04 4.738819840000000113e+03 -4.720320000000000249e+01
-5.390223999999999904e+01 5.306974720000000161e+03 1.543213263999999981e+04 -8.716619199999999182e+03 -3.518784000000000134e+01 -3.111120000000000019e+01 2.038772959999999875e+04 2.042258367999999973e+04
2.041745808000000034e+04 -5.442672000000000310e+01 1.740320000000000089e+00 -4.779919999999999902e+01 -1.583450416000000041e+04 1.861019536000000153e+04 -4.462848000000000326e+01 -3.909759999999999991e+01
-5.671535999999999689e+01 -8.343999999999999417e+00 -5.216192000000000206e+01 -1.582523040000000037e+04 1.905285647999999856e+04 -4.796607999999999805e+01 -4.794223999999999819e+01 -1.487759040000000095e+04
5.379114559999999983e+03 -5.004016000000000020e+01 -5.530879999999999797e+01 5.767587360000000444e+03 1.564104255999999987e+04 -8.871173919999999271e+03 -4.224448000000000292e+01 -4.152927999999999997e+01
2.047345823999999993e+04 2.050709648000000016e+04 2.050170864000000074e+04 -5.490352000000000032e+01 -1.270672000000000068e+01 -4.946800000000000352e+01 -1.582942624000000069e+04 1.933693391999999949e+04
-4.696479999999999677e+01 -4.660719999999999885e+01 -1.487174959999999919e+04 5.400499039999999695e+03 -4.720320000000000249e+01 -4.908655999999999864e+01 5.983029440000000250e+03 1.573385167999999976e+04
-8.964245279999999184e+03 -4.279279999999999973e+01 -3.893072000000000088e+01 2.050628591999999844e+04 2.053944735999999830e+04 2.053417871999999988e+04 -5.175663999999999731e+01 -1.404176000000000002e+01
-4.715552000000000277e+01 -1.584432624000000033e+04 1.952007280000000173e+04 -4.450927999999999685e+01 -4.329343999999999681e+01 -1.488049887999999919e+04 5.316463039999999637e+03 -4.429471999999999809e+01
-4.498608000000000118e+01 6.194084960000000137e+03 1.582310864000000038e+04 -9.066757279999999810e+03 -4.052799999999999869e+01 -3.797711999999999932e+01 2.053587136000000100e+04 2.056953343999999925e+04
2.056354959999999846e+04 -5.049311999999999756e+01 -1.544832000000000072e+01 -4.882432000000000016e+01 -1.586478096000000005e+04 1.965994208000000071e+04 -4.348416000000000281e+01 -4.286431999999999931e+01
-4.307887999999999806e+01 -7.938719999999999999e+00 -4.386560000000000059e+01 -1.588504495999999926e+04 1.979580624000000171e+04 -3.874000000000000199e+01 -3.542623999999999995e+01 -1.490717583999999988e+04
5.168988800000000083e+03 -3.668975999999999971e+01 -3.761952000000000140e+01 6.612190880000000107e+03 1.600081199999999990e+04 -9.277359839999999167e+03 -3.561695999999999884e+01 -3.659440000000000026e+01
2.059532832000000053e+04 2.062994399999999951e+04 2.062307807999999932e+04 -3.943135999999999797e+01 -1.573439999999999950e+00 -4.224448000000000292e+01 -1.589734640000000036e+04 2.004762816000000021e+04
-3.874000000000000199e+01 -3.440111999999999881e+01 -1.490872544000000016e+04 5.270046559999999772e+03 -3.370976000000000283e+01 -3.552159999999999940e+01 6.823508640000000014e+03 1.609538528000000042e+04
-9.370455040000000736e+03 -3.101584000000000074e+01 -3.640368000000000137e+01 2.063239951999999903e+04 2.066777808000000005e+04 2.066003008000000045e+04 -4.262592000000000070e+01 6.126879999999999882e+00
-4.450927999999999685e+01 -1.589419952000000012e+04 2.048950256000000081e+04 -4.315039999999999765e+01 -3.895456000000000074e+01 -1.488917663999999968e+04 5.599443839999999909e+03 -3.487792000000000314e+01
-3.764336000000000126e+01 7.045196799999999712e+03 1.620135407999999916e+04 -9.449079359999999724e+03 -3.113504000000000005e+01 -3.711887999999999721e+01 2.068143839999999909e+04 2.071684080000000176e+04
2.071023712000000160e+04 -4.341264000000000323e+01 1.809456000000000131e+01 -4.431855999999999796e+01 -1.588139744000000064e+04 2.104573744000000079e+04 -4.305503999999999820e+01 -3.928831999999999880e+01
-4.493840000000000146e+01 2.543728000000000122e+01 -4.427087999999999823e+01 -1.587043103999999948e+04 2.164476512000000002e+04 -4.367488000000000170e+01 -3.852544000000000324e+01 -1.482247232000000076e+04
6.499570719999999710e+03 -3.559311999999999898e+01 -4.195839999999999748e+01 7.504569760000000315e+03 1.643362719999999899e+04 -9.583489279999999781e+03 -3.461567999999999756e+01 -3.645136000000000109e+01
2.080259328000000096e+04 2.083677983999999924e+04 2.082998544000000038e+04 -4.970640000000000214e+01 2.796432000000000073e+01 -4.720320000000000249e+01 -1.585946464000000014e+04 2.219868751999999949e+04
-4.737008000000000152e+01 -3.921679999999999922e+01 -1.478790431999999964e+04 6.903992479999999887e+03 -3.809631999999999863e+01 -4.677407999999999788e+01 7.732313280000000304e+03 1.654987104000000181e+04
-9.647428159999999480e+03 -3.928831999999999880e+01 -3.721423999999999666e+01 2.086352832000000126e+04 2.089797711999999956e+04 2.089115887999999904e+04 -5.333008000000000237e+01 1.921503999999999834e+01
-5.099376000000000175e+01 -1.585588863999999921e+04 2.252314991999999984e+04 -5.023087999999999909e+01 -4.384176000000000073e+01 -1.476423120000000017e+04 7.119792159999999967e+03 -4.300735999999999848e+01
-5.070768000000000342e+01 7.946110399999999572e+03 1.665285984000000099e+04 -9.714990719999999783e+03 -4.281663999999999959e+01 -4.031343999999999994e+01 2.091242415999999866e+04 2.094816031999999905e+04
2.094107983999999851e+04 -5.628623999999999938e+01 6.556000000000000050e+00 -5.220960000000000178e+01 -1.586976352000000043e+04 2.246576703999999881e+04 -5.182815999999999690e+01 -4.753696000000000055e+01
-5.893247999999999820e+01 4.148159999999999847e+00 -5.294863999999999749e+01 -1.588962224000000060e+04 2.213560687999999936e+04 -5.213808000000000220e+01 -4.746544000000000096e+01 -1.477312351999999919e+04
6.952268479999999727e+03 -5.402143999999999835e+01 -5.805040000000000333e+01 8.337992319999999381e+03 1.682910896000000139e+04 -9.885780479999999443e+03 -4.717936000000000263e+01 -3.978896000000000299e+01
2.098175087999999960e+04 2.101736783999999898e+04 2.101233759999999893e+04 -5.731136000000000053e+01 6.174559999999999604e+00 -5.333008000000000237e+01 -1.591210335999999916e+04 2.169919183999999950e+04
-5.120832000000000050e+01 -4.584432000000000329e+01 -1.478830960000000050e+04 6.794376159999999800e+03 -5.526111999999999824e+01 -5.938544000000000267e+01 8.526113760000000184e+03 1.691047488000000158e+04
-9.977731359999999768e+03 -4.794223999999999819e+01 -3.807247999999999877e+01 2.101140783999999985e+04 2.104628575999999885e+04 2.104013504000000103e+04 -5.352080000000000126e+01 8.057919999999999305e+00
-5.313936000000000348e+01 -1.593622943999999916e+04 2.122317856000000029e+04 -5.051695999999999742e+01 -4.558207999999999771e+01 -1.480533136000000013e+04 6.668930080000000089e+03 -5.554720000000000368e+01
-5.824112000000000222e+01 8.712804799999999886e+03 1.699188848000000144e+04 -1.006906240000000071e+04 -4.629728000000000065e+01 -3.597455999999999676e+01 2.103968207999999868e+04 2.107520367999999871e+04
2.106871919999999955e+04 -5.299631999999999721e+01 1.201535999999999937e+01 -5.194736000000000331e+01 -1.594979440000000068e+04 2.074852416000000085e+04 -5.030239999999999867e+01 -4.670255999999999830e+01
-5.330624000000000251e+01 2.083615999999999957e+01 -5.042159999999999798e+01 -1.594934144000000015e+04 2.028922272000000157e+04 -5.004016000000000020e+01 -4.748928000000000083e+01 -1.479059823999999935e+04
6.976728320000000167e+03 -5.628623999999999938e+01 -5.621471999999999980e+01 9.097153280000000450e+03 1.717204736000000048e+04 -1.021436720000000059e+04 -4.489072000000000173e+01 -3.387664000000000186e+01
2.111787728000000061e+04 2.115447167999999874e+04 2.114700976000000082e+04 -5.309167999999999665e+01 3.313759999999999906e+01 -4.958720000000000283e+01 -1.594073519999999917e+04 1.984150751999999920e+04
-4.810911999999999722e+01 -4.737008000000000152e+01 -1.476182336000000032e+04 7.348083999999999833e+03 -5.485584000000000060e+01 -5.397375999999999863e+01 9.299268799999999828e+03 1.727434479999999894e+04
-1.026929456000000027e+04 -4.384176000000000073e+01 -3.213631999999999778e+01 2.116949088000000120e+04 2.120660975999999937e+04 2.120036367999999857e+04 -5.397375999999999863e+01 3.797711999999999932e+01
-5.032623999999999853e+01 -1.592795695999999953e+04 1.940313760000000184e+04 -4.877664000000000044e+01 -4.918191999999999808e+01 -1.472642095999999947e+04 7.726138719999999921e+03 -5.466512000000000171e+01
-5.433136000000000365e+01 9.503053120000000490e+03 1.737850175999999919e+04 -1.032198096000000078e+04 -4.737008000000000152e+01 -3.435343999999999909e+01 2.122468047999999908e+04 2.126086960000000181e+04
2.125483808000000136e+04 -5.583328000000000202e+01 3.020527999999999835e+01 -5.244800000000000040e+01 -1.591315231999999924e+04 1.897437519999999859e+04 -5.375919999999999987e+01 -5.337776000000000209e+01
